-- phpMyAdmin SQL Dump
-- version 5.2.1
-- https://www.phpmyadmin.net/
--
-- ホスト: mysql327.phy.lolipop.lan
-- 生成日時: 2025 年 11 月 08 日 19:13
-- サーバのバージョン： 8.0.35
-- PHP のバージョン: 8.2.12

SET SQL_MODE = "NO_AUTO_VALUE_ON_ZERO";
START TRANSACTION;
SET time_zone = "+00:00";


/*!40101 SET @OLD_CHARACTER_SET_CLIENT=@@CHARACTER_SET_CLIENT */;
/*!40101 SET @OLD_CHARACTER_SET_RESULTS=@@CHARACTER_SET_RESULTS */;
/*!40101 SET @OLD_COLLATION_CONNECTION=@@COLLATION_CONNECTION */;
/*!40101 SET NAMES utf8mb4 */;

--
-- データベース: `LAA1529361-cheychip`
--

-- --------------------------------------------------------

--
-- テーブルの構造 `avatar_growth_table`
--

CREATE TABLE `avatar_growth_table` (
  `level` int NOT NULL,
  `avatar_filename` varchar(255) NOT NULL
) ENGINE=InnoDB DEFAULT CHARSET=utf8mb4 COLLATE=utf8mb4_0900_ai_ci;

--
-- テーブルのデータのダンプ `avatar_growth_table`
--

INSERT INTO `avatar_growth_table` (`level`, `avatar_filename`) VALUES
(1, 'baby.png');

-- --------------------------------------------------------

--
-- テーブルの構造 `commands`
--

CREATE TABLE `commands` (
  `command_id` int NOT NULL,
  `name` varchar(50) NOT NULL,
  `effect_code` varchar(50) NOT NULL
) ENGINE=InnoDB DEFAULT CHARSET=utf8mb4 COLLATE=utf8mb4_0900_ai_ci;

--
-- テーブルのデータのダンプ `commands`
--

INSERT INTO `commands` (`command_id`, `name`, `effect_code`) VALUES
(1, 'たたかう', 'ATTACK');

-- --------------------------------------------------------

--
-- テーブルの構造 `dungeons`
--

CREATE TABLE `dungeons` (
  `id` int NOT NULL,
  `name` varchar(50) NOT NULL,
  `is_unlocked` tinyint(1) NOT NULL DEFAULT '0' COMMENT '0:未解放, 1:解放済み'
) ENGINE=InnoDB DEFAULT CHARSET=utf8mb4 COLLATE=utf8mb4_0900_ai_ci;

--
-- テーブルのデータのダンプ `dungeons`
--

INSERT INTO `dungeons` (`id`, `name`, `is_unlocked`) VALUES
(1, '草原', 0),
(2, '森', 0),
(3, '森の奥地', 0),
(4, '洞窟', 0),
(5, '洞窟の奥地', 0),
(6, '地底湖', 0),
(7, '地底湖の奥地', 0),
(8, '海岸', 0),
(9, '毒沼', 0),
(10, '毒沼の奥地', 0),
(11, '瓦礫の山', 0),
(12, '瓦礫の山奥地', 0),
(13, '渓谷', 0),
(14, '渓谷の奥地', 0),
(15, '石の森', 0),
(16, '石の森の奥地', 0),
(17, '大きな橋', 0),
(18, '広い草原', 0),
(19, '大きな広場', 0),
(20, '謎の入り口', 0);

-- --------------------------------------------------------

--
-- テーブルの構造 `dungeon_floors`
--

CREATE TABLE `dungeon_floors` (
  `floor_id` int NOT NULL,
  `dungeon_id` int NOT NULL,
  `floor_number` int NOT NULL COMMENT '階層 (1F, 2F...)',
  `completion_reward_item_id` int DEFAULT NULL,
  `completion_reward_gold` int NOT NULL DEFAULT '0',
  `unlocks_dungeon_id` int DEFAULT NULL COMMENT 'クリア時に解放される次のダンジョンID'
) ENGINE=InnoDB DEFAULT CHARSET=utf8mb4 COLLATE=utf8mb4_0900_ai_ci;

--
-- テーブルのデータのダンプ `dungeon_floors`
--

INSERT INTO `dungeon_floors` (`floor_id`, `dungeon_id`, `floor_number`, `completion_reward_item_id`, `completion_reward_gold`, `unlocks_dungeon_id`) VALUES
(1, 1, 1, NULL, 0, NULL),
(2, 1, 2, NULL, 0, NULL),
(3, 1, 3, NULL, 0, NULL),
(4, 1, 4, NULL, 0, NULL),
(5, 1, 5, NULL, 0, NULL),
(6, 1, 6, NULL, 0, NULL),
(7, 1, 7, NULL, 0, NULL),
(8, 1, 8, NULL, 0, NULL),
(9, 1, 9, NULL, 0, NULL),
(10, 1, 10, NULL, 0, 2),
(11, 2, 1, NULL, 0, NULL),
(12, 2, 2, NULL, 0, NULL),
(13, 2, 3, NULL, 0, NULL),
(14, 2, 4, NULL, 0, NULL),
(15, 2, 5, NULL, 0, NULL),
(16, 2, 6, NULL, 0, NULL),
(17, 2, 7, NULL, 0, NULL),
(18, 2, 8, NULL, 0, NULL),
(19, 2, 9, NULL, 0, NULL),
(20, 2, 10, NULL, 0, 3),
(21, 3, 1, NULL, 0, NULL),
(22, 3, 2, NULL, 0, NULL),
(23, 3, 3, NULL, 0, NULL),
(24, 3, 4, NULL, 0, NULL),
(25, 3, 5, NULL, 0, NULL),
(26, 3, 6, NULL, 0, NULL),
(27, 3, 7, NULL, 0, NULL),
(28, 3, 8, NULL, 0, NULL),
(29, 3, 9, NULL, 0, NULL),
(30, 3, 10, NULL, 0, 4),
(31, 4, 1, NULL, 0, NULL),
(32, 4, 2, NULL, 0, NULL),
(33, 4, 3, NULL, 0, NULL),
(34, 4, 4, NULL, 0, NULL),
(35, 4, 5, NULL, 0, NULL),
(36, 4, 6, NULL, 0, NULL),
(37, 4, 7, NULL, 0, NULL),
(38, 4, 8, NULL, 0, NULL),
(39, 4, 9, NULL, 0, NULL),
(40, 4, 10, NULL, 0, 5),
(41, 5, 1, NULL, 0, NULL),
(42, 5, 2, NULL, 0, NULL),
(43, 5, 3, NULL, 0, NULL),
(44, 5, 4, NULL, 0, NULL),
(45, 5, 5, NULL, 0, NULL),
(46, 5, 6, NULL, 0, NULL),
(47, 5, 7, NULL, 0, NULL),
(48, 5, 8, NULL, 0, NULL),
(49, 5, 9, NULL, 0, NULL),
(50, 5, 10, NULL, 0, 6),
(51, 6, 1, NULL, 0, NULL),
(52, 6, 2, NULL, 0, NULL),
(53, 6, 3, NULL, 0, NULL),
(54, 6, 4, NULL, 0, NULL),
(55, 6, 5, NULL, 0, NULL),
(56, 6, 6, NULL, 0, NULL),
(57, 6, 7, NULL, 0, NULL),
(58, 6, 8, NULL, 0, NULL),
(59, 6, 9, NULL, 0, NULL),
(60, 6, 10, NULL, 0, 7),
(61, 7, 1, NULL, 0, NULL),
(62, 7, 2, NULL, 0, NULL),
(63, 7, 3, NULL, 0, NULL),
(64, 7, 4, NULL, 0, NULL),
(65, 7, 5, NULL, 0, NULL),
(66, 7, 6, NULL, 0, NULL),
(67, 7, 7, NULL, 0, NULL),
(68, 7, 8, NULL, 0, NULL),
(69, 7, 9, NULL, 0, NULL),
(70, 7, 10, NULL, 0, 8),
(71, 8, 1, NULL, 0, NULL),
(72, 8, 2, NULL, 0, NULL),
(73, 8, 3, NULL, 0, NULL),
(74, 8, 4, NULL, 0, NULL),
(75, 8, 5, NULL, 0, NULL),
(76, 8, 6, NULL, 0, NULL),
(77, 8, 7, NULL, 0, NULL),
(78, 8, 8, NULL, 0, NULL),
(79, 8, 9, NULL, 0, NULL),
(80, 8, 10, NULL, 0, 9),
(81, 9, 1, NULL, 0, NULL),
(82, 9, 2, NULL, 0, NULL),
(83, 9, 3, NULL, 0, NULL),
(84, 9, 4, NULL, 0, NULL),
(85, 9, 5, NULL, 0, NULL),
(86, 9, 6, NULL, 0, NULL),
(87, 9, 7, NULL, 0, NULL),
(88, 9, 8, NULL, 0, NULL),
(89, 9, 9, NULL, 0, NULL),
(90, 9, 10, NULL, 0, 10),
(91, 10, 1, NULL, 0, NULL),
(92, 10, 2, NULL, 0, NULL),
(93, 10, 3, NULL, 0, NULL),
(94, 10, 4, NULL, 0, NULL),
(95, 10, 5, NULL, 0, NULL),
(96, 10, 6, NULL, 0, NULL),
(97, 10, 7, NULL, 0, NULL),
(98, 10, 8, NULL, 0, NULL),
(99, 10, 9, NULL, 0, NULL),
(100, 10, 10, NULL, 0, 11),
(101, 11, 1, NULL, 0, NULL),
(102, 11, 2, NULL, 0, NULL),
(103, 11, 3, NULL, 0, NULL),
(104, 11, 4, NULL, 0, NULL),
(105, 11, 5, NULL, 0, NULL),
(106, 11, 6, NULL, 0, NULL),
(107, 11, 7, NULL, 0, NULL),
(108, 11, 8, NULL, 0, NULL),
(109, 11, 9, NULL, 0, NULL),
(110, 11, 10, NULL, 0, 12),
(111, 12, 1, NULL, 0, NULL),
(112, 12, 2, NULL, 0, NULL),
(113, 12, 3, NULL, 0, NULL),
(114, 12, 4, NULL, 0, NULL),
(115, 12, 5, NULL, 0, NULL),
(116, 12, 6, NULL, 0, NULL),
(117, 12, 7, NULL, 0, NULL),
(118, 12, 8, NULL, 0, NULL),
(119, 12, 9, NULL, 0, NULL),
(120, 12, 10, NULL, 0, 13),
(121, 13, 1, NULL, 0, NULL),
(122, 13, 2, NULL, 0, NULL),
(123, 13, 3, NULL, 0, NULL),
(124, 13, 4, NULL, 0, NULL),
(125, 13, 5, NULL, 0, NULL),
(126, 13, 6, NULL, 0, NULL),
(127, 13, 7, NULL, 0, NULL),
(128, 13, 8, NULL, 0, NULL),
(129, 13, 9, NULL, 0, NULL),
(130, 13, 10, NULL, 0, 14),
(131, 14, 1, NULL, 0, NULL),
(132, 14, 2, NULL, 0, NULL),
(133, 14, 3, NULL, 0, NULL),
(134, 14, 4, NULL, 0, NULL),
(135, 14, 5, NULL, 0, NULL),
(136, 14, 6, NULL, 0, NULL),
(137, 14, 7, NULL, 0, NULL),
(138, 14, 8, NULL, 0, NULL),
(139, 14, 9, NULL, 0, NULL),
(140, 14, 10, NULL, 0, 15),
(141, 15, 1, NULL, 0, NULL),
(142, 15, 2, NULL, 0, NULL),
(143, 15, 3, NULL, 0, NULL),
(144, 15, 4, NULL, 0, NULL),
(145, 15, 5, NULL, 0, NULL),
(146, 15, 6, NULL, 0, NULL),
(147, 15, 7, NULL, 0, NULL),
(148, 15, 8, NULL, 0, NULL),
(149, 15, 9, NULL, 0, NULL),
(150, 15, 10, NULL, 0, 16),
(151, 16, 1, NULL, 0, NULL),
(152, 16, 2, NULL, 0, NULL),
(153, 16, 3, NULL, 0, NULL),
(154, 16, 4, NULL, 0, NULL),
(155, 16, 5, NULL, 0, NULL),
(156, 16, 6, NULL, 0, NULL),
(157, 16, 7, NULL, 0, NULL),
(158, 16, 8, NULL, 0, NULL),
(159, 16, 9, NULL, 0, NULL),
(160, 16, 10, NULL, 0, 17),
(161, 17, 1, NULL, 0, NULL),
(162, 17, 2, NULL, 0, NULL),
(163, 17, 3, NULL, 0, NULL),
(164, 17, 4, NULL, 0, NULL),
(165, 17, 5, NULL, 0, NULL),
(166, 17, 6, NULL, 0, NULL),
(167, 17, 7, NULL, 0, NULL),
(168, 17, 8, NULL, 0, NULL),
(169, 17, 9, NULL, 0, NULL),
(170, 17, 10, NULL, 0, 18),
(171, 18, 1, NULL, 0, NULL),
(172, 18, 2, NULL, 0, NULL),
(173, 18, 3, NULL, 0, NULL),
(174, 18, 4, NULL, 0, NULL),
(175, 18, 5, NULL, 0, NULL),
(176, 18, 6, NULL, 0, NULL),
(177, 18, 7, NULL, 0, NULL),
(178, 18, 8, NULL, 0, NULL),
(179, 18, 9, NULL, 0, NULL),
(180, 18, 10, NULL, 0, 19),
(181, 19, 1, NULL, 0, NULL),
(182, 19, 2, NULL, 0, NULL),
(183, 19, 3, NULL, 0, NULL),
(184, 19, 4, NULL, 0, NULL),
(185, 19, 5, NULL, 0, NULL),
(186, 19, 6, NULL, 0, NULL),
(187, 19, 7, NULL, 0, NULL),
(188, 19, 8, NULL, 0, NULL),
(189, 19, 9, NULL, 0, NULL),
(190, 19, 10, NULL, 0, 20),
(191, 20, 1, NULL, 0, NULL),
(192, 20, 2, NULL, 0, NULL),
(193, 20, 3, NULL, 0, NULL),
(194, 20, 4, NULL, 0, NULL),
(195, 20, 5, NULL, 0, NULL),
(196, 20, 6, NULL, 0, NULL),
(197, 20, 7, NULL, 0, NULL),
(198, 20, 8, NULL, 0, NULL),
(199, 20, 9, NULL, 0, NULL),
(200, 20, 10, NULL, 0, NULL);

-- --------------------------------------------------------

--
-- テーブルの構造 `experience_table`
--

CREATE TABLE `experience_table` (
  `level` int NOT NULL,
  `required_exp` int NOT NULL
) ENGINE=InnoDB DEFAULT CHARSET=utf8mb4 COLLATE=utf8mb4_0900_ai_ci;

--
-- テーブルのデータのダンプ `experience_table`
--

INSERT INTO `experience_table` (`level`, `required_exp`) VALUES
(2, 10),
(3, 40),
(4, 90),
(5, 160),
(6, 250),
(7, 360),
(8, 490),
(9, 640),
(10, 810),
(11, 1000),
(12, 1210),
(13, 1440),
(14, 1690),
(15, 1960),
(16, 2250),
(17, 2560),
(18, 2890),
(19, 3240),
(20, 3610),
(21, 4000),
(22, 4410),
(23, 4840),
(24, 5290),
(25, 5760),
(26, 6250),
(27, 6760),
(28, 7290),
(29, 7840),
(30, 8410),
(31, 9000),
(32, 9610),
(33, 10240),
(34, 10890),
(35, 11560),
(36, 12250),
(37, 12960),
(38, 13690),
(39, 14440),
(40, 15210),
(41, 16000),
(42, 16810),
(43, 17640),
(44, 18490),
(45, 19360),
(46, 20250),
(47, 21160),
(48, 22090),
(49, 23040),
(50, 24010),
(51, 25000),
(52, 26010),
(53, 27040),
(54, 28090),
(55, 29160),
(56, 30250),
(57, 31360),
(58, 32490),
(59, 33640),
(60, 34810),
(61, 36000),
(62, 37210),
(63, 38440),
(64, 39690),
(65, 40960),
(66, 42250),
(67, 43560),
(68, 44890),
(69, 46240),
(70, 47610),
(71, 49000),
(72, 50410),
(73, 51840),
(74, 53290),
(75, 54760),
(76, 56250),
(77, 57760),
(78, 59290),
(79, 60840),
(80, 62410),
(81, 64000),
(82, 65610),
(83, 67240),
(84, 68890),
(85, 70560),
(86, 72250),
(87, 73960),
(88, 75690),
(89, 77440),
(90, 79210),
(91, 81000),
(92, 82810),
(93, 84640),
(94, 86490),
(95, 88360),
(96, 90250),
(97, 92160),
(98, 94090),
(99, 96040),
(100, 98010),
(101, 100080),
(102, 102250),
(103, 104520),
(104, 106890),
(105, 109360),
(106, 111930),
(107, 114600),
(108, 117370),
(109, 120240),
(110, 123210),
(111, 126280),
(112, 129450),
(113, 132720),
(114, 136090),
(115, 139560),
(116, 143130),
(117, 146800),
(118, 150570),
(119, 154440),
(120, 158410),
(121, 162480),
(122, 166650),
(123, 170920),
(124, 175290),
(125, 179760),
(126, 184330),
(127, 189000),
(128, 193770),
(129, 198640),
(130, 203610),
(131, 208680),
(132, 213850),
(133, 219120),
(134, 224490),
(135, 229960),
(136, 235530),
(137, 241200),
(138, 246970),
(139, 252840),
(140, 258810),
(141, 264880),
(142, 271050),
(143, 277320),
(144, 283690),
(145, 290160),
(146, 296730),
(147, 303400),
(148, 310170),
(149, 317040),
(150, 324010),
(151, 331080),
(152, 338250),
(153, 345520),
(154, 352890),
(155, 360360),
(156, 367930),
(157, 375600),
(158, 383370),
(159, 391240),
(160, 399210),
(161, 407280),
(162, 415450),
(163, 423720),
(164, 432090),
(165, 440560),
(166, 449130),
(167, 457800),
(168, 466570),
(169, 475440),
(170, 484410),
(171, 493480),
(172, 502650),
(173, 511920),
(174, 521290),
(175, 530760),
(176, 540330),
(177, 550000),
(178, 559770),
(179, 569640),
(180, 579610),
(181, 589680),
(182, 599850),
(183, 610120),
(184, 620490),
(185, 630960),
(186, 641530),
(187, 652200),
(188, 662970),
(189, 673840),
(190, 684810),
(191, 695880),
(192, 707050),
(193, 718320),
(194, 729690),
(195, 741160),
(196, 752730),
(197, 764400),
(198, 776170),
(199, 788040),
(200, 800010),
(201, 812080),
(202, 824250),
(203, 836520),
(204, 848890),
(205, 861360),
(206, 873930),
(207, 886600),
(208, 899370),
(209, 912240),
(210, 925210),
(211, 938280),
(212, 951450),
(213, 964720),
(214, 978090),
(215, 991560),
(216, 1005130),
(217, 1018800),
(218, 1032570),
(219, 1046440),
(220, 1060410),
(221, 1074480),
(222, 1088650),
(223, 1102920),
(224, 1117290),
(225, 1131760),
(226, 1146330),
(227, 1161000),
(228, 1175770),
(229, 1190640),
(230, 1205610),
(231, 1220680),
(232, 1235850),
(233, 1251120),
(234, 1266490),
(235, 1281960),
(236, 1297530),
(237, 1313200),
(238, 1328970),
(239, 1344840),
(240, 1360810),
(241, 1376880),
(242, 1393050),
(243, 1409320),
(244, 1425690),
(245, 1442160),
(246, 1458730),
(247, 1475400),
(248, 1492170),
(249, 1509040),
(250, 1526010),
(251, 1543080),
(252, 1560250),
(253, 1577520),
(254, 1594890),
(255, 1612360),
(256, 1629930),
(257, 1647600),
(258, 1665370),
(259, 1683240),
(260, 1701210),
(261, 1719280),
(262, 1737450),
(263, 1755720),
(264, 1774090),
(265, 1792560),
(266, 1811130),
(267, 1829800),
(268, 1848570),
(269, 1867440),
(270, 1886410),
(271, 1905480),
(272, 1924650),
(273, 1943920),
(274, 1963290),
(275, 1982760),
(276, 2002330),
(277, 2022000),
(278, 2041770),
(279, 2061640),
(280, 2081610),
(281, 2101680),
(282, 2121850),
(283, 2142120),
(284, 2162490),
(285, 2182960),
(286, 2203530),
(287, 2224200),
(288, 2244970),
(289, 2265840),
(290, 2286810),
(291, 2307880),
(292, 2329050),
(293, 2350320),
(294, 2371690),
(295, 2393160),
(296, 2414730),
(297, 2436400),
(298, 2458170),
(299, 2480040),
(300, 2502010),
(301, 2524080),
(302, 2546250),
(303, 2568520),
(304, 2590890),
(305, 2613360),
(306, 2635930),
(307, 2658600),
(308, 2681370),
(309, 2704240),
(310, 2727210),
(311, 2750280),
(312, 2773450),
(313, 2796720),
(314, 2820090),
(315, 2843560),
(316, 2867130),
(317, 2890800),
(318, 2914570),
(319, 2938440),
(320, 2962410),
(321, 2986480),
(322, 3010650),
(323, 3034920),
(324, 3059290),
(325, 3083760),
(326, 3108330),
(327, 3133000),
(328, 3157770),
(329, 3182640),
(330, 3207610),
(331, 3232680),
(332, 3257850),
(333, 3283120),
(334, 3308490),
(335, 3333960),
(336, 3359530),
(337, 3385200),
(338, 3410970),
(339, 3436840),
(340, 3462810),
(341, 3488880),
(342, 3515050),
(343, 3541320),
(344, 3567690),
(345, 3594160),
(346, 3620730),
(347, 3647400),
(348, 3674170),
(349, 3701040),
(350, 3728010),
(351, 3755080),
(352, 3782250),
(353, 3809520),
(354, 3836890),
(355, 3864360),
(356, 3891930),
(357, 3919600),
(358, 3947370),
(359, 3975240),
(360, 4003210),
(361, 4031280),
(362, 4059450),
(363, 4087720),
(364, 4116090),
(365, 4144560),
(366, 4173130),
(367, 4201800),
(368, 4230570),
(369, 4259440),
(370, 4288410),
(371, 4317480),
(372, 4346650),
(373, 4375920),
(374, 4405290),
(375, 4434760),
(376, 4464330),
(377, 4494000),
(378, 4523770),
(379, 4553640),
(380, 4583610),
(381, 4613680),
(382, 4643850),
(383, 4674120),
(384, 4704490),
(385, 4734960),
(386, 4765530),
(387, 4796200),
(388, 4826970),
(389, 4857840),
(390, 4888810),
(391, 4919880),
(392, 4951050),
(393, 4982320),
(394, 5013690),
(395, 5045160),
(396, 5076730),
(397, 5108400),
(398, 5140170),
(399, 5172040),
(400, 5204010),
(401, 5236080),
(402, 5268250),
(403, 5300520),
(404, 5332890),
(405, 5365360),
(406, 5397930),
(407, 5430600),
(408, 5463370),
(409, 5496240),
(410, 5529210),
(411, 5562280),
(412, 5595450),
(413, 5628720),
(414, 5662090),
(415, 5695560),
(416, 5729130),
(417, 5762800),
(418, 5796570),
(419, 5830440),
(420, 5864410),
(421, 5898480),
(422, 5932650),
(423, 5966920),
(424, 6001290),
(425, 6035760),
(426, 6070330),
(427, 6105000),
(428, 6139770),
(429, 6174640),
(430, 6209610),
(431, 6244680),
(432, 6279850),
(433, 6315120),
(434, 6350490),
(435, 6385960),
(436, 6421530),
(437, 6457200),
(438, 6492970),
(439, 6528840),
(440, 6564810),
(441, 6600880),
(442, 6637050),
(443, 6673320),
(444, 6709690),
(445, 6746160),
(446, 6782730),
(447, 6819400),
(448, 6856170),
(449, 6893040),
(450, 6930010),
(451, 6967080),
(452, 7004250),
(453, 7041520),
(454, 7078890),
(455, 7116360),
(456, 7153930),
(457, 7191600),
(458, 7229370),
(459, 7267240),
(460, 7305210),
(461, 7343280),
(462, 7381450),
(463, 7419720),
(464, 7458090),
(465, 7496560),
(466, 7535130),
(467, 7573800),
(468, 7612570),
(469, 7651440),
(470, 7690410),
(471, 7729480),
(472, 7768650),
(473, 7807920),
(474, 7847290),
(475, 7886760),
(476, 7926330),
(477, 7966000),
(478, 8005770),
(479, 8045640),
(480, 8085610),
(481, 8125680),
(482, 8165850),
(483, 8206120),
(484, 8246490),
(485, 8286960),
(486, 8327530),
(487, 8368200),
(488, 8408970),
(489, 8449840),
(490, 8490810),
(491, 8531880),
(492, 8573050),
(493, 8614320),
(494, 8655690),
(495, 8697160),
(496, 8738730),
(497, 8780400),
(498, 8822170),
(499, 8864040),
(500, 8906010),
(501, 8948480),
(502, 8991450),
(503, 9034920),
(504, 9078890),
(505, 9123360),
(506, 9168330),
(507, 9213800),
(508, 9259770),
(509, 9306240),
(510, 9353210),
(511, 9400680),
(512, 9448650),
(513, 9497120),
(514, 9546090),
(515, 9595560),
(516, 9645530),
(517, 9696000),
(518, 9746970),
(519, 9798440),
(520, 9850410),
(521, 9902880),
(522, 9955850),
(523, 10009320),
(524, 10063290),
(525, 10117760),
(526, 10172730),
(527, 10228200),
(528, 10284170),
(529, 10340640),
(530, 10397610),
(531, 10455080),
(532, 10513050),
(533, 10571520),
(534, 10630490),
(535, 10689960),
(536, 10749930),
(537, 10810400),
(538, 10871370),
(539, 10932840),
(540, 10994810),
(541, 11057280),
(542, 11120250),
(543, 11183720),
(544, 11247690),
(545, 11312160),
(546, 11377130),
(547, 11442600),
(548, 11508570),
(549, 11575040),
(550, 11642010),
(551, 11709480),
(552, 11777450),
(553, 11845920),
(554, 11914890),
(555, 11984360),
(556, 12054330),
(557, 12124800),
(558, 12195770),
(559, 12267240),
(560, 12339210),
(561, 12411680),
(562, 12484650),
(563, 12558120),
(564, 12632090),
(565, 12706560),
(566, 12781530),
(567, 12857000),
(568, 12932970),
(569, 13009440),
(570, 13086410),
(571, 13163880),
(572, 13241850),
(573, 13320320),
(574, 13399290),
(575, 13478760),
(576, 13558730),
(577, 13639200),
(578, 13720170),
(579, 13801640),
(580, 13883610),
(581, 13966080),
(582, 14049050),
(583, 14132520),
(584, 14216490),
(585, 14300960),
(586, 14385930),
(587, 14471400),
(588, 14557370),
(589, 14643840),
(590, 14730810),
(591, 14818280),
(592, 14906250),
(593, 14994720),
(594, 15083690),
(595, 15173160),
(596, 15263130),
(597, 15353600),
(598, 15444570),
(599, 15536040),
(600, 15628010),
(601, 15720480),
(602, 15813450),
(603, 15906920),
(604, 16000890),
(605, 16095360),
(606, 16190330),
(607, 16285800),
(608, 16381770),
(609, 16478240),
(610, 16575210),
(611, 16672680),
(612, 16770650),
(613, 16869120),
(614, 16968090),
(615, 17067560),
(616, 17167530),
(617, 17268000),
(618, 17368970),
(619, 17470440),
(620, 17572410),
(621, 17674880),
(622, 17777850),
(623, 17881320),
(624, 17985290),
(625, 18089760),
(626, 18194730),
(627, 18300200),
(628, 18406170),
(629, 18512640),
(630, 18619610),
(631, 18727080),
(632, 18835050),
(633, 18943520),
(634, 19052490),
(635, 19161960),
(636, 19271930),
(637, 19382400),
(638, 19493370),
(639, 19604840),
(640, 19716810),
(641, 19829280),
(642, 19942250),
(643, 20055720),
(644, 20169690),
(645, 20284160),
(646, 20399130),
(647, 20514600),
(648, 20630570),
(649, 20747040),
(650, 20864010),
(651, 20981480),
(652, 21099450),
(653, 21217920),
(654, 21336890),
(655, 21456360),
(656, 21576330),
(657, 21696800),
(658, 21817770),
(659, 21939240),
(660, 22061210),
(661, 22183680),
(662, 22306650),
(663, 22430120),
(664, 22554090),
(665, 22678560),
(666, 22803530),
(667, 22929000),
(668, 23054970),
(669, 23181440),
(670, 23308410),
(671, 23435880),
(672, 23563850),
(673, 23692320),
(674, 23821290),
(675, 23950760),
(676, 24080730),
(677, 24211200),
(678, 24342170),
(679, 24473640),
(680, 24605610),
(681, 24738080),
(682, 24871050),
(683, 25004520),
(684, 25138490),
(685, 25272960),
(686, 25407930),
(687, 25543400),
(688, 25679370),
(689, 25815840),
(690, 25952810),
(691, 26090280),
(692, 26228250),
(693, 26366720),
(694, 26505690),
(695, 26645160),
(696, 26785130),
(697, 26925600),
(698, 27066570),
(699, 27208040),
(700, 27350010),
(701, 27492480),
(702, 27635450),
(703, 27778920),
(704, 27922890),
(705, 28067360),
(706, 28212330),
(707, 28357800),
(708, 28503770),
(709, 28650240),
(710, 28797210),
(711, 28944680),
(712, 29092650),
(713, 29241120),
(714, 29390090),
(715, 29539560),
(716, 29689530),
(717, 29840000),
(718, 29990970),
(719, 30142440),
(720, 30294410),
(721, 30446880),
(722, 30599850),
(723, 30753320),
(724, 30907290),
(725, 31061760),
(726, 31216730),
(727, 31372200),
(728, 31528170),
(729, 31684640),
(730, 31841610),
(731, 31999080),
(732, 32157050),
(733, 32315520),
(734, 32474490),
(735, 32633960),
(736, 32793930),
(737, 32954400),
(738, 33115370),
(739, 33276840),
(740, 33438810),
(741, 33601280),
(742, 33764250),
(743, 33927720),
(744, 34091690),
(745, 34256160),
(746, 34421130),
(747, 34586600),
(748, 34752570),
(749, 34919040),
(750, 35086010),
(751, 35253480),
(752, 35421450),
(753, 35589920),
(754, 35758890),
(755, 35928360),
(756, 36098330),
(757, 36268800),
(758, 36439770),
(759, 36611240),
(760, 36783210),
(761, 36955680),
(762, 37128650),
(763, 37302120),
(764, 37476090),
(765, 37650560),
(766, 37825530),
(767, 38001000),
(768, 38176970),
(769, 38353440),
(770, 38530410),
(771, 38707880),
(772, 38885850),
(773, 39064320),
(774, 39243290),
(775, 39422760),
(776, 39602730),
(777, 39783200),
(778, 39964170),
(779, 40145640),
(780, 40327610),
(781, 40510080),
(782, 40693050),
(783, 40876520),
(784, 41060490),
(785, 41244960),
(786, 41429930),
(787, 41615400),
(788, 41801370),
(789, 41987840),
(790, 42174810),
(791, 42362280),
(792, 42550250),
(793, 42738720),
(794, 42927690),
(795, 43117160),
(796, 43307130),
(797, 43497600),
(798, 43688570),
(799, 43880040),
(800, 44072010),
(801, 44264480),
(802, 44457450),
(803, 44650920),
(804, 44844890),
(805, 45039360),
(806, 45234330),
(807, 45429800),
(808, 45625770),
(809, 45822240),
(810, 46019210),
(811, 46216680),
(812, 46414650),
(813, 46613120),
(814, 46812090),
(815, 47011560),
(816, 47211530),
(817, 47412000),
(818, 47612970),
(819, 47814440),
(820, 48016410),
(821, 48218880),
(822, 48421850),
(823, 48625320),
(824, 48829290),
(825, 49033760),
(826, 49238730),
(827, 49444200),
(828, 49650170),
(829, 49856640),
(830, 50063610),
(831, 50271080),
(832, 50479050),
(833, 50687520),
(834, 50896490),
(835, 51105960),
(836, 51315930),
(837, 51526400),
(838, 51737370),
(839, 51948840),
(840, 52160810),
(841, 52373280),
(842, 52586250),
(843, 52799720),
(844, 53013690),
(845, 53228160),
(846, 53443130),
(847, 53658600),
(848, 53874570),
(849, 54091040),
(850, 54308010),
(851, 54525480),
(852, 54743450),
(853, 54961920),
(854, 55180890),
(855, 55400360),
(856, 55620330),
(857, 55840800),
(858, 56061770),
(859, 56283240),
(860, 56505210),
(861, 56727680),
(862, 56950650),
(863, 57174120),
(864, 57398090),
(865, 57622560),
(866, 57847530),
(867, 58073000),
(868, 58298970),
(869, 58525440),
(870, 58752410),
(871, 58979880),
(872, 59207850),
(873, 59436320),
(874, 59665290),
(875, 59894760),
(876, 60124730),
(877, 60355200),
(878, 60586170),
(879, 60817640),
(880, 61049610),
(881, 61282080),
(882, 61515050),
(883, 61748520),
(884, 61982490),
(885, 62216960),
(886, 62451930),
(887, 62687400),
(888, 62923370),
(889, 63159840),
(890, 63396810),
(891, 63634280),
(892, 63872250),
(893, 64110720),
(894, 64349690),
(895, 64589160),
(896, 64829130),
(897, 65069600),
(898, 65310570),
(899, 65552040),
(900, 65794010),
(901, 66036480),
(902, 66279450),
(903, 66522920),
(904, 66766890),
(905, 67011360),
(906, 67256330),
(907, 67501800),
(908, 67747770),
(909, 67994240),
(910, 68241210),
(911, 68488680),
(912, 68736650),
(913, 68985120),
(914, 69234090),
(915, 69483560),
(916, 69733530),
(917, 69984000),
(918, 70234970),
(919, 70486440),
(920, 70738410),
(921, 70990880),
(922, 71243850),
(923, 71497320),
(924, 71751290),
(925, 72005760),
(926, 72260730),
(927, 72516200),
(928, 72772170),
(929, 73028640),
(930, 73285610),
(931, 73543080),
(932, 73801050),
(933, 74059520),
(934, 74318490),
(935, 74577960),
(936, 74837930),
(937, 75098400),
(938, 75359370),
(939, 75620840),
(940, 75882810),
(941, 76145280),
(942, 76408250),
(943, 76671720),
(944, 76935690),
(945, 77200160),
(946, 77465130),
(947, 77730600),
(948, 77996570),
(949, 78263040),
(950, 78530010),
(951, 78797480),
(952, 79065450),
(953, 79333920),
(954, 79602890),
(955, 79872360),
(956, 80142330),
(957, 80412800),
(958, 80683770),
(959, 80955240),
(960, 81227210),
(961, 81499680),
(962, 81772650),
(963, 82046120),
(964, 82320090),
(965, 82594560),
(966, 82869530),
(967, 83145000),
(968, 83420970),
(969, 83697440),
(970, 83974410),
(971, 84251880),
(972, 84529850),
(973, 84808320),
(974, 85087290),
(975, 85366760),
(976, 85646730),
(977, 85927200),
(978, 86208170),
(979, 86489640),
(980, 86771610),
(981, 87054080),
(982, 87337050),
(983, 87620520),
(984, 87904490),
(985, 88188960),
(986, 88473930),
(987, 88759400),
(988, 89045370),
(989, 89331840),
(990, 89618810),
(991, 89906280),
(992, 90194250),
(993, 90482720),
(994, 90771690),
(995, 91061160),
(996, 91351130),
(997, 91641600),
(998, 91932570),
(999, 92224040),
(1000, 92516010);

-- --------------------------------------------------------

--
-- テーブルの構造 `floor_monsters`
--

CREATE TABLE `floor_monsters` (
  `dungeon_id` int NOT NULL,
  `monster_id` int NOT NULL
) ENGINE=InnoDB DEFAULT CHARSET=utf8mb4 COLLATE=utf8mb4_0900_ai_ci;

--
-- テーブルのデータのダンプ `floor_monsters`
--

INSERT INTO `floor_monsters` (`dungeon_id`, `monster_id`) VALUES
(1, 1),
(2, 2),
(6, 2),
(3, 3),
(6, 3),
(7, 3),
(3, 4),
(6, 4),
(7, 4),
(4, 5),
(6, 5),
(7, 5),
(8, 5),
(6, 6),
(7, 6),
(8, 6),
(9, 6),
(10, 6),
(8, 7),
(9, 7),
(10, 7),
(11, 7),
(12, 7),
(9, 8),
(10, 8),
(11, 8),
(12, 8),
(13, 8),
(12, 9),
(13, 9),
(14, 9),
(15, 9),
(16, 9),
(15, 10),
(16, 10),
(17, 10),
(18, 10),
(19, 10),
(20, 11),
(20, 12),
(20, 13),
(10, 15),
(11, 15),
(12, 15),
(13, 15),
(14, 15),
(12, 16),
(13, 16),
(14, 16),
(15, 16),
(16, 16),
(13, 17),
(14, 17),
(15, 17),
(16, 17),
(17, 17),
(14, 18),
(15, 18),
(16, 18),
(17, 18),
(18, 18),
(15, 19),
(16, 19),
(17, 19),
(18, 19),
(19, 19),
(16, 20),
(17, 20),
(18, 20),
(19, 20),
(20, 20),
(18, 21),
(19, 21),
(20, 21),
(5, 27),
(6, 27),
(7, 27),
(8, 27),
(9, 27),
(12, 28),
(13, 28),
(14, 28),
(15, 28),
(16, 28),
(15, 29),
(16, 29),
(17, 29),
(18, 29),
(19, 29),
(18, 30),
(19, 30),
(20, 30),
(20, 31),
(3, 39),
(6, 39),
(7, 39),
(4, 40),
(6, 40),
(7, 40),
(8, 40),
(6, 41),
(7, 41),
(8, 41),
(9, 41),
(10, 41),
(10, 42),
(11, 42),
(12, 42),
(13, 42),
(14, 42),
(14, 43),
(15, 43),
(16, 43),
(17, 43),
(18, 43),
(17, 44),
(18, 44),
(19, 44),
(20, 44),
(20, 45),
(2, 52),
(6, 52),
(3, 53),
(6, 53),
(7, 53),
(5, 54),
(6, 54),
(7, 54),
(8, 54),
(9, 54),
(7, 55),
(8, 55),
(9, 55),
(10, 55),
(11, 55),
(9, 56),
(10, 56),
(11, 56),
(12, 56),
(13, 56),
(11, 57),
(12, 57),
(13, 57),
(14, 57),
(15, 57),
(14, 58),
(15, 58),
(16, 58),
(17, 58),
(18, 58),
(19, 59),
(20, 59),
(8, 64),
(9, 64),
(10, 64),
(11, 64),
(12, 64),
(10, 65),
(11, 65),
(12, 65),
(13, 65),
(14, 65),
(12, 66),
(13, 66),
(14, 66),
(15, 66),
(16, 66),
(15, 67),
(16, 67),
(17, 67),
(18, 67),
(19, 67),
(18, 68),
(19, 68),
(20, 68),
(20, 69),
(13, 77),
(14, 77),
(15, 77),
(16, 77),
(17, 77),
(13, 78),
(14, 78),
(15, 78),
(16, 78),
(17, 78),
(13, 79),
(14, 79),
(15, 79),
(16, 79),
(17, 79),
(13, 80),
(14, 80),
(15, 80),
(16, 80),
(17, 80),
(7, 89),
(8, 89),
(9, 89),
(10, 89),
(11, 89),
(10, 90),
(11, 90),
(12, 90),
(13, 90),
(14, 90),
(13, 91),
(14, 91),
(15, 91),
(16, 91),
(17, 91),
(16, 92),
(17, 92),
(18, 92),
(19, 92),
(20, 92),
(19, 93),
(20, 93),
(1, 101),
(2, 102),
(6, 102),
(3, 103),
(6, 103),
(7, 103),
(3, 104),
(6, 104),
(7, 104),
(4, 105),
(6, 105),
(7, 105),
(8, 105),
(6, 106),
(7, 106),
(8, 106),
(9, 106),
(10, 106),
(8, 107),
(9, 107),
(10, 107),
(11, 107),
(12, 107),
(9, 108),
(10, 108),
(11, 108),
(12, 108),
(13, 108),
(12, 109),
(13, 109),
(14, 109),
(15, 109),
(16, 109),
(15, 110),
(16, 110),
(17, 110),
(18, 110),
(19, 110),
(20, 111),
(20, 112),
(20, 113),
(10, 115),
(11, 115),
(12, 115),
(13, 115),
(14, 115),
(12, 116),
(13, 116),
(14, 116),
(15, 116),
(16, 116),
(13, 117),
(14, 117),
(15, 117),
(16, 117),
(17, 117),
(14, 118),
(15, 118),
(16, 118),
(17, 118),
(18, 118),
(15, 119),
(16, 119),
(17, 119),
(18, 119),
(19, 119),
(16, 120),
(17, 120),
(18, 120),
(19, 120),
(20, 120),
(18, 121),
(19, 121),
(20, 121),
(5, 127),
(6, 127),
(7, 127),
(8, 127),
(9, 127),
(12, 128),
(13, 128),
(14, 128),
(15, 128),
(16, 128),
(15, 129),
(16, 129),
(17, 129),
(18, 129),
(19, 129),
(18, 130),
(19, 130),
(20, 130),
(20, 131),
(3, 139),
(6, 139),
(7, 139),
(4, 140),
(6, 140),
(7, 140),
(8, 140),
(6, 141),
(7, 141),
(8, 141),
(9, 141),
(10, 141),
(10, 142),
(11, 142),
(12, 142),
(13, 142),
(14, 142),
(14, 143),
(15, 143),
(16, 143),
(17, 143),
(18, 143),
(17, 144),
(18, 144),
(19, 144),
(20, 144),
(20, 145),
(2, 152),
(6, 152),
(3, 153),
(6, 153),
(7, 153),
(5, 154),
(6, 154),
(7, 154),
(8, 154),
(9, 154),
(7, 155),
(8, 155),
(9, 155),
(10, 155),
(11, 155),
(9, 156),
(10, 156),
(11, 156),
(12, 156),
(13, 156),
(11, 157),
(12, 157),
(13, 157),
(14, 157),
(15, 157),
(14, 158),
(15, 158),
(16, 158),
(17, 158),
(18, 158),
(19, 159),
(20, 159),
(8, 164),
(9, 164),
(10, 164),
(11, 164),
(12, 164),
(10, 165),
(11, 165),
(12, 165),
(13, 165),
(14, 165),
(12, 166),
(13, 166),
(14, 166),
(15, 166),
(16, 166),
(15, 167),
(16, 167),
(17, 167),
(18, 167),
(19, 167),
(18, 168),
(19, 168),
(20, 168),
(20, 169),
(13, 177),
(14, 177),
(15, 177),
(16, 177),
(17, 177),
(13, 178),
(14, 178),
(15, 178),
(16, 178),
(17, 178),
(13, 179),
(14, 179),
(15, 179),
(16, 179),
(17, 179),
(13, 180),
(14, 180),
(15, 180),
(16, 180),
(17, 180),
(7, 189),
(8, 189),
(9, 189),
(10, 189),
(11, 189),
(10, 190),
(11, 190),
(12, 190),
(13, 190),
(14, 190),
(13, 191),
(14, 191),
(15, 191),
(16, 191),
(17, 191),
(16, 192),
(17, 192),
(18, 192),
(19, 192),
(20, 192),
(19, 193),
(20, 193),
(1, 201),
(2, 202),
(6, 202),
(3, 203),
(6, 203),
(7, 203),
(3, 204),
(6, 204),
(7, 204),
(4, 205),
(6, 205),
(7, 205),
(8, 205),
(6, 206),
(7, 206),
(8, 206),
(9, 206),
(10, 206),
(8, 207),
(9, 207),
(10, 207),
(11, 207),
(12, 207),
(9, 208),
(10, 208),
(11, 208),
(12, 208),
(13, 208),
(12, 209),
(13, 209),
(14, 209),
(15, 209),
(16, 209),
(15, 210),
(16, 210),
(17, 210),
(18, 210),
(19, 210),
(20, 211),
(20, 212),
(20, 213),
(10, 215),
(11, 215),
(12, 215),
(13, 215),
(14, 215),
(12, 216),
(13, 216),
(14, 216),
(15, 216),
(16, 216),
(13, 217),
(14, 217),
(15, 217),
(16, 217),
(17, 217),
(14, 218),
(15, 218),
(16, 218),
(17, 218),
(18, 218),
(15, 219),
(16, 219),
(17, 219),
(18, 219),
(19, 219),
(16, 220),
(17, 220),
(18, 220),
(19, 220),
(20, 220),
(18, 221),
(19, 221),
(20, 221),
(5, 227),
(6, 227),
(7, 227),
(8, 227),
(9, 227),
(12, 228),
(13, 228),
(14, 228),
(15, 228),
(16, 228),
(15, 229),
(16, 229),
(17, 229),
(18, 229),
(19, 229),
(18, 230),
(19, 230),
(20, 230),
(20, 231),
(3, 239),
(6, 239),
(7, 239),
(4, 240),
(6, 240),
(7, 240),
(8, 240),
(6, 241),
(7, 241),
(8, 241),
(9, 241),
(10, 241),
(10, 242),
(11, 242),
(12, 242),
(13, 242),
(14, 242),
(14, 243),
(15, 243),
(16, 243),
(17, 243),
(18, 243),
(17, 244),
(18, 244),
(19, 244),
(20, 244),
(20, 245),
(2, 252),
(6, 252),
(3, 253),
(6, 253),
(7, 253),
(5, 254),
(6, 254),
(7, 254),
(8, 254),
(9, 254),
(7, 255),
(8, 255),
(9, 255),
(10, 255),
(11, 255),
(9, 256),
(10, 256),
(11, 256),
(12, 256),
(13, 256),
(11, 257),
(12, 257),
(13, 257),
(14, 257),
(15, 257),
(14, 258),
(15, 258),
(16, 258),
(17, 258),
(18, 258),
(19, 259),
(20, 259),
(8, 264),
(9, 264),
(10, 264),
(11, 264),
(12, 264),
(10, 265),
(11, 265),
(12, 265),
(13, 265),
(14, 265),
(12, 266),
(13, 266),
(14, 266),
(15, 266),
(16, 266),
(15, 267),
(16, 267),
(17, 267),
(18, 267),
(19, 267),
(18, 268),
(19, 268),
(20, 268),
(20, 269),
(13, 277),
(14, 277),
(15, 277),
(16, 277),
(17, 277),
(13, 278),
(14, 278),
(15, 278),
(16, 278),
(17, 278),
(13, 279),
(14, 279),
(15, 279),
(16, 279),
(17, 279),
(13, 280),
(14, 280),
(15, 280),
(16, 280),
(17, 280),
(7, 289),
(8, 289),
(9, 289),
(10, 289),
(11, 289),
(10, 290),
(11, 290),
(12, 290),
(13, 290),
(14, 290),
(13, 291),
(14, 291),
(15, 291),
(16, 291),
(17, 291),
(16, 292),
(17, 292),
(18, 292),
(19, 292),
(20, 292),
(19, 293),
(20, 293);

-- --------------------------------------------------------

--
-- テーブルの構造 `items`
--

CREATE TABLE `items` (
  `id` int NOT NULL,
  `name` varchar(100) NOT NULL,
  `type` enum('equipment','usable','etc') NOT NULL,
  `equip_slot` varchar(50) DEFAULT NULL,
  `base_atk` int NOT NULL DEFAULT '0',
  `base_def` int NOT NULL DEFAULT '0',
  `guaranteed_hp_max` int NOT NULL DEFAULT '0',
  `guaranteed_strength` int NOT NULL DEFAULT '0',
  `guaranteed_vitality` int NOT NULL DEFAULT '0',
  `guaranteed_intelligence` int NOT NULL DEFAULT '0',
  `guaranteed_speed` int NOT NULL DEFAULT '0',
  `guaranteed_luck` int NOT NULL DEFAULT '0',
  `guaranteed_charisma` int NOT NULL DEFAULT '0',
  `random_option_min_count` int NOT NULL DEFAULT '0' COMMENT 'ランダムオプションの最小個数',
  `random_option_max_count` int NOT NULL DEFAULT '0' COMMENT 'ランダムオプションの最大個数',
  `buy_price` int NOT NULL DEFAULT '0' COMMENT '購入価格 (0=非売品)'
) ENGINE=InnoDB DEFAULT CHARSET=utf8mb4 COLLATE=utf8mb4_0900_ai_ci;

--
-- テーブルのデータのダンプ `items`
--

INSERT INTO `items` (`id`, `name`, `type`, `equip_slot`, `base_atk`, `base_def`, `guaranteed_hp_max`, `guaranteed_strength`, `guaranteed_vitality`, `guaranteed_intelligence`, `guaranteed_speed`, `guaranteed_luck`, `guaranteed_charisma`, `random_option_min_count`, `random_option_max_count`, `buy_price`) VALUES
(1, 'ショートソード', 'equipment', 'right_hand', 5, 0, 0, 1, 0, 0, 0, 0, 0, 1, 3, 100),
(2, '木の棒', 'equipment', 'right_hand', 2, 0, 0, 0, 0, 1, 0, 0, 0, 0, 0, 60),
(3, 'ダガー', 'equipment', 'right_hand', 5, 0, 0, 0, 0, 0, 2, 1, 0, 0, 1, 10),
(4, 'ショートソード', 'equipment', 'right_hand', 8, 0, 0, 1, 0, 0, 0, 0, 0, 1, 1, 50),
(5, 'メイス', 'equipment', 'right_hand', 10, 0, 0, 2, 0, 0, -1, 0, 0, 1, 1, 300),
(6, 'ブロードソード', 'equipment', 'right_hand', 14, 0, 0, 2, 0, 0, 0, 0, 0, 1, 2, 450),
(7, 'アイアンアックス', 'equipment', 'right_hand', 18, 0, 0, 3, 0, 0, -2, 0, 0, 1, 2, 250),
(8, '魔術師の杖', 'equipment', 'right_hand', 4, 0, 10, 0, 0, 5, 0, 0, 0, 1, 3, 200),
(9, 'ロングソード', 'equipment', 'right_hand', 22, 0, 0, 5, 2, 0, 0, 0, 0, 2, 3, 800),
(10, 'ウォーハンマー', 'equipment', 'right_hand', 30, 0, 0, 8, 0, 0, -5, 0, 0, 1, 3, 1200),
(11, 'アサシンダガー', 'equipment', 'right_hand', 12, 0, 0, 1, 0, 0, 10, 5, 0, 2, 4, 700),
(12, 'カタナ', 'equipment', 'right_hand', 35, 0, 0, 8, 0, 0, 12, 0, 0, 3, 4, 900),
(13, 'グレートソード', 'equipment', 'right_hand', 48, 0, 0, 15, 5, 0, -8, 0, 0, 2, 4, 0),
(14, '木製シールド', 'equipment', 'left_hand', 0, 3, 0, 0, 1, 0, 0, 0, 0, 0, 1, 0),
(15, 'バックラー', 'equipment', 'left_hand', 0, 5, 0, 0, 0, 0, 1, 0, 0, 1, 1, 0),
(16, 'アイアンシールド', 'equipment', 'left_hand', 0, 10, 0, 0, 3, 0, 0, 0, 0, 0, 1, 0),
(17, 'ラウンドシールド', 'equipment', 'left_hand', 0, 8, 10, 0, 2, 0, 0, 0, 0, 1, 2, 0),
(18, 'カイトシールド', 'equipment', 'left_hand', 0, 14, 0, 0, 5, 0, 0, 0, 0, 1, 2, 0),
(19, '魔道書（初級）', 'equipment', 'left_hand', 1, 1, 10, 0, 0, 3, 0, 0, 0, 2, 2, 0),
(20, 'ナイトシールド', 'equipment', 'left_hand', 0, 25, 20, 0, 10, 0, 0, 0, 0, 1, 2, 0),
(21, 'タワーシールド', 'equipment', 'left_hand', 0, 35, 0, 0, 15, 0, -5, 0, 0, 1, 3, 0),
(22, 'ミラーシールド', 'equipment', 'left_hand', 0, 20, 0, 0, 0, 10, 0, 5, 0, 2, 3, 0),
(23, 'ブラッディシールド', 'equipment', 'left_hand', 5, 15, 0, 5, 0, 0, 0, 0, 0, 2, 4, 0),
(24, 'ルーンシールド', 'equipment', 'left_hand', 0, 30, 50, 0, 5, 10, 0, 0, 0, 2, 3, 0),
(25, 'オーラシールド', 'equipment', 'left_hand', 0, 40, 100, 0, 10, 0, 0, 0, 0, 3, 4, 0),
(26, '布の頭巾', 'equipment', 'head_top', 0, 1, 0, 0, 0, 1, 0, 0, 0, 0, 0, 0),
(27, 'バンダナ', 'equipment', 'head_top', 0, 1, 0, 0, 0, 0, 1, 0, 0, 0, 1, 0),
(28, 'レザーハット', 'equipment', 'head_top', 0, 2, 0, 0, 0, 0, 0, 1, 0, 1, 1, 0),
(29, 'アイアンヘルム', 'equipment', 'head_top', 0, 5, 0, 0, 2, 0, 0, 0, 0, 0, 1, 0),
(30, 'サークレット', 'equipment', 'head_top', 0, 2, 10, 0, 0, 3, 0, 0, 0, 1, 2, 0),
(31, '羽根帽子', 'equipment', 'head_top', 0, 3, 0, 0, 0, 0, 3, 2, 0, 1, 2, 0),
(32, 'ボーンヘルム', 'equipment', 'head_top', 0, 8, 0, 3, 0, 0, 0, 0, 0, 1, 2, 0),
(33, 'フルフェイスヘルム', 'equipment', 'head_top', 0, 12, 0, 0, 5, 0, -2, 0, 0, 1, 3, 0),
(34, '魔術師の帽子', 'equipment', 'head_top', 0, 4, 30, 0, 0, 8, 0, 0, 0, 2, 3, 0),
(35, 'ティアラ', 'equipment', 'head_top', 0, 3, 20, 0, 0, 3, 0, 0, 5, 2, 3, 0),
(36, '黄金の冠', 'equipment', 'head_top', 0, 6, 0, 0, 0, 0, 0, 5, 5, 3, 4, 0),
(37, 'ミスリルヘルム', 'equipment', 'head_top', 0, 18, 0, 0, 8, 0, 0, 0, 0, 2, 4, 0),
(38, 'サングラス', 'equipment', 'head_middle', 0, 1, 0, 0, 0, 0, 0, 1, 0, 0, 0, 0),
(39, '眼帯', 'equipment', 'head_middle', 0, 0, 0, 1, 0, 0, 0, 0, 0, 0, 1, 0),
(40, '片眼鏡', 'equipment', 'head_middle', 0, 1, 0, 0, 0, 1, 0, 0, 0, 0, 1, 0),
(41, 'ゴーグル', 'equipment', 'head_middle', 0, 2, 0, 0, 1, 0, 0, 0, 0, 1, 1, 0),
(42, 'オペラマスク', 'equipment', 'head_middle', 0, 1, 0, 0, 0, 0, 0, 0, 2, 1, 1, 0),
(43, '学者メガネ', 'equipment', 'head_middle', 0, 1, 0, 0, 0, 3, 0, 0, 0, 1, 2, 0),
(44, '暗視スコープ', 'equipment', 'head_middle', 0, 2, 0, 0, 0, 0, 0, 3, 0, 2, 2, 0),
(45, '怒りの仮面', 'equipment', 'head_middle', 0, 1, 0, 3, 0, 0, 0, 0, 0, 1, 2, 0),
(46, 'インテリメガネ', 'equipment', 'head_middle', 0, 2, 0, 0, 0, 5, 0, 0, 0, 2, 3, 0),
(47, 'モノクル', 'equipment', 'head_middle', 0, 1, 0, 0, 0, 2, 0, 2, 2, 2, 3, 0),
(48, 'スナイパーゴーグル', 'equipment', 'head_middle', 0, 3, 0, 2, 0, 0, 5, 0, 0, 3, 4, 0),
(49, 'オーラバイザー', 'equipment', 'head_middle', 0, 5, 20, 0, 0, 0, 0, 0, 0, 3, 4, 0),
(50, '布のマスク', 'equipment', 'head_bottom', 0, 1, 0, 0, 0, 0, 0, 0, 0, 0, 0, 0),
(51, 'タバコ', 'equipment', 'head_bottom', 0, 0, 0, 0, 0, 0, 0, 0, 1, 0, 1, 0),
(52, 'ガスマスク', 'equipment', 'head_bottom', 0, 3, 0, 0, 1, 0, 0, 0, 0, 0, 1, 0),
(53, '鉄のマスク', 'equipment', 'head_bottom', 0, 3, 0, 0, 1, 0, 0, 0, 0, 0, 1, 0),
(54, 'スカーフ', 'equipment', 'head_bottom', 0, 1, 0, 0, 0, 0, 1, 0, 0, 1, 1, 0),
(55, 'ヒゲ', 'equipment', 'head_bottom', 0, 1, 0, 0, 0, 0, 0, 0, 3, 1, 1, 0),
(56, 'シャープなヒゲ', 'equipment', 'head_bottom', 0, 1, 0, 1, 0, 0, 0, 0, 1, 1, 2, 0),
(57, 'スチールマスク', 'equipment', 'head_bottom', 0, 6, 0, 0, 3, 0, 0, 0, 0, 1, 2, 0),
(58, '術師の襟巻', 'equipment', 'head_bottom', 0, 2, 10, 0, 0, 2, 0, 0, 0, 2, 3, 0),
(59, 'ロイヤルスカーフ', 'equipment', 'head_bottom', 0, 3, 0, 0, 0, 0, 0, 3, 3, 2, 3, 0),
(60, 'プラチナマスク', 'equipment', 'head_bottom', 0, 8, 0, 0, 5, 0, 0, 0, 0, 2, 4, 0),
(61, '暗殺者のマスク', 'equipment', 'head_bottom', 0, 4, 0, 0, 0, 0, 3, 3, 0, 3, 4, 0),
(62, 'ネックレス', 'equipment', 'neck', 0, 0, 5, 0, 0, 0, 0, 0, 0, 0, 1, 0),
(63, '幸運のお守り', 'equipment', 'neck', 0, 0, 0, 0, 0, 0, 0, 2, 0, 0, 1, 0),
(64, '魔力のネックレス', 'equipment', 'neck', 0, 0, 10, 0, 0, 2, 0, 0, 0, 1, 1, 0),
(65, '体力のアミュレット', 'equipment', 'neck', 0, 0, 20, 0, 2, 0, 0, 0, 0, 1, 1, 0),
(66, 'ドッグタグ', 'equipment', 'neck', 0, 0, 0, 2, 0, 0, 0, 0, 0, 1, 1, 0),
(67, 'チョーカー', 'equipment', 'neck', 0, 1, 5, 0, 0, 0, 1, 0, 0, 1, 2, 0),
(68, '銀のロザリオ', 'equipment', 'neck', 0, 2, 20, 0, 0, 3, 0, 3, 0, 2, 2, 0),
(69, 'ゴールドチェーン', 'equipment', 'neck', 0, 0, 0, 0, 0, 0, 0, 0, 5, 2, 2, 0),
(70, 'スピードペンダント', 'equipment', 'neck', 0, 0, 0, 0, 0, 0, 5, 0, 0, 2, 3, 0),
(71, '賢者のネックレス', 'equipment', 'neck', 0, 0, 50, 0, 0, 10, 0, 0, 0, 3, 3, 0),
(72, '戦士の紋章', 'equipment', 'neck', 0, 0, 30, 8, 3, 0, 0, 0, 0, 3, 4, 0),
(73, '王家のネックレス', 'equipment', 'neck', 0, 3, 50, 3, 3, 3, 3, 3, 3, 4, 4, 0),
(74, '布の服', 'equipment', 'body', 0, 3, 10, 0, 1, 0, 0, 0, 0, 0, 1, 0),
(75, 'レザーアーマー', 'equipment', 'body', 0, 8, 0, 1, 2, 0, 0, 0, 0, 1, 1, 0),
(76, 'ローブ', 'equipment', 'body', 0, 4, 20, 0, 0, 3, 0, 0, 0, 1, 2, 0),
(77, 'チェインメイル', 'equipment', 'body', 0, 15, 0, 3, 3, 0, -2, 0, 0, 1, 2, 0),
(78, '冒険者の服', 'equipment', 'body', 0, 10, 10, 2, 2, 2, 2, 2, 2, 2, 2, 0),
(79, 'プレートアーマー', 'equipment', 'body', 0, 25, 0, 5, 8, 0, -5, 0, 0, 1, 3, 0),
(80, '魔術師のローブ', 'equipment', 'body', 0, 8, 100, 0, 0, 10, 0, 0, 0, 2, 3, 0),
(81, 'ニンジャスーツ', 'equipment', 'body', 0, 12, 0, 3, 0, 0, 8, 3, 0, 2, 4, 0),
(82, 'スチールメイル', 'equipment', 'body', 0, 35, 0, 0, 15, 0, -3, 0, 0, 2, 3, 0),
(83, 'シルクのローブ', 'equipment', 'body', 0, 10, 50, 0, 0, 12, 5, 0, 0, 3, 4, 0),
(84, 'ミスリルアーマー', 'equipment', 'body', 0, 45, 0, 0, 10, 0, 0, 0, 0, 3, 4, 0),
(85, 'オリハルコンメイル', 'equipment', 'body', 0, 60, 50, 10, 20, 0, -5, 0, 0, 3, 5, 0),
(86, 'リストバンド', 'equipment', 'arm', 0, 0, 0, 0, 0, 0, 1, 0, 0, 0, 0, 0),
(87, '革の腕当て', 'equipment', 'arm', 0, 1, 0, 1, 0, 0, 0, 0, 0, 0, 0, 0),
(88, 'アイアンガントレット', 'equipment', 'arm', 1, 3, 0, 2, 0, 0, -1, 0, 0, 0, 1, 0),
(89, 'マジックグローブ', 'equipment', 'arm', 0, 1, 10, 0, 0, 2, 0, 0, 0, 1, 1, 0),
(90, 'ブレスレット', 'equipment', 'arm', 0, 1, 0, 0, 1, 1, 0, 0, 0, 1, 1, 0),
(91, 'スチールガントレット', 'equipment', 'arm', 2, 6, 0, 5, 0, 0, -2, 0, 0, 1, 2, 0),
(92, 'シルバーブレス', 'equipment', 'arm', 0, 2, 20, 0, 0, 3, 0, 3, 0, 2, 2, 0),
(93, 'アサシンアーム', 'equipment', 'arm', 1, 3, 0, 0, 0, 0, 5, 3, 0, 2, 3, 0),
(94, 'パワーリスト', 'equipment', 'arm', 3, 2, 0, 8, 0, 0, 0, 0, 0, 2, 3, 0),
(95, 'ミスリルガントレット', 'equipment', 'arm', 3, 10, 0, 5, 3, 0, -1, 0, 0, 2, 4, 0),
(96, 'ルーンブレス', 'equipment', 'arm', 0, 5, 50, 0, 0, 8, 0, 0, 0, 3, 4, 0),
(97, 'オーラガントレット', 'equipment', 'arm', 5, 12, 30, 8, 8, 0, 0, 0, 0, 3, 5, 0),
(98, 'ロープベルト', 'equipment', 'waist', 0, 0, 5, 0, 1, 0, 0, 0, 0, 0, 0, 0),
(99, 'レザーベルト', 'equipment', 'waist', 0, 1, 10, 1, 1, 0, 0, 0, 0, 1, 1, 0),
(100, 'アイアンベルト', 'equipment', 'waist', 0, 3, 0, 2, 2, 0, 0, 0, 0, 1, 1, 0),
(101, 'マジックベルト', 'equipment', 'waist', 0, 1, 30, 0, 0, 3, 0, 0, 0, 1, 2, 0),
(102, 'スピードベルト', 'equipment', 'waist', 0, 1, 0, 0, 0, 0, 3, 1, 0, 2, 2, 0),
(103, 'スチールベルト', 'equipment', 'waist', 0, 5, 0, 3, 5, 0, 0, 0, 0, 1, 2, 0),
(104, 'ルーンベルト', 'equipment', 'waist', 0, 3, 50, 0, 0, 5, 0, 0, 0, 2, 3, 0),
(105, 'ミスリルベルト', 'equipment', 'waist', 0, 8, 0, 0, 8, 0, 0, 0, 0, 2, 3, 0),
(106, 'チャンピオンベルト', 'equipment', 'waist', 2, 5, 20, 10, 5, 0, 0, 0, 0, 3, 4, 0),
(107, 'オーラベルト', 'equipment', 'waist', 0, 6, 80, 5, 5, 5, 0, 0, 0, 3, 4, 0),
(108, '暗黒帯', 'equipment', 'waist', 5, 5, 0, 12, 0, 0, 3, 0, 0, 3, 5, 0),
(109, '天使のベルト', 'equipment', 'waist', 0, 8, 150, 0, 10, 0, 0, 5, 0, 4, 5, 0),
(110, 'コットンタイツ', 'equipment', 'leg', 0, 1, 0, 0, 0, 0, 1, 0, 0, 0, 0, 0),
(111, 'レザーパンツ', 'equipment', 'leg', 0, 3, 0, 0, 2, 0, 0, 0, 0, 1, 1, 0),
(112, 'チェインタイツ', 'equipment', 'leg', 0, 5, 0, 1, 1, 0, -1, 0, 0, 1, 1, 0),
(113, 'マジックタイツ', 'equipment', 'leg', 0, 2, 20, 0, 0, 2, 0, 0, 0, 1, 2, 0),
(114, 'スチールパンツ', 'equipment', 'leg', 0, 10, 0, 0, 5, 0, -2, 0, 0, 1, 2, 0),
(115, 'ニンジャタイツ', 'equipment', 'leg', 0, 4, 0, 0, 0, 0, 5, 2, 0, 2, 3, 0),
(116, 'プレートレッグ', 'equipment', 'leg', 0, 18, 0, 3, 8, 0, -3, 0, 0, 1, 3, 0),
(117, 'ミスリルタイツ', 'equipment', 'leg', 0, 12, 0, 0, 5, 0, 2, 0, 0, 2, 4, 0),
(118, 'ルーンタイツ', 'equipment', 'leg', 0, 8, 50, 0, 0, 5, 0, 0, 0, 3, 4, 0),
(119, '暗黒のタイツ', 'equipment', 'leg', 2, 10, 0, 5, 0, 0, 3, 0, 0, 3, 5, 0),
(120, '天使のタイツ', 'equipment', 'leg', 0, 15, 100, 0, 8, 0, 0, 5, 0, 4, 5, 0),
(121, 'オリハルコンレッグ', 'equipment', 'leg', 0, 30, 0, 5, 15, 0, -5, 0, 0, 3, 5, 0),
(122, 'サンダル', 'equipment', 'foot', 0, 0, 0, 0, 0, 0, 1, 0, 0, 0, 0, 0),
(123, '革の靴', 'equipment', 'foot', 0, 1, 0, 0, 0, 0, 1, 0, 0, 0, 1, 0),
(124, 'ブーツ', 'equipment', 'foot', 0, 2, 0, 0, 1, 0, 1, 0, 0, 1, 1, 0),
(125, 'アイゼン', 'equipment', 'foot', 1, 1, 0, 1, 0, 0, 0, 0, 0, 1, 1, 0),
(126, 'スチールブーツ', 'equipment', 'foot', 0, 5, 0, 0, 3, 0, -1, 0, 0, 1, 2, 0),
(127, 'マジックシューズ', 'equipment', 'foot', 0, 2, 20, 0, 0, 2, 1, 0, 0, 2, 2, 0),
(128, 'スピードブーツ', 'equipment', 'foot', 0, 2, 0, 0, 0, 0, 5, 0, 0, 2, 3, 0),
(129, 'プレートグリーブ', 'equipment', 'foot', 0, 10, 0, 2, 5, 0, -3, 0, 0, 1, 3, 0),
(130, 'ウイングブーツ', 'equipment', 'foot', 0, 4, 0, 0, 0, 0, 10, 3, 0, 3, 4, 0),
(131, 'ミスリルブーツ', 'equipment', 'foot', 0, 12, 0, 0, 5, 0, 0, 0, 0, 2, 4, 0),
(132, 'ルーンシューズ', 'equipment', 'foot', 0, 6, 50, 0, 0, 5, 2, 0, 0, 3, 4, 0),
(133, 'オリハルコンブーツ', 'equipment', 'foot', 0, 20, 0, 5, 10, 0, -5, 0, 0, 3, 5, 0),
(134, '力の指輪', 'equipment', 'accessory1', 0, 0, 0, 2, 0, 0, 0, 0, 0, 0, 0, 0),
(135, '素早さの指輪', 'equipment', 'accessory1', 0, 0, 0, 0, 0, 0, 2, 0, 0, 0, 0, 0),
(136, 'パワーリング', 'equipment', 'accessory1', 0, 0, 0, 5, 0, 0, 0, 0, 0, 1, 1, 0),
(137, 'スピードリング', 'equipment', 'accessory1', 0, 0, 0, 0, 0, 0, 5, 0, 0, 1, 1, 0),
(138, 'ピアス', 'equipment', 'accessory1', 0, 0, 0, 0, 0, 1, 0, 0, 1, 1, 1, 0),
(139, 'アサシンリング', 'equipment', 'accessory1', 0, 0, 0, 3, 0, 0, 3, 3, 0, 2, 2, 0),
(140, 'ファイアリング', 'equipment', 'accessory1', 0, 0, 0, 5, 0, 5, 0, 0, 0, 2, 3, 0),
(141, 'アイスリング', 'equipment', 'accessory1', 0, 0, 0, 0, 5, 5, 0, 0, 0, 2, 3, 0),
(142, 'マイトリング', 'equipment', 'accessory1', 0, 0, 0, 10, 0, 0, 0, 0, 0, 3, 3, 0),
(143, 'ラピッドリング', 'equipment', 'accessory1', 0, 0, 0, 0, 0, 0, 10, 0, 0, 3, 3, 0),
(144, 'ブラッディリング', 'equipment', 'accessory1', 0, 0, 50, 12, 0, 0, 0, 0, 0, 3, 4, 0),
(145, 'オーラリング', 'equipment', 'accessory1', 0, 0, 30, 5, 5, 5, 5, 5, 5, 4, 5, 0),
(146, '体力の指輪', 'equipment', 'accessory2', 0, 0, 0, 0, 2, 0, 0, 0, 0, 0, 0, 0),
(147, '賢さの指輪', 'equipment', 'accessory2', 0, 0, 0, 0, 0, 2, 0, 0, 0, 0, 0, 0),
(148, 'バイタルリング', 'equipment', 'accessory2', 0, 0, 30, 0, 5, 0, 0, 0, 0, 1, 1, 0),
(149, 'インテリリング', 'equipment', 'accessory2', 0, 0, 20, 0, 0, 5, 0, 0, 0, 1, 1, 0),
(150, 'イヤリング', 'equipment', 'accessory2', 0, 0, 10, 0, 0, 1, 0, 0, 1, 1, 1, 0),
(151, 'ラックリング', 'equipment', 'accessory2', 0, 0, 0, 0, 0, 0, 0, 5, 0, 2, 2, 0),
(152, 'チャームネックレス', 'equipment', 'accessory2', 0, 0, 0, 0, 0, 0, 0, 0, 5, 2, 2, 0),
(153, 'プロテクトリング', 'equipment', 'accessory2', 0, 5, 50, 0, 8, 0, 0, 0, 0, 2, 3, 0),
(154, 'マジックリング', 'equipment', 'accessory2', 0, 0, 80, 0, 0, 8, 0, 0, 0, 2, 3, 0),
(155, 'クリティカルリング', 'equipment', 'accessory2', 0, 0, 0, 0, 0, 0, 0, 10, 0, 3, 3, 0),
(156, 'ゴージャスリング', 'equipment', 'accessory2', 0, 0, 0, 0, 0, 0, 0, 0, 10, 3, 4, 0),
(157, 'ホーリーリング', 'equipment', 'accessory2', 0, 3, 100, 0, 10, 5, 0, 5, 0, 4, 5, 0);

-- --------------------------------------------------------

--
-- テーブルの構造 `monsters`
--

CREATE TABLE `monsters` (
  `id` int NOT NULL,
  `name` varchar(50) NOT NULL,
  `level` int NOT NULL,
  `exp` int NOT NULL,
  `hp` int NOT NULL,
  `atk` int NOT NULL,
  `def` int NOT NULL,
  `strength` int NOT NULL,
  `vitality` int NOT NULL,
  `intelligence` int NOT NULL,
  `speed` int NOT NULL,
  `luck` int NOT NULL,
  `charisma` int NOT NULL,
  `gold` int NOT NULL,
  `passive_skill_1` int NOT NULL DEFAULT '0',
  `passive_skill_2` int NOT NULL DEFAULT '0',
  `passive_skill_3` int NOT NULL DEFAULT '0',
  `active_skill_1` int NOT NULL DEFAULT '0',
  `active_skill_2` int NOT NULL DEFAULT '0',
  `active_skill_3` int NOT NULL DEFAULT '0',
  `image` varchar(255) NOT NULL
) ENGINE=InnoDB DEFAULT CHARSET=utf8mb4 COLLATE=utf8mb4_0900_ai_ci;

--
-- テーブルのデータのダンプ `monsters`
--

INSERT INTO `monsters` (`id`, `name`, `level`, `exp`, `hp`, `atk`, `def`, `strength`, `vitality`, `intelligence`, `speed`, `luck`, `charisma`, `gold`, `passive_skill_1`, `passive_skill_2`, `passive_skill_3`, `active_skill_1`, `active_skill_2`, `active_skill_3`, `image`) VALUES
(1, 'スライム', 1, 10, 100, 60, 40, 40, 60, 40, 60, 80, 20, 5, 0, 0, 0, 0, 0, 0, 'slime.png'),
(2, 'アメーバ', 2, 20, 200, 120, 80, 80, 120, 80, 120, 160, 40, 10, 0, 0, 0, 0, 0, 0, 'slime.png'),
(3, 'レッドゼリー', 3, 30, 300, 180, 120, 120, 180, 120, 180, 240, 60, 15, 0, 0, 0, 0, 0, 0, 'slime.png'),
(4, 'ブルーゼリー', 3, 30, 300, 180, 120, 120, 180, 120, 180, 240, 60, 15, 0, 0, 0, 0, 0, 0, 'slime.png'),
(5, 'グリーンウーズ', 4, 40, 400, 240, 160, 160, 240, 160, 240, 320, 80, 20, 0, 0, 0, 0, 0, 0, 'slime.png'),
(6, 'バブリングウーズ', 6, 60, 600, 360, 240, 240, 360, 240, 360, 480, 120, 30, 0, 0, 0, 0, 0, 0, 'slime.png'),
(7, 'ポイズンブロブ', 8, 80, 800, 480, 320, 320, 480, 320, 480, 640, 160, 40, 0, 0, 0, 0, 0, 0, 'slime.png'),
(8, 'マッドブロブ', 9, 90, 900, 540, 360, 360, 540, 360, 540, 720, 180, 45, 0, 0, 0, 0, 0, 0, 'slime.png'),
(9, 'アシッドスライム', 12, 120, 1200, 720, 480, 480, 720, 480, 720, 960, 240, 60, 0, 0, 0, 0, 0, 0, 'slime.png'),
(10, 'メタルブロブ', 15, 150, 10, 0, 4800, 0, 0, 0, 600, 600, 0, 75, 0, 0, 0, 0, 0, 0, 'slime.png'),
(11, 'ルビースライム', 20, 200, 2000, 1200, 800, 800, 1200, 800, 1200, 1600, 400, 100, 0, 0, 0, 0, 0, 0, 'slime.png'),
(12, 'サファイアスライム', 20, 200, 2000, 1200, 800, 800, 1200, 800, 1200, 1600, 400, 100, 0, 0, 0, 0, 0, 0, 'slime.png'),
(13, 'エメラルドスライム', 20, 200, 2000, 1200, 800, 800, 1200, 800, 1200, 1600, 400, 100, 0, 0, 0, 0, 0, 0, 'slime.png'),
(14, 'キングゼリー', 25, 250, 2500, 1500, 1000, 1000, 1500, 1000, 1500, 2000, 500, 125, 0, 0, 0, 0, 0, 0, 'slime.png'),
(15, 'リザードマン', 10, 100, 1000, 800, 400, 800, 600, 200, 800, 200, 200, 50, 0, 0, 0, 0, 0, 0, 'slime.png'),
(16, 'ゲッコーアサシン', 12, 120, 1200, 960, 480, 960, 720, 240, 960, 240, 240, 60, 0, 0, 0, 0, 0, 0, 'slime.png'),
(17, 'リザードアーチャー', 13, 130, 1300, 1040, 520, 1040, 780, 260, 1040, 260, 260, 65, 0, 0, 0, 0, 0, 0, 'slime.png'),
(18, 'イグアナガード', 14, 140, 1400, 1120, 560, 1120, 840, 280, 1120, 280, 280, 70, 0, 0, 0, 0, 0, 0, 'slime.png'),
(19, 'リザードウォリアー', 15, 150, 1500, 1200, 600, 1200, 900, 300, 1200, 300, 300, 75, 0, 0, 0, 0, 0, 0, 'slime.png'),
(20, 'リザードシャーマン', 16, 160, 1600, 1280, 640, 1280, 960, 320, 1280, 320, 320, 80, 0, 0, 0, 0, 0, 0, 'slime.png'),
(21, 'スケイルファイター', 18, 180, 1800, 1440, 720, 1440, 1080, 360, 1440, 360, 360, 90, 0, 0, 0, 0, 0, 0, 'slime.png'),
(22, 'ラプトル', 22, 220, 2200, 1760, 880, 1760, 1320, 440, 1760, 440, 440, 110, 0, 0, 0, 0, 0, 0, 'slime.png'),
(23, 'コモドウォリアー', 25, 250, 2500, 2000, 1000, 2000, 1500, 500, 2000, 500, 500, 125, 0, 0, 0, 0, 0, 0, 'slime.png'),
(24, 'クロコディリアン', 28, 280, 2800, 2240, 1120, 2240, 1680, 560, 2240, 560, 560, 140, 0, 0, 0, 0, 0, 0, 'slime.png'),
(25, 'サラマンダー', 30, 300, 3000, 2400, 1200, 2400, 1800, 600, 2400, 600, 600, 150, 0, 0, 0, 0, 0, 0, 'slime.png'),
(26, '竜人兵', 35, 350, 3500, 2800, 1400, 2800, 2100, 700, 2800, 700, 700, 175, 0, 0, 0, 0, 0, 0, 'slime.png'),
(27, 'スパイクバード', 5, 50, 500, 300, 100, 200, 200, 100, 800, 200, 100, 25, 0, 0, 0, 0, 0, 0, 'slime.png'),
(28, 'ハーピー', 12, 120, 1200, 720, 240, 480, 480, 240, 1920, 480, 240, 60, 0, 0, 0, 0, 0, 0, 'slime.png'),
(29, 'ハーピーレディ', 15, 150, 1500, 900, 300, 600, 600, 300, 2400, 600, 300, 75, 0, 0, 0, 0, 0, 0, 'slime.png'),
(30, 'カースドレイブン', 18, 180, 1800, 1080, 360, 720, 720, 360, 2880, 720, 360, 90, 0, 0, 0, 0, 0, 0, 'slime.png'),
(31, 'スティンクバード', 20, 200, 2000, 1200, 400, 800, 800, 400, 3200, 800, 400, 100, 0, 0, 0, 0, 0, 0, 'slime.png'),
(32, 'フライングホラー', 24, 240, 2400, 1440, 480, 960, 960, 480, 3840, 960, 480, 120, 0, 0, 0, 0, 0, 0, 'slime.png'),
(33, 'ストームイーグル', 28, 280, 2800, 1680, 560, 1120, 1120, 560, 4480, 1120, 560, 140, 0, 0, 0, 0, 0, 0, 'slime.png'),
(34, 'グリフォン', 33, 330, 3300, 1980, 660, 1320, 1320, 660, 5280, 1320, 660, 165, 0, 0, 0, 0, 0, 0, 'slime.png'),
(35, 'ロック', 38, 380, 3800, 2280, 760, 1520, 1520, 760, 6080, 1520, 760, 190, 0, 0, 0, 0, 0, 0, 'slime.png'),
(36, 'ストームバード', 40, 400, 4000, 2400, 800, 1600, 1600, 800, 6400, 1600, 800, 200, 0, 0, 0, 0, 0, 0, 'slime.png'),
(37, 'ワイバーン', 42, 420, 4200, 2520, 840, 1680, 1680, 840, 6720, 1680, 840, 210, 0, 0, 0, 0, 0, 0, 'slime.png'),
(38, 'フェニックス', 48, 480, 2400, 1920, 0, 0, 1920, 3840, 7680, 0, 3840, 240, 0, 0, 0, 0, 0, 0, 'slime.png'),
(39, 'ジャイアントラット', 3, 30, 300, 300, 120, 300, 240, 0, 120, 60, 60, 15, 0, 0, 0, 0, 0, 0, 'slime.png'),
(40, 'ジャイアントビー', 4, 40, 400, 400, 160, 400, 320, 0, 160, 80, 80, 20, 0, 0, 0, 0, 0, 0, 'slime.png'),
(41, 'ヴァンパイアバット', 6, 60, 600, 600, 240, 600, 480, 0, 240, 120, 120, 30, 0, 0, 0, 0, 0, 0, 'slime.png'),
(42, 'ジャイアントスネーク', 10, 100, 1000, 1000, 400, 1000, 800, 0, 400, 200, 200, 50, 0, 0, 0, 0, 0, 0, 'slime.png'),
(43, 'スカルウルフ', 14, 140, 1400, 1400, 560, 1400, 1120, 0, 560, 280, 280, 70, 0, 0, 0, 0, 0, 0, 'slime.png'),
(44, 'ウルフライダー', 17, 170, 1700, 1700, 680, 1700, 1360, 0, 680, 340, 340, 85, 0, 0, 0, 0, 0, 0, 'slime.png'),
(45, 'ヘルハウンド', 20, 200, 2000, 2000, 800, 2000, 1600, 0, 800, 400, 400, 100, 0, 0, 0, 0, 0, 0, 'slime.png'),
(46, 'ライノソルジャー', 23, 230, 2300, 2300, 920, 2300, 1840, 0, 920, 460, 460, 115, 0, 0, 0, 0, 0, 0, 'slime.png'),
(47, 'サーベルタイガー', 27, 270, 2700, 2700, 1080, 2700, 2160, 0, 1080, 540, 540, 135, 0, 0, 0, 0, 0, 0, 'slime.png'),
(48, 'マンモス', 32, 320, 3200, 3200, 1280, 3200, 2560, 0, 1280, 640, 640, 160, 0, 0, 0, 0, 0, 0, 'slime.png'),
(49, 'キマイラ', 38, 380, 3800, 3800, 1520, 3800, 3040, 0, 1520, 760, 760, 190, 0, 0, 0, 0, 0, 0, 'slime.png'),
(50, 'ケルベロス', 44, 440, 4400, 4400, 1760, 4400, 3520, 0, 1760, 880, 880, 220, 0, 0, 0, 0, 0, 0, 'slime.png'),
(51, 'ベヒーモス', 49, 490, 4900, 4900, 1960, 4900, 3920, 0, 1960, 980, 980, 245, 0, 0, 0, 0, 0, 0, 'slime.png'),
(52, 'スプラウト', 2, 20, 200, 80, 120, 80, 200, 160, 0, 80, 80, 10, 0, 0, 0, 0, 0, 0, 'slime.png'),
(53, 'スポア', 3, 30, 300, 120, 180, 120, 300, 240, 0, 120, 120, 15, 0, 0, 0, 0, 0, 0, 'slime.png'),
(54, 'ファンガス', 5, 50, 500, 200, 300, 200, 500, 400, 0, 200, 200, 25, 0, 0, 0, 0, 0, 0, 'slime.png'),
(55, 'マンドラ', 7, 70, 700, 280, 420, 280, 700, 560, 0, 280, 280, 35, 0, 0, 0, 0, 0, 0, 'slime.png'),
(56, 'ポイズンアイビー', 9, 90, 900, 360, 540, 360, 900, 720, 0, 360, 360, 45, 0, 0, 0, 0, 0, 0, 'slime.png'),
(57, 'モスブロブ', 11, 110, 1100, 440, 660, 440, 1100, 880, 0, 440, 440, 55, 0, 0, 0, 0, 0, 0, 'slime.png'),
(58, 'サボテンソルジャー', 14, 140, 1400, 560, 840, 560, 1400, 1120, 0, 560, 560, 70, 0, 0, 0, 0, 0, 0, 'slime.png'),
(59, 'カーニバルプラント', 19, 190, 1900, 760, 1140, 760, 1900, 1520, 0, 760, 760, 95, 0, 0, 0, 0, 0, 0, 'slime.png'),
(60, 'ラフレシア', 24, 240, 2400, 960, 1440, 960, 2400, 1920, 0, 960, 960, 120, 0, 0, 0, 0, 0, 0, 'slime.png'),
(61, 'ドライアド', 26, 260, 2600, 1040, 1560, 1040, 2600, 2080, 0, 1040, 1040, 130, 0, 0, 0, 0, 0, 0, 'slime.png'),
(62, 'トレント', 30, 300, 3000, 1200, 1800, 1200, 3000, 2400, 0, 1200, 1200, 150, 0, 0, 0, 0, 0, 0, 'slime.png'),
(63, '世界樹の若木', 35, 350, 3500, 1400, 2100, 1400, 3500, 2800, 0, 1400, 1400, 175, 0, 0, 0, 0, 0, 0, 'slime.png'),
(64, 'クレイフィギュア', 8, 80, 800, 320, 960, 480, 800, 0, 0, 320, 320, 40, 0, 0, 0, 0, 0, 0, 'slime.png'),
(65, 'パペット', 10, 100, 1000, 400, 1200, 600, 1000, 0, 0, 400, 400, 50, 0, 0, 0, 0, 0, 0, 'slime.png'),
(66, 'マリオネット', 12, 120, 1200, 480, 1440, 720, 1200, 0, 0, 480, 480, 60, 0, 0, 0, 0, 0, 0, 'slime.png'),
(67, 'ポルターガイスト', 15, 150, 1500, 600, 1800, 900, 1500, 0, 0, 600, 600, 75, 0, 0, 0, 0, 0, 0, 'slime.png'),
(68, 'カースドミラー', 18, 180, 1800, 720, 2160, 1080, 1800, 0, 0, 720, 720, 90, 0, 0, 0, 0, 0, 0, 'slime.png'),
(69, 'トレジャーボックス', 20, 200, 2000, 0, 2400, 0, 1600, 0, 0, 4000, 0, 100, 0, 0, 0, 0, 0, 0, 'slime.png'),
(70, 'ストーンスタチュー', 22, 220, 2200, 880, 2640, 1320, 2200, 0, 0, 880, 880, 110, 0, 0, 0, 0, 0, 0, 'slime.png'),
(71, 'ストーンガーディアン', 25, 250, 2500, 1000, 3000, 1500, 2500, 0, 0, 1000, 1000, 125, 0, 0, 0, 0, 0, 0, 'slime.png'),
(72, 'デスドール', 28, 280, 2800, 1120, 3360, 1680, 2800, 0, 0, 1120, 1120, 140, 0, 0, 0, 0, 0, 0, 'slime.png'),
(73, 'リビングアーマー', 30, 300, 3000, 1200, 3600, 1800, 3000, 0, 0, 1200, 1200, 150, 0, 0, 0, 0, 0, 0, 'slime.png'),
(74, 'アイアンサーバント', 33, 330, 3300, 1320, 3960, 1980, 3300, 0, 0, 1320, 1320, 165, 0, 0, 0, 0, 0, 0, 'slime.png'),
(75, 'オートマタ', 36, 360, 3600, 1440, 4320, 2160, 3600, 0, 0, 1440, 1440, 180, 0, 0, 0, 0, 0, 0, 'slime.png'),
(76, 'クリスタルビースト', 40, 400, 4000, 1600, 4800, 2400, 4000, 0, 0, 1600, 1600, 200, 0, 0, 0, 0, 0, 0, 'slime.png'),
(77, 'ウィンドスピリット', 13, 130, 1300, 1040, 520, 260, 520, 1560, 780, 260, 260, 65, 0, 0, 0, 0, 0, 0, 'slime.png'),
(78, 'アーススピリット', 13, 130, 1300, 1040, 520, 260, 520, 1560, 780, 260, 260, 65, 0, 0, 0, 0, 0, 0, 'slime.png'),
(79, 'ウォータースピリット', 13, 130, 1300, 1040, 520, 260, 520, 1560, 780, 260, 260, 65, 0, 0, 0, 0, 0, 0, 'slime.png'),
(80, 'ファイアスピリット', 13, 130, 1300, 1040, 520, 260, 520, 1560, 780, 260, 260, 65, 0, 0, 0, 0, 0, 0, 'slime.png'),
(81, 'ノーム（土の精霊）', 22, 220, 2200, 1760, 880, 440, 880, 2640, 1320, 440, 440, 110, 0, 0, 0, 0, 0, 0, 'slime.png'),
(82, 'ジン（風の魔人）', 23, 230, 2300, 1840, 920, 460, 920, 2760, 1380, 460, 460, 115, 0, 0, 0, 0, 0, 0, 'slime.png'),
(83, 'アイスソウル', 25, 250, 2500, 2000, 1000, 500, 1000, 3000, 1500, 500, 500, 125, 0, 0, 0, 0, 0, 0, 'slime.png'),
(84, 'フレイムソウル', 25, 250, 2500, 2000, 1000, 500, 1000, 3000, 1500, 500, 500, 125, 0, 0, 0, 0, 0, 0, 'slime.png'),
(85, 'サンダースピリット', 30, 300, 3000, 2400, 1200, 600, 1200, 3600, 1800, 600, 600, 150, 0, 0, 0, 0, 0, 0, 'slime.png'),
(86, 'アイスデーモン', 38, 380, 3800, 3040, 1520, 760, 1520, 4560, 2280, 760, 760, 190, 0, 0, 0, 0, 0, 0, 'slime.png'),
(87, 'フレイムデーモン', 38, 380, 3800, 3040, 1520, 760, 1520, 4560, 2280, 760, 760, 190, 0, 0, 0, 0, 0, 0, 'slime.png'),
(88, 'カオスエレメンタル', 46, 460, 4600, 3680, 1840, 920, 1840, 5520, 2760, 920, 920, 230, 0, 0, 0, 0, 0, 0, 'slime.png'),
(89, 'シーホース', 7, 70, 700, 560, 420, 420, 560, 280, 280, 140, 140, 35, 0, 0, 0, 0, 0, 0, 'slime.png'),
(90, 'ジャイアントクラブ', 10, 100, 1000, 800, 600, 600, 800, 400, 400, 200, 200, 50, 0, 0, 0, 0, 0, 0, 'slime.png'),
(91, 'スパイクシェル', 13, 130, 1300, 1040, 780, 780, 1040, 520, 520, 260, 260, 65, 0, 0, 0, 0, 0, 0, 'slime.png'),
(92, 'デビルフィッシュ', 16, 160, 1600, 1280, 960, 960, 1280, 640, 640, 320, 320, 80, 0, 0, 0, 0, 0, 0, 'slime.png'),
(93, 'アングラー', 19, 190, 1900, 1520, 1140, 1140, 1520, 760, 760, 380, 380, 95, 0, 0, 0, 0, 0, 0, 'slime.png'),
(94, 'サハギン', 21, 210, 2100, 1680, 1260, 1260, 1680, 840, 840, 420, 420, 105, 0, 0, 0, 0, 0, 0, 'slime.png'),
(95, 'セイレーン', 24, 240, 2400, 1920, 1440, 1440, 1920, 960, 960, 480, 480, 120, 0, 0, 0, 0, 0, 0, 'slime.png'),
(96, 'コーラルガーディアン', 29, 290, 2900, 2320, 1740, 1740, 2320, 1160, 1160, 580, 580, 145, 0, 0, 0, 0, 0, 0, 'slime.png'),
(97, 'シーサーペント', 34, 340, 3400, 2720, 2040, 2040, 2720, 1360, 1360, 680, 680, 170, 0, 0, 0, 0, 0, 0, 'slime.png'),
(98, 'デプスウォーカー', 39, 390, 3900, 3120, 2340, 2340, 3120, 1560, 1560, 780, 780, 195, 0, 0, 0, 0, 0, 0, 'slime.png'),
(99, 'ジャイアントスクイド', 43, 430, 4300, 3440, 2580, 2580, 3440, 1720, 1720, 860, 860, 215, 0, 0, 0, 0, 0, 0, 'slime.png'),
(100, 'リヴァイアサン', 50, 500, 5000, 4000, 3000, 3000, 4000, 2000, 2000, 1000, 1000, 250, 0, 0, 0, 0, 0, 0, 'slime.png'),
(101, 'スライム', 1, 10, 100, 60, 40, 40, 60, 40, 60, 80, 20, 5, 0, 0, 0, 0, 0, 0, ''),
(102, 'アメーバ', 2, 20, 200, 120, 80, 80, 120, 80, 120, 160, 40, 10, 0, 0, 0, 0, 0, 0, ''),
(103, 'レッドゼリー', 3, 30, 300, 180, 120, 120, 180, 120, 180, 240, 60, 15, 0, 0, 0, 0, 0, 0, ''),
(104, 'ブルーゼリー', 3, 30, 300, 180, 120, 120, 180, 120, 180, 240, 60, 15, 0, 0, 0, 0, 0, 0, ''),
(105, 'グリーンウーズ', 4, 40, 400, 240, 160, 160, 240, 160, 240, 320, 80, 20, 0, 0, 0, 0, 0, 0, ''),
(106, 'バブリングウーズ', 6, 60, 600, 360, 240, 240, 360, 240, 360, 480, 120, 30, 0, 0, 0, 0, 0, 0, ''),
(107, 'ポイズンブロブ', 8, 80, 800, 480, 320, 320, 480, 320, 480, 640, 160, 40, 0, 0, 0, 0, 0, 0, ''),
(108, 'マッドブロブ', 9, 90, 900, 540, 360, 360, 540, 360, 540, 720, 180, 45, 0, 0, 0, 0, 0, 0, ''),
(109, 'アシッドスライム', 12, 120, 1200, 720, 480, 480, 720, 480, 720, 960, 240, 60, 0, 0, 0, 0, 0, 0, ''),
(110, 'メタルブロブ', 15, 150, 10, 0, 4800, 0, 0, 0, 600, 600, 0, 75, 0, 0, 0, 0, 0, 0, ''),
(111, 'ルビースライム', 20, 200, 2000, 1200, 800, 800, 1200, 800, 1200, 1600, 400, 100, 0, 0, 0, 0, 0, 0, ''),
(112, 'サファイアスライム', 20, 200, 2000, 1200, 800, 800, 1200, 800, 1200, 1600, 400, 100, 0, 0, 0, 0, 0, 0, ''),
(113, 'エメラルドスライム', 20, 200, 2000, 1200, 800, 800, 1200, 800, 1200, 1600, 400, 100, 0, 0, 0, 0, 0, 0, ''),
(114, 'キングゼリー', 25, 250, 2500, 1500, 1000, 1000, 1500, 1000, 1500, 2000, 500, 125, 0, 0, 0, 0, 0, 0, ''),
(115, 'リザードマン', 10, 100, 1000, 800, 400, 800, 600, 200, 800, 200, 200, 50, 0, 0, 0, 0, 0, 0, ''),
(116, 'ゲッコーアサシン', 12, 120, 1200, 960, 480, 960, 720, 240, 960, 240, 240, 60, 0, 0, 0, 0, 0, 0, ''),
(117, 'リザードアーチャー', 13, 130, 1300, 1040, 520, 1040, 780, 260, 1040, 260, 260, 65, 0, 0, 0, 0, 0, 0, ''),
(118, 'イグアナガード', 14, 140, 1400, 1120, 560, 1120, 840, 280, 1120, 280, 280, 70, 0, 0, 0, 0, 0, 0, ''),
(119, 'リザードウォリアー', 15, 150, 1500, 1200, 600, 1200, 900, 300, 1200, 300, 300, 75, 0, 0, 0, 0, 0, 0, ''),
(120, 'リザードシャーマン', 16, 160, 1600, 1280, 640, 1280, 960, 320, 1280, 320, 320, 80, 0, 0, 0, 0, 0, 0, ''),
(121, 'スケイルファイター', 18, 180, 1800, 1440, 720, 1440, 1080, 360, 1440, 360, 360, 90, 0, 0, 0, 0, 0, 0, ''),
(122, 'ラプトル', 22, 220, 2200, 1760, 880, 1760, 1320, 440, 1760, 440, 440, 110, 0, 0, 0, 0, 0, 0, ''),
(123, 'コモドウォリアー', 25, 250, 2500, 2000, 1000, 2000, 1500, 500, 2000, 500, 500, 125, 0, 0, 0, 0, 0, 0, ''),
(124, 'クロコディリアン', 28, 280, 2800, 2240, 1120, 2240, 1680, 560, 2240, 560, 560, 140, 0, 0, 0, 0, 0, 0, ''),
(125, 'サラマンダー', 30, 300, 3000, 2400, 1200, 2400, 1800, 600, 2400, 600, 600, 150, 0, 0, 0, 0, 0, 0, ''),
(126, '竜人兵', 35, 350, 3500, 2800, 1400, 2800, 2100, 700, 2800, 700, 700, 175, 0, 0, 0, 0, 0, 0, ''),
(127, 'スパイクバード', 5, 50, 500, 300, 100, 200, 200, 100, 800, 200, 100, 25, 0, 0, 0, 0, 0, 0, ''),
(128, 'ハーピー', 12, 120, 1200, 720, 240, 480, 480, 240, 1920, 480, 240, 60, 0, 0, 0, 0, 0, 0, ''),
(129, 'ハーピーレディ', 15, 150, 1500, 900, 300, 600, 600, 300, 2400, 600, 300, 75, 0, 0, 0, 0, 0, 0, ''),
(130, 'カースドレイブン', 18, 180, 1800, 1080, 360, 720, 720, 360, 2880, 720, 360, 90, 0, 0, 0, 0, 0, 0, ''),
(131, 'スティンクバード', 20, 200, 2000, 1200, 400, 800, 800, 400, 3200, 800, 400, 100, 0, 0, 0, 0, 0, 0, ''),
(132, 'フライングホラー', 24, 240, 2400, 1440, 480, 960, 960, 480, 3840, 960, 480, 120, 0, 0, 0, 0, 0, 0, ''),
(133, 'ストームイーグル', 28, 280, 2800, 1680, 560, 1120, 1120, 560, 4480, 1120, 560, 140, 0, 0, 0, 0, 0, 0, ''),
(134, 'グリフォン', 33, 330, 3300, 1980, 660, 1320, 1320, 660, 5280, 1320, 660, 165, 0, 0, 0, 0, 0, 0, ''),
(135, 'ロック', 38, 380, 3800, 2280, 760, 1520, 1520, 760, 6080, 1520, 760, 190, 0, 0, 0, 0, 0, 0, ''),
(136, 'ストームバード', 40, 400, 4000, 2400, 800, 1600, 1600, 800, 6400, 1600, 800, 200, 0, 0, 0, 0, 0, 0, ''),
(137, 'ワイバーン', 42, 420, 4200, 2520, 840, 1680, 1680, 840, 6720, 1680, 840, 210, 0, 0, 0, 0, 0, 0, ''),
(138, 'フェニックス', 48, 480, 2400, 1920, 0, 0, 1920, 3840, 7680, 0, 3840, 240, 0, 0, 0, 0, 0, 0, ''),
(139, 'ジャイアントラット', 3, 30, 300, 300, 120, 300, 240, 0, 120, 60, 60, 15, 0, 0, 0, 0, 0, 0, ''),
(140, 'ジャイアントビー', 4, 40, 400, 400, 160, 400, 320, 0, 160, 80, 80, 20, 0, 0, 0, 0, 0, 0, ''),
(141, 'ヴァンパイアバット', 6, 60, 600, 600, 240, 600, 480, 0, 240, 120, 120, 30, 0, 0, 0, 0, 0, 0, ''),
(142, 'ジャイアントスネーク', 10, 100, 1000, 1000, 400, 1000, 800, 0, 400, 200, 200, 50, 0, 0, 0, 0, 0, 0, ''),
(143, 'スカルウルフ', 14, 140, 1400, 1400, 560, 1400, 1120, 0, 560, 280, 280, 70, 0, 0, 0, 0, 0, 0, ''),
(144, 'ウルフライダー', 17, 170, 1700, 1700, 680, 1700, 1360, 0, 680, 340, 340, 85, 0, 0, 0, 0, 0, 0, ''),
(145, 'ヘルハウンド', 20, 200, 2000, 2000, 800, 2000, 1600, 0, 800, 400, 400, 100, 0, 0, 0, 0, 0, 0, ''),
(146, 'ライノソルジャー', 23, 230, 2300, 2300, 920, 2300, 1840, 0, 920, 460, 460, 115, 0, 0, 0, 0, 0, 0, ''),
(147, 'サーベルタイガー', 27, 270, 2700, 2700, 1080, 2700, 2160, 0, 1080, 540, 540, 135, 0, 0, 0, 0, 0, 0, ''),
(148, 'マンモス', 32, 320, 3200, 3200, 1280, 3200, 2560, 0, 1280, 640, 640, 160, 0, 0, 0, 0, 0, 0, ''),
(149, 'キマイラ', 38, 380, 3800, 3800, 1520, 3800, 3040, 0, 1520, 760, 760, 190, 0, 0, 0, 0, 0, 0, ''),
(150, 'ケルベロス', 44, 440, 4400, 4400, 1760, 4400, 3520, 0, 1760, 880, 880, 220, 0, 0, 0, 0, 0, 0, ''),
(151, 'ベヒーモス', 49, 490, 4900, 4900, 1960, 4900, 3920, 0, 1960, 980, 980, 245, 0, 0, 0, 0, 0, 0, ''),
(152, 'スプラウト', 2, 20, 200, 80, 120, 80, 200, 160, 0, 80, 80, 10, 0, 0, 0, 0, 0, 0, ''),
(153, 'スポア', 3, 30, 300, 120, 180, 120, 300, 240, 0, 120, 120, 15, 0, 0, 0, 0, 0, 0, ''),
(154, 'ファンガス', 5, 50, 500, 200, 300, 200, 500, 400, 0, 200, 200, 25, 0, 0, 0, 0, 0, 0, ''),
(155, 'マンドラ', 7, 70, 700, 280, 420, 280, 700, 560, 0, 280, 280, 35, 0, 0, 0, 0, 0, 0, ''),
(156, 'ポイズンアイビー', 9, 90, 900, 360, 540, 360, 900, 720, 0, 360, 360, 45, 0, 0, 0, 0, 0, 0, ''),
(157, 'モスブロブ', 11, 110, 1100, 440, 660, 440, 1100, 880, 0, 440, 440, 55, 0, 0, 0, 0, 0, 0, ''),
(158, 'サボテンソルジャー', 14, 140, 1400, 560, 840, 560, 1400, 1120, 0, 560, 560, 70, 0, 0, 0, 0, 0, 0, ''),
(159, 'カーニバルプラント', 19, 190, 1900, 760, 1140, 760, 1900, 1520, 0, 760, 760, 95, 0, 0, 0, 0, 0, 0, ''),
(160, 'ラフレシア', 24, 240, 2400, 960, 1440, 960, 2400, 1920, 0, 960, 960, 120, 0, 0, 0, 0, 0, 0, ''),
(161, 'ドライアド', 26, 260, 2600, 1040, 1560, 1040, 2600, 2080, 0, 1040, 1040, 130, 0, 0, 0, 0, 0, 0, ''),
(162, 'トレント', 30, 300, 3000, 1200, 1800, 1200, 3000, 2400, 0, 1200, 1200, 150, 0, 0, 0, 0, 0, 0, ''),
(163, '世界樹の若木', 35, 350, 3500, 1400, 2100, 1400, 3500, 2800, 0, 1400, 1400, 175, 0, 0, 0, 0, 0, 0, ''),
(164, 'クレイフィギュア', 8, 80, 800, 320, 960, 480, 800, 0, 0, 320, 320, 40, 0, 0, 0, 0, 0, 0, ''),
(165, 'パペット', 10, 100, 1000, 400, 1200, 600, 1000, 0, 0, 400, 400, 50, 0, 0, 0, 0, 0, 0, ''),
(166, 'マリオネット', 12, 120, 1200, 480, 1440, 720, 1200, 0, 0, 480, 480, 60, 0, 0, 0, 0, 0, 0, ''),
(167, 'ポルターガイスト', 15, 150, 1500, 600, 1800, 900, 1500, 0, 0, 600, 600, 75, 0, 0, 0, 0, 0, 0, ''),
(168, 'カースドミラー', 18, 180, 1800, 720, 2160, 1080, 1800, 0, 0, 720, 720, 90, 0, 0, 0, 0, 0, 0, ''),
(169, 'トレジャーボックス', 20, 200, 2000, 0, 2400, 0, 1600, 0, 0, 4000, 0, 100, 0, 0, 0, 0, 0, 0, ''),
(170, 'ストーンスタチュー', 22, 220, 2200, 880, 2640, 1320, 2200, 0, 0, 880, 880, 110, 0, 0, 0, 0, 0, 0, ''),
(171, 'ストーンガーディアン', 25, 250, 2500, 1000, 3000, 1500, 2500, 0, 0, 1000, 1000, 125, 0, 0, 0, 0, 0, 0, ''),
(172, 'デスドール', 28, 280, 2800, 1120, 3360, 1680, 2800, 0, 0, 1120, 1120, 140, 0, 0, 0, 0, 0, 0, ''),
(173, 'リビングアーマー', 30, 300, 3000, 1200, 3600, 1800, 3000, 0, 0, 1200, 1200, 150, 0, 0, 0, 0, 0, 0, ''),
(174, 'アイアンサーバント', 33, 330, 3300, 1320, 3960, 1980, 3300, 0, 0, 1320, 1320, 165, 0, 0, 0, 0, 0, 0, ''),
(175, 'オートマタ', 36, 360, 3600, 1440, 4320, 2160, 3600, 0, 0, 1440, 1440, 180, 0, 0, 0, 0, 0, 0, ''),
(176, 'クリスタルビースト', 40, 400, 4000, 1600, 4800, 2400, 4000, 0, 0, 1600, 1600, 200, 0, 0, 0, 0, 0, 0, ''),
(177, 'ウィンドスピリット', 13, 130, 1300, 1040, 520, 260, 520, 1560, 780, 260, 260, 65, 0, 0, 0, 0, 0, 0, ''),
(178, 'アーススピリット', 13, 130, 1300, 1040, 520, 260, 520, 1560, 780, 260, 260, 65, 0, 0, 0, 0, 0, 0, ''),
(179, 'ウォータースピリット', 13, 130, 1300, 1040, 520, 260, 520, 1560, 780, 260, 260, 65, 0, 0, 0, 0, 0, 0, ''),
(180, 'ファイアスピリット', 13, 130, 1300, 1040, 520, 260, 520, 1560, 780, 260, 260, 65, 0, 0, 0, 0, 0, 0, ''),
(181, 'ノーム（土の精霊）', 22, 220, 2200, 1760, 880, 440, 880, 2640, 1320, 440, 440, 110, 0, 0, 0, 0, 0, 0, ''),
(182, 'ジン（風の魔人）', 23, 230, 2300, 1840, 920, 460, 920, 2760, 1380, 460, 460, 115, 0, 0, 0, 0, 0, 0, ''),
(183, 'アイスソウル', 25, 250, 2500, 2000, 1000, 500, 1000, 3000, 1500, 500, 500, 125, 0, 0, 0, 0, 0, 0, ''),
(184, 'フレイムソウル', 25, 250, 2500, 2000, 1000, 500, 1000, 3000, 1500, 500, 500, 125, 0, 0, 0, 0, 0, 0, ''),
(185, 'サンダースピリット', 30, 300, 3000, 2400, 1200, 600, 1200, 3600, 1800, 600, 600, 150, 0, 0, 0, 0, 0, 0, ''),
(186, 'アイスデーモン', 38, 380, 3800, 3040, 1520, 760, 1520, 4560, 2280, 760, 760, 190, 0, 0, 0, 0, 0, 0, ''),
(187, 'フレイムデーモン', 38, 380, 3800, 3040, 1520, 760, 1520, 4560, 2280, 760, 760, 190, 0, 0, 0, 0, 0, 0, ''),
(188, 'カオスエレメンタル', 46, 460, 4600, 3680, 1840, 920, 1840, 5520, 2760, 920, 920, 230, 0, 0, 0, 0, 0, 0, ''),
(189, 'シーホース', 7, 70, 700, 560, 420, 420, 560, 280, 280, 140, 140, 35, 0, 0, 0, 0, 0, 0, ''),
(190, 'ジャイアントクラブ', 10, 100, 1000, 800, 600, 600, 800, 400, 400, 200, 200, 50, 0, 0, 0, 0, 0, 0, ''),
(191, 'スパイクシェル', 13, 130, 1300, 1040, 780, 780, 1040, 520, 520, 260, 260, 65, 0, 0, 0, 0, 0, 0, ''),
(192, 'デビルフィッシュ', 16, 160, 1600, 1280, 960, 960, 1280, 640, 640, 320, 320, 80, 0, 0, 0, 0, 0, 0, ''),
(193, 'アングラー', 19, 190, 1900, 1520, 1140, 1140, 1520, 760, 760, 380, 380, 95, 0, 0, 0, 0, 0, 0, ''),
(194, 'サハギン', 21, 210, 2100, 1680, 1260, 1260, 1680, 840, 840, 420, 420, 105, 0, 0, 0, 0, 0, 0, ''),
(195, 'セイレーン', 24, 240, 2400, 1920, 1440, 1440, 1920, 960, 960, 480, 480, 120, 0, 0, 0, 0, 0, 0, ''),
(196, 'コーラルガーディアン', 29, 290, 2900, 2320, 1740, 1740, 2320, 1160, 1160, 580, 580, 145, 0, 0, 0, 0, 0, 0, ''),
(197, 'シーサーペント', 34, 340, 3400, 2720, 2040, 2040, 2720, 1360, 1360, 680, 680, 170, 0, 0, 0, 0, 0, 0, ''),
(198, 'デプスウォーカー', 39, 390, 3900, 3120, 2340, 2340, 3120, 1560, 1560, 780, 780, 195, 0, 0, 0, 0, 0, 0, ''),
(199, 'ジャイアントスクイド', 43, 430, 4300, 3440, 2580, 2580, 3440, 1720, 1720, 860, 860, 215, 0, 0, 0, 0, 0, 0, ''),
(200, 'リヴァイアサン', 50, 500, 5000, 4000, 3000, 3000, 4000, 2000, 2000, 1000, 1000, 250, 0, 0, 0, 0, 0, 0, ''),
(201, 'スライム', 1, 10, 100, 60, 40, 40, 60, 40, 60, 80, 20, 5, 0, 0, 0, 0, 0, 0, ''),
(202, 'アメーバ', 2, 20, 200, 120, 80, 80, 120, 80, 120, 160, 40, 10, 0, 0, 0, 0, 0, 0, ''),
(203, 'レッドゼリー', 3, 30, 300, 180, 120, 120, 180, 120, 180, 240, 60, 15, 0, 0, 0, 0, 0, 0, ''),
(204, 'ブルーゼリー', 3, 30, 300, 180, 120, 120, 180, 120, 180, 240, 60, 15, 0, 0, 0, 0, 0, 0, ''),
(205, 'グリーンウーズ', 4, 40, 400, 240, 160, 160, 240, 160, 240, 320, 80, 20, 0, 0, 0, 0, 0, 0, ''),
(206, 'バブリングウーズ', 6, 60, 600, 360, 240, 240, 360, 240, 360, 480, 120, 30, 0, 0, 0, 0, 0, 0, ''),
(207, 'ポイズンブロブ', 8, 80, 800, 480, 320, 320, 480, 320, 480, 640, 160, 40, 0, 0, 0, 0, 0, 0, ''),
(208, 'マッドブロブ', 9, 90, 900, 540, 360, 360, 540, 360, 540, 720, 180, 45, 0, 0, 0, 0, 0, 0, ''),
(209, 'アシッドスライム', 12, 120, 1200, 720, 480, 480, 720, 480, 720, 960, 240, 60, 0, 0, 0, 0, 0, 0, ''),
(210, 'メタルブロブ', 15, 150, 10, 0, 4800, 0, 0, 0, 600, 600, 0, 75, 0, 0, 0, 0, 0, 0, ''),
(211, 'ルビースライム', 20, 200, 2000, 1200, 800, 800, 1200, 800, 1200, 1600, 400, 100, 0, 0, 0, 0, 0, 0, ''),
(212, 'サファイアスライム', 20, 200, 2000, 1200, 800, 800, 1200, 800, 1200, 1600, 400, 100, 0, 0, 0, 0, 0, 0, ''),
(213, 'エメラルドスライム', 20, 200, 2000, 1200, 800, 800, 1200, 800, 1200, 1600, 400, 100, 0, 0, 0, 0, 0, 0, ''),
(214, 'キングゼリー', 25, 250, 2500, 1500, 1000, 1000, 1500, 1000, 1500, 2000, 500, 125, 0, 0, 0, 0, 0, 0, ''),
(215, 'リザードマン', 10, 100, 1000, 800, 400, 800, 600, 200, 800, 200, 200, 50, 0, 0, 0, 0, 0, 0, ''),
(216, 'ゲッコーアサシン', 12, 120, 1200, 960, 480, 960, 720, 240, 960, 240, 240, 60, 0, 0, 0, 0, 0, 0, ''),
(217, 'リザードアーチャー', 13, 130, 1300, 1040, 520, 1040, 780, 260, 1040, 260, 260, 65, 0, 0, 0, 0, 0, 0, ''),
(218, 'イグアナガード', 14, 140, 1400, 1120, 560, 1120, 840, 280, 1120, 280, 280, 70, 0, 0, 0, 0, 0, 0, ''),
(219, 'リザードウォリアー', 15, 150, 1500, 1200, 600, 1200, 900, 300, 1200, 300, 300, 75, 0, 0, 0, 0, 0, 0, ''),
(220, 'リザードシャーマン', 16, 160, 1600, 1280, 640, 1280, 960, 320, 1280, 320, 320, 80, 0, 0, 0, 0, 0, 0, ''),
(221, 'スケイルファイター', 18, 180, 1800, 1440, 720, 1440, 1080, 360, 1440, 360, 360, 90, 0, 0, 0, 0, 0, 0, ''),
(222, 'ラプトル', 22, 220, 2200, 1760, 880, 1760, 1320, 440, 1760, 440, 440, 110, 0, 0, 0, 0, 0, 0, ''),
(223, 'コモドウォリアー', 25, 250, 2500, 2000, 1000, 2000, 1500, 500, 2000, 500, 500, 125, 0, 0, 0, 0, 0, 0, ''),
(224, 'クロコディリアン', 28, 280, 2800, 2240, 1120, 2240, 1680, 560, 2240, 560, 560, 140, 0, 0, 0, 0, 0, 0, ''),
(225, 'サラマンダー', 30, 300, 3000, 2400, 1200, 2400, 1800, 600, 2400, 600, 600, 150, 0, 0, 0, 0, 0, 0, ''),
(226, '竜人兵', 35, 350, 3500, 2800, 1400, 2800, 2100, 700, 2800, 700, 700, 175, 0, 0, 0, 0, 0, 0, ''),
(227, 'スパイクバード', 5, 50, 500, 300, 100, 200, 200, 100, 800, 200, 100, 25, 0, 0, 0, 0, 0, 0, ''),
(228, 'ハーピー', 12, 120, 1200, 720, 240, 480, 480, 240, 1920, 480, 240, 60, 0, 0, 0, 0, 0, 0, ''),
(229, 'ハーピーレディ', 15, 150, 1500, 900, 300, 600, 600, 300, 2400, 600, 300, 75, 0, 0, 0, 0, 0, 0, ''),
(230, 'カースドレイブン', 18, 180, 1800, 1080, 360, 720, 720, 360, 2880, 720, 360, 90, 0, 0, 0, 0, 0, 0, ''),
(231, 'スティンクバード', 20, 200, 2000, 1200, 400, 800, 800, 400, 3200, 800, 400, 100, 0, 0, 0, 0, 0, 0, ''),
(232, 'フライングホラー', 24, 240, 2400, 1440, 480, 960, 960, 480, 3840, 960, 480, 120, 0, 0, 0, 0, 0, 0, ''),
(233, 'ストームイーグル', 28, 280, 2800, 1680, 560, 1120, 1120, 560, 4480, 1120, 560, 140, 0, 0, 0, 0, 0, 0, ''),
(234, 'グリフォン', 33, 330, 3300, 1980, 660, 1320, 1320, 660, 5280, 1320, 660, 165, 0, 0, 0, 0, 0, 0, ''),
(235, 'ロック', 38, 380, 3800, 2280, 760, 1520, 1520, 760, 6080, 1520, 760, 190, 0, 0, 0, 0, 0, 0, ''),
(236, 'ストームバード', 40, 400, 4000, 2400, 800, 1600, 1600, 800, 6400, 1600, 800, 200, 0, 0, 0, 0, 0, 0, ''),
(237, 'ワイバーン', 42, 420, 4200, 2520, 840, 1680, 1680, 840, 6720, 1680, 840, 210, 0, 0, 0, 0, 0, 0, ''),
(238, 'フェニックス', 48, 480, 2400, 1920, 0, 0, 1920, 3840, 7680, 0, 3840, 240, 0, 0, 0, 0, 0, 0, ''),
(239, 'ジャイアントラット', 3, 30, 300, 300, 120, 300, 240, 0, 120, 60, 60, 15, 0, 0, 0, 0, 0, 0, ''),
(240, 'ジャイアントビー', 4, 40, 400, 400, 160, 400, 320, 0, 160, 80, 80, 20, 0, 0, 0, 0, 0, 0, ''),
(241, 'ヴァンパイアバット', 6, 60, 600, 600, 240, 600, 480, 0, 240, 120, 120, 30, 0, 0, 0, 0, 0, 0, ''),
(242, 'ジャイアントスネーク', 10, 100, 1000, 1000, 400, 1000, 800, 0, 400, 200, 200, 50, 0, 0, 0, 0, 0, 0, ''),
(243, 'スカルウルフ', 14, 140, 1400, 1400, 560, 1400, 1120, 0, 560, 280, 280, 70, 0, 0, 0, 0, 0, 0, ''),
(244, 'ウルフライダー', 17, 170, 1700, 1700, 680, 1700, 1360, 0, 680, 340, 340, 85, 0, 0, 0, 0, 0, 0, ''),
(245, 'ヘルハウンド', 20, 200, 2000, 2000, 800, 2000, 1600, 0, 800, 400, 400, 100, 0, 0, 0, 0, 0, 0, ''),
(246, 'ライノソルジャー', 23, 230, 2300, 2300, 920, 2300, 1840, 0, 920, 460, 460, 115, 0, 0, 0, 0, 0, 0, ''),
(247, 'サーベルタイガー', 27, 270, 2700, 2700, 1080, 2700, 2160, 0, 1080, 540, 540, 135, 0, 0, 0, 0, 0, 0, ''),
(248, 'マンモス', 32, 320, 3200, 3200, 1280, 3200, 2560, 0, 1280, 640, 640, 160, 0, 0, 0, 0, 0, 0, ''),
(249, 'キマイラ', 38, 380, 3800, 3800, 1520, 3800, 3040, 0, 1520, 760, 760, 190, 0, 0, 0, 0, 0, 0, ''),
(250, 'ケルベロス', 44, 440, 4400, 4400, 1760, 4400, 3520, 0, 1760, 880, 880, 220, 0, 0, 0, 0, 0, 0, ''),
(251, 'ベヒーモス', 49, 490, 4900, 4900, 1960, 4900, 3920, 0, 1960, 980, 980, 245, 0, 0, 0, 0, 0, 0, ''),
(252, 'スプラウト', 2, 20, 200, 80, 120, 80, 200, 160, 0, 80, 80, 10, 0, 0, 0, 0, 0, 0, ''),
(253, 'スポア', 3, 30, 300, 120, 180, 120, 300, 240, 0, 120, 120, 15, 0, 0, 0, 0, 0, 0, ''),
(254, 'ファンガス', 5, 50, 500, 200, 300, 200, 500, 400, 0, 200, 200, 25, 0, 0, 0, 0, 0, 0, ''),
(255, 'マンドラ', 7, 70, 700, 280, 420, 280, 700, 560, 0, 280, 280, 35, 0, 0, 0, 0, 0, 0, ''),
(256, 'ポイズンアイビー', 9, 90, 900, 360, 540, 360, 900, 720, 0, 360, 360, 45, 0, 0, 0, 0, 0, 0, ''),
(257, 'モスブロブ', 11, 110, 1100, 440, 660, 440, 1100, 880, 0, 440, 440, 55, 0, 0, 0, 0, 0, 0, ''),
(258, 'サボテンソルジャー', 14, 140, 1400, 560, 840, 560, 1400, 1120, 0, 560, 560, 70, 0, 0, 0, 0, 0, 0, ''),
(259, 'カーニバルプラント', 19, 190, 1900, 760, 1140, 760, 1900, 1520, 0, 760, 760, 95, 0, 0, 0, 0, 0, 0, ''),
(260, 'ラフレシア', 24, 240, 2400, 960, 1440, 960, 2400, 1920, 0, 960, 960, 120, 0, 0, 0, 0, 0, 0, ''),
(261, 'ドライアド', 26, 260, 2600, 1040, 1560, 1040, 2600, 2080, 0, 1040, 1040, 130, 0, 0, 0, 0, 0, 0, ''),
(262, 'トレント', 30, 300, 3000, 1200, 1800, 1200, 3000, 2400, 0, 1200, 1200, 150, 0, 0, 0, 0, 0, 0, ''),
(263, '世界樹の若木', 35, 350, 3500, 1400, 2100, 1400, 3500, 2800, 0, 1400, 1400, 175, 0, 0, 0, 0, 0, 0, ''),
(264, 'クレイフィギュア', 8, 80, 800, 320, 960, 480, 800, 0, 0, 320, 320, 40, 0, 0, 0, 0, 0, 0, ''),
(265, 'パペット', 10, 100, 1000, 400, 1200, 600, 1000, 0, 0, 400, 400, 50, 0, 0, 0, 0, 0, 0, ''),
(266, 'マリオネット', 12, 120, 1200, 480, 1440, 720, 1200, 0, 0, 480, 480, 60, 0, 0, 0, 0, 0, 0, ''),
(267, 'ポルターガイスト', 15, 150, 1500, 600, 1800, 900, 1500, 0, 0, 600, 600, 75, 0, 0, 0, 0, 0, 0, ''),
(268, 'カースドミラー', 18, 180, 1800, 720, 2160, 1080, 1800, 0, 0, 720, 720, 90, 0, 0, 0, 0, 0, 0, ''),
(269, 'トレジャーボックス', 20, 200, 2000, 0, 2400, 0, 1600, 0, 0, 4000, 0, 100, 0, 0, 0, 0, 0, 0, ''),
(270, 'ストーンスタチュー', 22, 220, 2200, 880, 2640, 1320, 2200, 0, 0, 880, 880, 110, 0, 0, 0, 0, 0, 0, ''),
(271, 'ストーンガーディアン', 25, 250, 2500, 1000, 3000, 1500, 2500, 0, 0, 1000, 1000, 125, 0, 0, 0, 0, 0, 0, ''),
(272, 'デスドール', 28, 280, 2800, 1120, 3360, 1680, 2800, 0, 0, 1120, 1120, 140, 0, 0, 0, 0, 0, 0, ''),
(273, 'リビングアーマー', 30, 300, 3000, 1200, 3600, 1800, 3000, 0, 0, 1200, 1200, 150, 0, 0, 0, 0, 0, 0, ''),
(274, 'アイアンサーバント', 33, 330, 3300, 1320, 3960, 1980, 3300, 0, 0, 1320, 1320, 165, 0, 0, 0, 0, 0, 0, ''),
(275, 'オートマタ', 36, 360, 3600, 1440, 4320, 2160, 3600, 0, 0, 1440, 1440, 180, 0, 0, 0, 0, 0, 0, ''),
(276, 'クリスタルビースト', 40, 400, 4000, 1600, 4800, 2400, 4000, 0, 0, 1600, 1600, 200, 0, 0, 0, 0, 0, 0, ''),
(277, 'ウィンドスピリット', 13, 130, 1300, 1040, 520, 260, 520, 1560, 780, 260, 260, 65, 0, 0, 0, 0, 0, 0, ''),
(278, 'アーススピリット', 13, 130, 1300, 1040, 520, 260, 520, 1560, 780, 260, 260, 65, 0, 0, 0, 0, 0, 0, ''),
(279, 'ウォータースピリット', 13, 130, 1300, 1040, 520, 260, 520, 1560, 780, 260, 260, 65, 0, 0, 0, 0, 0, 0, ''),
(280, 'ファイアスピリット', 13, 130, 1300, 1040, 520, 260, 520, 1560, 780, 260, 260, 65, 0, 0, 0, 0, 0, 0, ''),
(281, 'ノーム（土の精霊）', 22, 220, 2200, 1760, 880, 440, 880, 2640, 1320, 440, 440, 110, 0, 0, 0, 0, 0, 0, ''),
(282, 'ジン（風の魔人）', 23, 230, 2300, 1840, 920, 460, 920, 2760, 1380, 460, 460, 115, 0, 0, 0, 0, 0, 0, ''),
(283, 'アイスソウル', 25, 250, 2500, 2000, 1000, 500, 1000, 3000, 1500, 500, 500, 125, 0, 0, 0, 0, 0, 0, ''),
(284, 'フレイムソウル', 25, 250, 2500, 2000, 1000, 500, 1000, 3000, 1500, 500, 500, 125, 0, 0, 0, 0, 0, 0, ''),
(285, 'サンダースピリット', 30, 300, 3000, 2400, 1200, 600, 1200, 3600, 1800, 600, 600, 150, 0, 0, 0, 0, 0, 0, ''),
(286, 'アイスデーモン', 38, 380, 3800, 3040, 1520, 760, 1520, 4560, 2280, 760, 760, 190, 0, 0, 0, 0, 0, 0, ''),
(287, 'フレイムデーモン', 38, 380, 3800, 3040, 1520, 760, 1520, 4560, 2280, 760, 760, 190, 0, 0, 0, 0, 0, 0, ''),
(288, 'カオスエレメンタル', 46, 460, 4600, 3680, 1840, 920, 1840, 5520, 2760, 920, 920, 230, 0, 0, 0, 0, 0, 0, ''),
(289, 'シーホース', 7, 70, 700, 560, 420, 420, 560, 280, 280, 140, 140, 35, 0, 0, 0, 0, 0, 0, ''),
(290, 'ジャイアントクラブ', 10, 100, 1000, 800, 600, 600, 800, 400, 400, 200, 200, 50, 0, 0, 0, 0, 0, 0, ''),
(291, 'スパイクシェル', 13, 130, 1300, 1040, 780, 780, 1040, 520, 520, 260, 260, 65, 0, 0, 0, 0, 0, 0, ''),
(292, 'デビルフィッシュ', 16, 160, 1600, 1280, 960, 960, 1280, 640, 640, 320, 320, 80, 0, 0, 0, 0, 0, 0, ''),
(293, 'アングラー', 19, 190, 1900, 1520, 1140, 1140, 1520, 760, 760, 380, 380, 95, 0, 0, 0, 0, 0, 0, ''),
(294, 'サハギン', 21, 210, 2100, 1680, 1260, 1260, 1680, 840, 840, 420, 420, 105, 0, 0, 0, 0, 0, 0, ''),
(295, 'セイレーン', 24, 240, 2400, 1920, 1440, 1440, 1920, 960, 960, 480, 480, 120, 0, 0, 0, 0, 0, 0, ''),
(296, 'コーラルガーディアン', 29, 290, 2900, 2320, 1740, 1740, 2320, 1160, 1160, 580, 580, 145, 0, 0, 0, 0, 0, 0, ''),
(297, 'シーサーペント', 34, 340, 3400, 2720, 2040, 2040, 2720, 1360, 1360, 680, 680, 170, 0, 0, 0, 0, 0, 0, ''),
(298, 'デプスウォーカー', 39, 390, 3900, 3120, 2340, 2340, 3120, 1560, 1560, 780, 780, 195, 0, 0, 0, 0, 0, 0, ''),
(299, 'ジャイアントスクイド', 43, 430, 4300, 3440, 2580, 2580, 3440, 1720, 1720, 860, 860, 215, 0, 0, 0, 0, 0, 0, ''),
(300, 'リヴァイアサン', 50, 500, 5000, 4000, 3000, 3000, 4000, 2000, 2000, 1000, 1000, 250, 0, 0, 0, 0, 0, 0, '');

-- --------------------------------------------------------

--
-- テーブルの構造 `monster_drops`
--

CREATE TABLE `monster_drops` (
  `id` int NOT NULL,
  `monster_id` int NOT NULL,
  `item_id` int NOT NULL,
  `drop_chance` decimal(3,2) NOT NULL DEFAULT '0.10'
) ENGINE=InnoDB DEFAULT CHARSET=utf8mb4 COLLATE=utf8mb4_0900_ai_ci;

-- --------------------------------------------------------

--
-- テーブルの構造 `news`
--

CREATE TABLE `news` (
  `id` int NOT NULL,
  `title` varchar(255) NOT NULL,
  `link_url` varchar(255) NOT NULL,
  `link_text` varchar(100) NOT NULL,
  `created_at` timestamp NOT NULL DEFAULT CURRENT_TIMESTAMP
) ENGINE=InnoDB DEFAULT CHARSET=utf8mb4 COLLATE=utf8mb4_0900_ai_ci;

--
-- テーブルのデータのダンプ `news`
--

INSERT INTO `news` (`id`, `title`, `link_url`, `link_text`, `created_at`) VALUES
(1, '開発ブログを公開中です！', 'https://note.com/あなたのID', '最新情報はこちら (note)', '2025-10-31 15:06:04');

-- --------------------------------------------------------

--
-- テーブルの構造 `players`
--

CREATE TABLE `players` (
  `player_id` int NOT NULL,
  `name` varchar(50) NOT NULL,
  `password_hash` varchar(255) NOT NULL,
  `level` int NOT NULL DEFAULT '1',
  `exp` int NOT NULL DEFAULT '0',
  `gold` int NOT NULL DEFAULT '20',
  `hp` int NOT NULL DEFAULT '20',
  `hp_max` int NOT NULL DEFAULT '20',
  `strength` int NOT NULL DEFAULT '10',
  `vitality` int NOT NULL DEFAULT '10',
  `intelligence` int NOT NULL DEFAULT '10',
  `speed` int NOT NULL DEFAULT '5',
  `luck` int NOT NULL DEFAULT '5',
  `charisma` int NOT NULL DEFAULT '5',
  `avatar_filename` varchar(255) NOT NULL DEFAULT 'baby.png'
) ENGINE=InnoDB DEFAULT CHARSET=utf8mb4 COLLATE=utf8mb4_0900_ai_ci;

--
-- テーブルのデータのダンプ `players`
--

INSERT INTO `players` (`player_id`, `name`, `password_hash`, `level`, `exp`, `gold`, `hp`, `hp_max`, `strength`, `vitality`, `intelligence`, `speed`, `luck`, `charisma`, `avatar_filename`) VALUES
(1, 'ながもん', '$2y$10$Y73h25M1z/DtvpR9FckEie88phCCfrd6DVg.huKzKIU4iECGlJuH6', 1, 0, 20, 20, 20, 10, 10, 10, 5, 5, 5, 'baby.png'),
(2, 'nagamon', '$2y$10$RaVN1deDKdK1zlcu1Cnnj.FFe48I.ccw1JPpC1xjF9HGH2bHxdtUa', 200, 19905, 21408, 10434, 10450, 2000, 2000, 2000, 2000, 2000, 2000, 'baby.png'),
(3, 'ながもそ', '$2y$10$WtWv0gkoNc5/2Iq6obc.5e9y1kAiWNmr.Rlg7.0Gng1vOjS4VxrpS', 1, 0, 20, 20, 20, 10, 10, 10, 5, 5, 5, 'baby.png'),
(5, 'test1', '$2y$10$qUMdcknjiFgEQ4xcl3dkKOYRqHDgDxQ5Y2vhLPbIJnxToSOd6Qs.i', 1, 0, 0, 7, 100, 50, 50, 50, 50, 50, 50, 'baby.png'),
(6, 'test2', '$2y$10$5Te/J8e2.OQ4EKtaNnthquWZxHuHgspGTveHb1Us8itgBMAwwx6Ce', 1, 0, 0, 10, 100, 100, 100, 100, 100, 100, 100, 'baby.png'),
(7, 'test3', '$2y$10$nIvaBcsgnNeN3b8nl.XJp.ET1ZZt9qX5dyteeX/lsl/o88IYxH/O6', 1, 10, 5, 11, 100, 100, 100, 100, 100, 100, 100, 'baby.png'),
(8, 'test4', '$2y$10$DDYxq5FVf3wNPGUBaq7YGeWD6MI4pYATBzmRW73lfyRs3Ubwjtr66', 39, 4010, 2005, 4300, 4300, 2050, 2050, 2050, 2050, 2050, 2050, 'baby.png');

-- --------------------------------------------------------

--
-- テーブルの構造 `player_inventory`
--

CREATE TABLE `player_inventory` (
  `inventory_id` int NOT NULL COMMENT '所持品固有ID',
  `player_id` int NOT NULL,
  `item_id` int NOT NULL COMMENT 'アイテムの設計図ID',
  `is_equipped` tinyint(1) NOT NULL DEFAULT '0' COMMENT '0:未装備, 1:装備中',
  `option_1_stat` varchar(20) DEFAULT NULL COMMENT '例: strength, hp_max, atk',
  `option_1_value` int DEFAULT NULL,
  `option_2_stat` varchar(20) DEFAULT NULL,
  `option_2_value` int DEFAULT NULL,
  `option_3_stat` varchar(20) DEFAULT NULL,
  `option_3_value` int DEFAULT NULL,
  `option_4_stat` varchar(20) DEFAULT NULL,
  `option_4_value` int DEFAULT NULL,
  `option_5_stat` varchar(20) DEFAULT NULL,
  `option_5_value` int DEFAULT NULL
) ENGINE=InnoDB DEFAULT CHARSET=utf8mb4 COLLATE=utf8mb4_0900_ai_ci;

--
-- テーブルのデータのダンプ `player_inventory`
--

INSERT INTO `player_inventory` (`inventory_id`, `player_id`, `item_id`, `is_equipped`, `option_1_stat`, `option_1_value`, `option_2_stat`, `option_2_value`, `option_3_stat`, `option_3_value`, `option_4_stat`, `option_4_value`, `option_5_stat`, `option_5_value`) VALUES
(5, 2, 102, 1, 'def', 4, 'luck', 2, NULL, NULL, NULL, NULL, NULL, NULL),
(6, 2, 156, 1, 'luck', 4, 'strength', 1, 'vitality', 4, NULL, NULL, NULL, NULL),
(14, 2, 37, 1, 'def', 3, 'hp_max', 2, 'charisma', 2, 'atk', 2, NULL, NULL),
(16, 2, 1, 1, 'luck', 4, NULL, NULL, NULL, NULL, NULL, NULL, NULL, NULL),
(18, 2, 1, 0, 'vitality', 4, 'hp_max', 2, NULL, NULL, NULL, NULL, NULL, NULL),
(19, 2, 1, 0, 'atk', 5, NULL, NULL, NULL, NULL, NULL, NULL, NULL, NULL);

-- --------------------------------------------------------

--
-- テーブルの構造 `player_progress`
--

CREATE TABLE `player_progress` (
  `player_id` int NOT NULL,
  `dungeon_id` int NOT NULL,
  `highest_floor` int NOT NULL DEFAULT '1' COMMENT '解放済みの最高階層'
) ENGINE=InnoDB DEFAULT CHARSET=utf8mb4 COLLATE=utf8mb4_0900_ai_ci;

--
-- テーブルのデータのダンプ `player_progress`
--

INSERT INTO `player_progress` (`player_id`, `dungeon_id`, `highest_floor`) VALUES
(2, 1, 10),
(2, 2, 4),
(2, 3, 1),
(2, 4, 1),
(2, 5, 3),
(2, 6, 1),
(2, 7, 1),
(2, 8, 1),
(2, 9, 1),
(2, 10, 1),
(2, 11, 1),
(2, 12, 1),
(2, 13, 1),
(2, 14, 1),
(2, 15, 1),
(2, 16, 1),
(2, 17, 1),
(2, 18, 1),
(2, 19, 1),
(2, 20, 1),
(3, 1, 1),
(5, 1, 1),
(6, 1, 1),
(7, 1, 2),
(8, 1, 10),
(8, 2, 10),
(8, 3, 10),
(8, 4, 10),
(8, 5, 10),
(8, 6, 10),
(8, 7, 10),
(8, 8, 10),
(8, 9, 10),
(8, 10, 5);

-- --------------------------------------------------------

--
-- テーブルの構造 `status_growth_table`
--

CREATE TABLE `status_growth_table` (
  `level` int NOT NULL,
  `hp_max` int NOT NULL,
  `strength` int NOT NULL,
  `vitality` int NOT NULL,
  `intelligence` int NOT NULL,
  `speed` int NOT NULL,
  `luck` int NOT NULL,
  `charisma` int NOT NULL
) ENGINE=InnoDB DEFAULT CHARSET=utf8mb4 COLLATE=utf8mb4_0900_ai_ci;

--
-- テーブルのデータのダンプ `status_growth_table`
--

INSERT INTO `status_growth_table` (`level`, `hp_max`, `strength`, `vitality`, `intelligence`, `speed`, `luck`, `charisma`) VALUES
(1, 500, 150, 150, 150, 150, 150, 150),
(2, 600, 200, 200, 200, 200, 200, 200),
(3, 700, 250, 250, 250, 250, 250, 250),
(4, 800, 300, 300, 300, 300, 300, 300),
(5, 900, 350, 350, 350, 350, 350, 350),
(6, 1000, 400, 400, 400, 400, 400, 400),
(7, 1100, 450, 450, 450, 450, 450, 450),
(8, 1200, 500, 500, 500, 500, 500, 500),
(9, 1300, 550, 550, 550, 550, 550, 550),
(10, 1400, 600, 600, 600, 600, 600, 600),
(11, 1500, 650, 650, 650, 650, 650, 650),
(12, 1600, 700, 700, 700, 700, 700, 700),
(13, 1700, 750, 750, 750, 750, 750, 750),
(14, 1800, 800, 800, 800, 800, 800, 800),
(15, 1900, 850, 850, 850, 850, 850, 850),
(16, 2000, 900, 900, 900, 900, 900, 900),
(17, 2100, 950, 950, 950, 950, 950, 950),
(18, 2200, 1000, 1000, 1000, 1000, 1000, 1000),
(19, 2300, 1050, 1050, 1050, 1050, 1050, 1050),
(20, 2400, 1100, 1100, 1100, 1100, 1100, 1100),
(21, 2500, 1150, 1150, 1150, 1150, 1150, 1150),
(22, 2600, 1200, 1200, 1200, 1200, 1200, 1200),
(23, 2700, 1250, 1250, 1250, 1250, 1250, 1250),
(24, 2800, 1300, 1300, 1300, 1300, 1300, 1300),
(25, 2900, 1350, 1350, 1350, 1350, 1350, 1350),
(26, 3000, 1400, 1400, 1400, 1400, 1400, 1400),
(27, 3100, 1450, 1450, 1450, 1450, 1450, 1450),
(28, 3200, 1500, 1500, 1500, 1500, 1500, 1500),
(29, 3300, 1550, 1550, 1550, 1550, 1550, 1550),
(30, 3400, 1600, 1600, 1600, 1600, 1600, 1600),
(31, 3500, 1650, 1650, 1650, 1650, 1650, 1650),
(32, 3600, 1700, 1700, 1700, 1700, 1700, 1700),
(33, 3700, 1750, 1750, 1750, 1750, 1750, 1750),
(34, 3800, 1800, 1800, 1800, 1800, 1800, 1800),
(35, 3900, 1850, 1850, 1850, 1850, 1850, 1850),
(36, 4000, 1900, 1900, 1900, 1900, 1900, 1900),
(37, 4100, 1950, 1950, 1950, 1950, 1950, 1950),
(38, 4200, 2000, 2000, 2000, 2000, 2000, 2000),
(39, 4300, 2050, 2050, 2050, 2050, 2050, 2050),
(40, 4400, 2100, 2100, 2100, 2100, 2100, 2100),
(41, 4500, 2150, 2150, 2150, 2150, 2150, 2150),
(42, 4600, 2200, 2200, 2200, 2200, 2200, 2200),
(43, 4700, 2250, 2250, 2250, 2250, 2250, 2250),
(44, 4800, 2300, 2300, 2300, 2300, 2300, 2300),
(45, 4900, 2350, 2350, 2350, 2350, 2350, 2350),
(46, 5000, 2400, 2400, 2400, 2400, 2400, 2400),
(47, 5100, 2450, 2450, 2450, 2450, 2450, 2450),
(48, 5200, 2500, 2500, 2500, 2500, 2500, 2500),
(49, 5300, 2550, 2550, 2550, 2550, 2550, 2550),
(50, 5400, 2600, 2600, 2600, 2600, 2600, 2600),
(51, 5500, 2650, 2650, 2650, 2650, 2650, 2650),
(52, 5600, 2700, 2700, 2700, 2700, 2700, 2700),
(53, 5700, 2750, 2750, 2750, 2750, 2750, 2750),
(54, 5800, 2800, 2800, 2800, 2800, 2800, 2800),
(55, 5900, 2850, 2850, 2850, 2850, 2850, 2850),
(56, 6000, 2900, 2900, 2900, 2900, 2900, 2900),
(57, 6100, 2950, 2950, 2950, 2950, 2950, 2950),
(58, 6200, 3000, 3000, 3000, 3000, 3000, 3000),
(59, 6300, 3050, 3050, 3050, 3050, 3050, 3050),
(60, 6400, 3100, 3100, 3100, 3100, 3100, 3100),
(61, 6500, 3150, 3150, 3150, 3150, 3150, 3150),
(62, 6600, 3200, 3200, 3200, 3200, 3200, 3200),
(63, 6700, 3250, 3250, 3250, 3250, 3250, 3250),
(64, 6800, 3300, 3300, 3300, 3300, 3300, 3300),
(65, 6900, 3350, 3350, 3350, 3350, 3350, 3350),
(66, 7000, 3400, 3400, 3400, 3400, 3400, 3400),
(67, 7100, 3450, 3450, 3450, 3450, 3450, 3450),
(68, 7200, 3500, 3500, 3500, 3500, 3500, 3500),
(69, 7300, 3550, 3550, 3550, 3550, 3550, 3550),
(70, 7400, 3600, 3600, 3600, 3600, 3600, 3600),
(71, 7500, 3650, 3650, 3650, 3650, 3650, 3650),
(72, 7600, 3700, 3700, 3700, 3700, 3700, 3700),
(73, 7700, 3750, 3750, 3750, 3750, 3750, 3750),
(74, 7800, 3800, 3800, 3800, 3800, 3800, 3800),
(75, 7900, 3850, 3850, 3850, 3850, 3850, 3850),
(76, 8000, 3900, 3900, 3900, 3900, 3900, 3900),
(77, 8100, 3950, 3950, 3950, 3950, 3950, 3950),
(78, 8200, 4000, 4000, 4000, 4000, 4000, 4000),
(79, 8300, 4050, 4050, 4050, 4050, 4050, 4050),
(80, 8400, 4100, 4100, 4100, 4100, 4100, 4100),
(81, 8500, 4150, 4150, 4150, 4150, 4150, 4150),
(82, 8600, 4200, 4200, 4200, 4200, 4200, 4200),
(83, 8700, 4250, 4250, 4250, 4250, 4250, 4250),
(84, 8800, 4300, 4300, 4300, 4300, 4300, 4300),
(85, 8900, 4350, 4350, 4350, 4350, 4350, 4350),
(86, 9000, 4400, 4400, 4400, 4400, 4400, 4400),
(87, 9100, 4450, 4450, 4450, 4450, 4450, 4450),
(88, 9200, 4500, 4500, 4500, 4500, 4500, 4500),
(89, 9300, 4550, 4550, 4550, 4550, 4550, 4550),
(90, 9400, 4600, 4600, 4600, 4600, 4600, 4600),
(91, 9500, 4650, 4650, 4650, 4650, 4650, 4650),
(92, 9600, 4700, 4700, 4700, 4700, 4700, 4700),
(93, 9700, 4750, 4750, 4750, 4750, 4750, 4750),
(94, 9800, 4800, 4800, 4800, 4800, 4800, 4800),
(95, 9900, 4850, 4850, 4850, 4850, 4850, 4850),
(96, 10000, 4900, 4900, 4900, 4900, 4900, 4900),
(97, 10100, 4950, 4950, 4950, 4950, 4950, 4950),
(98, 10200, 5000, 5000, 5000, 5000, 5000, 5000),
(99, 10300, 5050, 5050, 5050, 5050, 5050, 5050),
(100, 10400, 5100, 5100, 5100, 5100, 5100, 5100),
(101, 10500, 5150, 5150, 5150, 5150, 5150, 5150),
(102, 10600, 5200, 5200, 5200, 5200, 5200, 5200),
(103, 10700, 5250, 5250, 5250, 5250, 5250, 5250),
(104, 10800, 5300, 5300, 5300, 5300, 5300, 5300),
(105, 10900, 5350, 5350, 5350, 5350, 5350, 5350),
(106, 11000, 5400, 5400, 5400, 5400, 5400, 5400),
(107, 11100, 5450, 5450, 5450, 5450, 5450, 5450),
(108, 11200, 5500, 5500, 5500, 5500, 5500, 5500),
(109, 11300, 5550, 5550, 5550, 5550, 5550, 5550),
(110, 11400, 5600, 5600, 5600, 5600, 5600, 5600),
(111, 11500, 5650, 5650, 5650, 5650, 5650, 5650),
(112, 11600, 5700, 5700, 5700, 5700, 5700, 5700),
(113, 11700, 5750, 5750, 5750, 5750, 5750, 5750),
(114, 11800, 5800, 5800, 5800, 5800, 5800, 5800),
(115, 11900, 5850, 5850, 5850, 5850, 5850, 5850),
(116, 12000, 5900, 5900, 5900, 5900, 5900, 5900),
(117, 12100, 5950, 5950, 5950, 5950, 5950, 5950),
(118, 12200, 6000, 6000, 6000, 6000, 6000, 6000),
(119, 12300, 6050, 6050, 6050, 6050, 6050, 6050),
(120, 12400, 6100, 6100, 6100, 6100, 6100, 6100),
(121, 12500, 6150, 6150, 6150, 6150, 6150, 6150),
(122, 12600, 6200, 6200, 6200, 6200, 6200, 6200),
(123, 12700, 6250, 6250, 6250, 6250, 6250, 6250),
(124, 12800, 6300, 6300, 6300, 6300, 6300, 6300),
(125, 12900, 6350, 6350, 6350, 6350, 6350, 6350),
(126, 13000, 6400, 6400, 6400, 6400, 6400, 6400),
(127, 13100, 6450, 6450, 6450, 6450, 6450, 6450),
(128, 13200, 6500, 6500, 6500, 6500, 6500, 6500),
(129, 13300, 6550, 6550, 6550, 6550, 6550, 6550),
(130, 13400, 6600, 6600, 6600, 6600, 6600, 6600),
(131, 13500, 6650, 6650, 6650, 6650, 6650, 6650),
(132, 13600, 6700, 6700, 6700, 6700, 6700, 6700),
(133, 13700, 6750, 6750, 6750, 6750, 6750, 6750),
(134, 13800, 6800, 6800, 6800, 6800, 6800, 6800),
(135, 13900, 6850, 6850, 6850, 6850, 6850, 6850),
(136, 14000, 6900, 6900, 6900, 6900, 6900, 6900),
(137, 14100, 6950, 6950, 6950, 6950, 6950, 6950),
(138, 14200, 7000, 7000, 7000, 7000, 7000, 7000),
(139, 14300, 7050, 7050, 7050, 7050, 7050, 7050),
(140, 14400, 7100, 7100, 7100, 7100, 7100, 7100),
(141, 14500, 7150, 7150, 7150, 7150, 7150, 7150),
(142, 14600, 7200, 7200, 7200, 7200, 7200, 7200),
(143, 14700, 7250, 7250, 7250, 7250, 7250, 7250),
(144, 14800, 7300, 7300, 7300, 7300, 7300, 7300),
(145, 14900, 7350, 7350, 7350, 7350, 7350, 7350),
(146, 15000, 7400, 7400, 7400, 7400, 7400, 7400),
(147, 15100, 7450, 7450, 7450, 7450, 7450, 7450),
(148, 15200, 7500, 7500, 7500, 7500, 7500, 7500),
(149, 15300, 7550, 7550, 7550, 7550, 7550, 7550),
(150, 15400, 7600, 7600, 7600, 7600, 7600, 7600),
(151, 15500, 7650, 7650, 7650, 7650, 7650, 7650),
(152, 15600, 7700, 7700, 7700, 7700, 7700, 7700),
(153, 15700, 7750, 7750, 7750, 7750, 7750, 7750),
(154, 15800, 7800, 7800, 7800, 7800, 7800, 7800),
(155, 15900, 7850, 7850, 7850, 7850, 7850, 7850),
(156, 16000, 7900, 7900, 7900, 7900, 7900, 7900),
(157, 16100, 7950, 7950, 7950, 7950, 7950, 7950),
(158, 16200, 8000, 8000, 8000, 8000, 8000, 8000),
(159, 16300, 8050, 8050, 8050, 8050, 8050, 8050),
(160, 16400, 8100, 8100, 8100, 8100, 8100, 8100),
(161, 16500, 8150, 8150, 8150, 8150, 8150, 8150),
(162, 16600, 8200, 8200, 8200, 8200, 8200, 8200),
(163, 16700, 8250, 8250, 8250, 8250, 8250, 8250),
(164, 16800, 8300, 8300, 8300, 8300, 8300, 8300),
(165, 16900, 8350, 8350, 8350, 8350, 8350, 8350),
(166, 17000, 8400, 8400, 8400, 8400, 8400, 8400),
(167, 17100, 8450, 8450, 8450, 8450, 8450, 8450),
(168, 17200, 8500, 8500, 8500, 8500, 8500, 8500),
(169, 17300, 8550, 8550, 8550, 8550, 8550, 8550),
(170, 17400, 8600, 8600, 8600, 8600, 8600, 8600),
(171, 17500, 8650, 8650, 8650, 8650, 8650, 8650),
(172, 17600, 8700, 8700, 8700, 8700, 8700, 8700),
(173, 17700, 8750, 8750, 8750, 8750, 8750, 8750),
(174, 17800, 8800, 8800, 8800, 8800, 8800, 8800),
(175, 17900, 8850, 8850, 8850, 8850, 8850, 8850),
(176, 18000, 8900, 8900, 8900, 8900, 8900, 8900),
(177, 18100, 8950, 8950, 8950, 8950, 8950, 8950),
(178, 18200, 9000, 9000, 9000, 9000, 9000, 9000),
(179, 18300, 9050, 9050, 9050, 9050, 9050, 9050),
(180, 18400, 9100, 9100, 9100, 9100, 9100, 9100),
(181, 18500, 9150, 9150, 9150, 9150, 9150, 9150),
(182, 18600, 9200, 9200, 9200, 9200, 9200, 9200),
(183, 18700, 9250, 9250, 9250, 9250, 9250, 9250),
(184, 18800, 9300, 9300, 9300, 9300, 9300, 9300),
(185, 18900, 9350, 9350, 9350, 9350, 9350, 9350),
(186, 19000, 9400, 9400, 9400, 9400, 9400, 9400),
(187, 19100, 9450, 9450, 9450, 9450, 9450, 9450),
(188, 19200, 9500, 9500, 9500, 9500, 9500, 9500),
(189, 19300, 9550, 9550, 9550, 9550, 9550, 9550),
(190, 19400, 9600, 9600, 9600, 9600, 9600, 9600),
(191, 19500, 9650, 9650, 9650, 9650, 9650, 9650),
(192, 19600, 9700, 9700, 9700, 9700, 9700, 9700),
(193, 19700, 9750, 9750, 9750, 9750, 9750, 9750),
(194, 19800, 9800, 9800, 9800, 9800, 9800, 9800),
(195, 19900, 9850, 9850, 9850, 9850, 9850, 9850),
(196, 20000, 9900, 9900, 9900, 9900, 9900, 9900),
(197, 20100, 9950, 9950, 9950, 9950, 9950, 9950),
(198, 20200, 10000, 10000, 10000, 10000, 10000, 10000),
(199, 20300, 10050, 10050, 10050, 10050, 10050, 10050),
(200, 20400, 10100, 10100, 10100, 10100, 10100, 10100),
(201, 20500, 10150, 10150, 10150, 10150, 10150, 10150),
(202, 20600, 10200, 10200, 10200, 10200, 10200, 10200),
(203, 20700, 10250, 10250, 10250, 10250, 10250, 10250),
(204, 20800, 10300, 10300, 10300, 10300, 10300, 10300),
(205, 20900, 10350, 10350, 10350, 10350, 10350, 10350),
(206, 21000, 10400, 10400, 10400, 10400, 10400, 10400),
(207, 21100, 10450, 10450, 10450, 10450, 10450, 10450),
(208, 21200, 10500, 10500, 10500, 10500, 10500, 10500),
(209, 21300, 10550, 10550, 10550, 10550, 10550, 10550),
(210, 21400, 10600, 10600, 10600, 10600, 10600, 10600),
(211, 21500, 10650, 10650, 10650, 10650, 10650, 10650),
(212, 21600, 10700, 10700, 10700, 10700, 10700, 10700),
(213, 21700, 10750, 10750, 10750, 10750, 10750, 10750),
(214, 21800, 10800, 10800, 10800, 10800, 10800, 10800),
(215, 21900, 10850, 10850, 10850, 10850, 10850, 10850),
(216, 22000, 10900, 10900, 10900, 10900, 10900, 10900),
(217, 22100, 10950, 10950, 10950, 10950, 10950, 10950),
(218, 22200, 11000, 11000, 11000, 11000, 11000, 11000),
(219, 22300, 11050, 11050, 11050, 11050, 11050, 11050),
(220, 22400, 11100, 11100, 11100, 11100, 11100, 11100),
(221, 22500, 11150, 11150, 11150, 11150, 11150, 11150),
(222, 22600, 11200, 11200, 11200, 11200, 11200, 11200),
(223, 22700, 11250, 11250, 11250, 11250, 11250, 11250),
(224, 22800, 11300, 11300, 11300, 11300, 11300, 11300),
(225, 22900, 11350, 11350, 11350, 11350, 11350, 11350),
(226, 23000, 11400, 11400, 11400, 11400, 11400, 11400),
(227, 23100, 11450, 11450, 11450, 11450, 11450, 11450),
(228, 23200, 11500, 11500, 11500, 11500, 11500, 11500),
(229, 23300, 11550, 11550, 11550, 11550, 11550, 11550),
(230, 23400, 11600, 11600, 11600, 11600, 11600, 11600),
(231, 23500, 11650, 11650, 11650, 11650, 11650, 11650),
(232, 23600, 11700, 11700, 11700, 11700, 11700, 11700),
(233, 23700, 11750, 11750, 11750, 11750, 11750, 11750),
(234, 23800, 11800, 11800, 11800, 11800, 11800, 11800),
(235, 23900, 11850, 11850, 11850, 11850, 11850, 11850),
(236, 24000, 11900, 11900, 11900, 11900, 11900, 11900),
(237, 24100, 11950, 11950, 11950, 11950, 11950, 11950),
(238, 24200, 12000, 12000, 12000, 12000, 12000, 12000),
(239, 24300, 12050, 12050, 12050, 12050, 12050, 12050),
(240, 24400, 12100, 12100, 12100, 12100, 12100, 12100),
(241, 24500, 12150, 12150, 12150, 12150, 12150, 12150),
(242, 24600, 12200, 12200, 12200, 12200, 12200, 12200),
(243, 24700, 12250, 12250, 12250, 12250, 12250, 12250),
(244, 24800, 12300, 12300, 12300, 12300, 12300, 12300),
(245, 24900, 12350, 12350, 12350, 12350, 12350, 12350),
(246, 25000, 12400, 12400, 12400, 12400, 12400, 12400),
(247, 25100, 12450, 12450, 12450, 12450, 12450, 12450),
(248, 25200, 12500, 12500, 12500, 12500, 12500, 12500),
(249, 25300, 12550, 12550, 12550, 12550, 12550, 12550),
(250, 25400, 12600, 12600, 12600, 12600, 12600, 12600),
(251, 25500, 12650, 12650, 12650, 12650, 12650, 12650),
(252, 25600, 12700, 12700, 12700, 12700, 12700, 12700),
(253, 25700, 12750, 12750, 12750, 12750, 12750, 12750),
(254, 25800, 12800, 12800, 12800, 12800, 12800, 12800),
(255, 25900, 12850, 12850, 12850, 12850, 12850, 12850),
(256, 26000, 12900, 12900, 12900, 12900, 12900, 12900),
(257, 26100, 12950, 12950, 12950, 12950, 12950, 12950),
(258, 26200, 13000, 13000, 13000, 13000, 13000, 13000),
(259, 26300, 13050, 13050, 13050, 13050, 13050, 13050),
(260, 26400, 13100, 13100, 13100, 13100, 13100, 13100),
(261, 26500, 13150, 13150, 13150, 13150, 13150, 13150),
(262, 26600, 13200, 13200, 13200, 13200, 13200, 13200),
(263, 26700, 13250, 13250, 13250, 13250, 13250, 13250),
(264, 26800, 13300, 13300, 13300, 13300, 13300, 13300),
(265, 26900, 13350, 13350, 13350, 13350, 13350, 13350),
(266, 27000, 13400, 13400, 13400, 13400, 13400, 13400),
(267, 27100, 13450, 13450, 13450, 13450, 13450, 13450),
(268, 27200, 13500, 13500, 13500, 13500, 13500, 13500),
(269, 27300, 13550, 13550, 13550, 13550, 13550, 13550),
(270, 27400, 13600, 13600, 13600, 13600, 13600, 13600),
(271, 27500, 13650, 13650, 13650, 13650, 13650, 13650),
(272, 27600, 13700, 13700, 13700, 13700, 13700, 13700),
(273, 27700, 13750, 13750, 13750, 13750, 13750, 13750),
(274, 27800, 13800, 13800, 13800, 13800, 13800, 13800),
(275, 27900, 13850, 13850, 13850, 13850, 13850, 13850),
(276, 28000, 13900, 13900, 13900, 13900, 13900, 13900),
(277, 28100, 13950, 13950, 13950, 13950, 13950, 13950),
(278, 28200, 14000, 14000, 14000, 14000, 14000, 14000),
(279, 28300, 14050, 14050, 14050, 14050, 14050, 14050),
(280, 28400, 14100, 14100, 14100, 14100, 14100, 14100),
(281, 28500, 14150, 14150, 14150, 14150, 14150, 14150),
(282, 28600, 14200, 14200, 14200, 14200, 14200, 14200),
(283, 28700, 14250, 14250, 14250, 14250, 14250, 14250),
(284, 28800, 14300, 14300, 14300, 14300, 14300, 14300),
(285, 28900, 14350, 14350, 14350, 14350, 14350, 14350),
(286, 29000, 14400, 14400, 14400, 14400, 14400, 14400),
(287, 29100, 14450, 14450, 14450, 14450, 14450, 14450),
(288, 29200, 14500, 14500, 14500, 14500, 14500, 14500),
(289, 29300, 14550, 14550, 14550, 14550, 14550, 14550),
(290, 29400, 14600, 14600, 14600, 14600, 14600, 14600),
(291, 29500, 14650, 14650, 14650, 14650, 14650, 14650),
(292, 29600, 14700, 14700, 14700, 14700, 14700, 14700),
(293, 29700, 14750, 14750, 14750, 14750, 14750, 14750),
(294, 29800, 14800, 14800, 14800, 14800, 14800, 14800),
(295, 29900, 14850, 14850, 14850, 14850, 14850, 14850),
(296, 30000, 14900, 14900, 14900, 14900, 14900, 14900),
(297, 30100, 14950, 14950, 14950, 14950, 14950, 14950),
(298, 30200, 15000, 15000, 15000, 15000, 15000, 15000),
(299, 30300, 15050, 15050, 15050, 15050, 15050, 15050),
(300, 30400, 15100, 15100, 15100, 15100, 15100, 15100),
(301, 30500, 15150, 15150, 15150, 15150, 15150, 15150),
(302, 30600, 15200, 15200, 15200, 15200, 15200, 15200),
(303, 30700, 15250, 15250, 15250, 15250, 15250, 15250),
(304, 30800, 15300, 15300, 15300, 15300, 15300, 15300),
(305, 30900, 15350, 15350, 15350, 15350, 15350, 15350),
(306, 31000, 15400, 15400, 15400, 15400, 15400, 15400),
(307, 31100, 15450, 15450, 15450, 15450, 15450, 15450),
(308, 31200, 15500, 15500, 15500, 15500, 15500, 15500),
(309, 31300, 15550, 15550, 15550, 15550, 15550, 15550),
(310, 31400, 15600, 15600, 15600, 15600, 15600, 15600),
(311, 31500, 15650, 15650, 15650, 15650, 15650, 15650),
(312, 31600, 15700, 15700, 15700, 15700, 15700, 15700),
(313, 31700, 15750, 15750, 15750, 15750, 15750, 15750),
(314, 31800, 15800, 15800, 15800, 15800, 15800, 15800),
(315, 31900, 15850, 15850, 15850, 15850, 15850, 15850),
(316, 32000, 15900, 15900, 15900, 15900, 15900, 15900),
(317, 32100, 15950, 15950, 15950, 15950, 15950, 15950),
(318, 32200, 16000, 16000, 16000, 16000, 16000, 16000),
(319, 32300, 16050, 16050, 16050, 16050, 16050, 16050),
(320, 32400, 16100, 16100, 16100, 16100, 16100, 16100),
(321, 32500, 16150, 16150, 16150, 16150, 16150, 16150),
(322, 32600, 16200, 16200, 16200, 16200, 16200, 16200),
(323, 32700, 16250, 16250, 16250, 16250, 16250, 16250),
(324, 32800, 16300, 16300, 16300, 16300, 16300, 16300),
(325, 32900, 16350, 16350, 16350, 16350, 16350, 16350),
(326, 33000, 16400, 16400, 16400, 16400, 16400, 16400),
(327, 33100, 16450, 16450, 16450, 16450, 16450, 16450),
(328, 33200, 16500, 16500, 16500, 16500, 16500, 16500),
(329, 33300, 16550, 16550, 16550, 16550, 16550, 16550),
(330, 33400, 16600, 16600, 16600, 16600, 16600, 16600),
(331, 33500, 16650, 16650, 16650, 16650, 16650, 16650),
(332, 33600, 16700, 16700, 16700, 16700, 16700, 16700),
(333, 33700, 16750, 16750, 16750, 16750, 16750, 16750),
(334, 33800, 16800, 16800, 16800, 16800, 16800, 16800),
(335, 33900, 16850, 16850, 16850, 16850, 16850, 16850),
(336, 34000, 16900, 16900, 16900, 16900, 16900, 16900),
(337, 34100, 16950, 16950, 16950, 16950, 16950, 16950),
(338, 34200, 17000, 17000, 17000, 17000, 17000, 17000),
(339, 34300, 17050, 17050, 17050, 17050, 17050, 17050),
(340, 34400, 17100, 17100, 17100, 17100, 17100, 17100),
(341, 34500, 17150, 17150, 17150, 17150, 17150, 17150),
(342, 34600, 17200, 17200, 17200, 17200, 17200, 17200),
(343, 34700, 17250, 17250, 17250, 17250, 17250, 17250),
(344, 34800, 17300, 17300, 17300, 17300, 17300, 17300),
(345, 34900, 17350, 17350, 17350, 17350, 17350, 17350),
(346, 35000, 17400, 17400, 17400, 17400, 17400, 17400),
(347, 35100, 17450, 17450, 17450, 17450, 17450, 17450),
(348, 35200, 17500, 17500, 17500, 17500, 17500, 17500),
(349, 35300, 17550, 17550, 17550, 17550, 17550, 17550),
(350, 35400, 17600, 17600, 17600, 17600, 17600, 17600),
(351, 35500, 17650, 17650, 17650, 17650, 17650, 17650),
(352, 35600, 17700, 17700, 17700, 17700, 17700, 17700),
(353, 35700, 17750, 17750, 17750, 17750, 17750, 17750),
(354, 35800, 17800, 17800, 17800, 17800, 17800, 17800),
(355, 35900, 17850, 17850, 17850, 17850, 17850, 17850),
(356, 36000, 17900, 17900, 17900, 17900, 17900, 17900),
(357, 36100, 17950, 17950, 17950, 17950, 17950, 17950),
(358, 36200, 18000, 18000, 18000, 18000, 18000, 18000),
(359, 36300, 18050, 18050, 18050, 18050, 18050, 18050),
(360, 36400, 18100, 18100, 18100, 18100, 18100, 18100),
(361, 36500, 18150, 18150, 18150, 18150, 18150, 18150),
(362, 36600, 18200, 18200, 18200, 18200, 18200, 18200),
(363, 36700, 18250, 18250, 18250, 18250, 18250, 18250),
(364, 36800, 18300, 18300, 18300, 18300, 18300, 18300),
(365, 36900, 18350, 18350, 18350, 18350, 18350, 18350),
(366, 37000, 18400, 18400, 18400, 18400, 18400, 18400),
(367, 37100, 18450, 18450, 18450, 18450, 18450, 18450),
(368, 37200, 18500, 18500, 18500, 18500, 18500, 18500),
(369, 37300, 18550, 18550, 18550, 18550, 18550, 18550),
(370, 37400, 18600, 18600, 18600, 18600, 18600, 18600),
(371, 37500, 18650, 18650, 18650, 18650, 18650, 18650),
(372, 37600, 18700, 18700, 18700, 18700, 18700, 18700),
(373, 37700, 18750, 18750, 18750, 18750, 18750, 18750),
(374, 37800, 18800, 18800, 18800, 18800, 18800, 18800),
(375, 37900, 18850, 18850, 18850, 18850, 18850, 18850),
(376, 38000, 18900, 18900, 18900, 18900, 18900, 18900),
(377, 38100, 18950, 18950, 18950, 18950, 18950, 18950),
(378, 38200, 19000, 19000, 19000, 19000, 19000, 19000),
(379, 38300, 19050, 19050, 19050, 19050, 19050, 19050),
(380, 38400, 19100, 19100, 19100, 19100, 19100, 19100),
(381, 38500, 19150, 19150, 19150, 19150, 19150, 19150),
(382, 38600, 19200, 19200, 19200, 19200, 19200, 19200),
(383, 38700, 19250, 19250, 19250, 19250, 19250, 19250),
(384, 38800, 19300, 19300, 19300, 19300, 19300, 19300),
(385, 38900, 19350, 19350, 19350, 19350, 19350, 19350),
(386, 39000, 19400, 19400, 19400, 19400, 19400, 19400),
(387, 39100, 19450, 19450, 19450, 19450, 19450, 19450),
(388, 39200, 19500, 19500, 19500, 19500, 19500, 19500),
(389, 39300, 19550, 19550, 19550, 19550, 19550, 19550),
(390, 39400, 19600, 19600, 19600, 19600, 19600, 19600),
(391, 39500, 19650, 19650, 19650, 19650, 19650, 19650),
(392, 39600, 19700, 19700, 19700, 19700, 19700, 19700),
(393, 39700, 19750, 19750, 19750, 19750, 19750, 19750),
(394, 39800, 19800, 19800, 19800, 19800, 19800, 19800),
(395, 39900, 19850, 19850, 19850, 19850, 19850, 19850),
(396, 40000, 19900, 19900, 19900, 19900, 19900, 19900),
(397, 40100, 19950, 19950, 19950, 19950, 19950, 19950),
(398, 40200, 20000, 20000, 20000, 20000, 20000, 20000),
(399, 40300, 20050, 20050, 20050, 20050, 20050, 20050),
(400, 40400, 20100, 20100, 20100, 20100, 20100, 20100),
(401, 40500, 20150, 20150, 20150, 20150, 20150, 20150),
(402, 40600, 20200, 20200, 20200, 20200, 20200, 20200),
(403, 40700, 20250, 20250, 20250, 20250, 20250, 20250),
(404, 40800, 20300, 20300, 20300, 20300, 20300, 20300),
(405, 40900, 20350, 20350, 20350, 20350, 20350, 20350),
(406, 41000, 20400, 20400, 20400, 20400, 20400, 20400),
(407, 41100, 20450, 20450, 20450, 20450, 20450, 20450),
(408, 41200, 20500, 20500, 20500, 20500, 20500, 20500),
(409, 41300, 20550, 20550, 20550, 20550, 20550, 20550),
(410, 41400, 20600, 20600, 20600, 20600, 20600, 20600),
(411, 41500, 20650, 20650, 20650, 20650, 20650, 20650),
(412, 41600, 20700, 20700, 20700, 20700, 20700, 20700),
(413, 41700, 20750, 20750, 20750, 20750, 20750, 20750),
(414, 41800, 20800, 20800, 20800, 20800, 20800, 20800),
(415, 41900, 20850, 20850, 20850, 20850, 20850, 20850),
(416, 42000, 20900, 20900, 20900, 20900, 20900, 20900),
(417, 42100, 20950, 20950, 20950, 20950, 20950, 20950),
(418, 42200, 21000, 21000, 21000, 21000, 21000, 21000),
(419, 42300, 21050, 21050, 21050, 21050, 21050, 21050),
(420, 42400, 21100, 21100, 21100, 21100, 21100, 21100),
(421, 42500, 21150, 21150, 21150, 21150, 21150, 21150),
(422, 42600, 21200, 21200, 21200, 21200, 21200, 21200),
(423, 42700, 21250, 21250, 21250, 21250, 21250, 21250),
(424, 42800, 21300, 21300, 21300, 21300, 21300, 21300),
(425, 42900, 21350, 21350, 21350, 21350, 21350, 21350),
(426, 43000, 21400, 21400, 21400, 21400, 21400, 21400),
(427, 43100, 21450, 21450, 21450, 21450, 21450, 21450),
(428, 43200, 21500, 21500, 21500, 21500, 21500, 21500),
(429, 43300, 21550, 21550, 21550, 21550, 21550, 21550),
(430, 43400, 21600, 21600, 21600, 21600, 21600, 21600),
(431, 43500, 21650, 21650, 21650, 21650, 21650, 21650),
(432, 43600, 21700, 21700, 21700, 21700, 21700, 21700),
(433, 43700, 21750, 21750, 21750, 21750, 21750, 21750),
(434, 43800, 21800, 21800, 21800, 21800, 21800, 21800),
(435, 43900, 21850, 21850, 21850, 21850, 21850, 21850),
(436, 44000, 21900, 21900, 21900, 21900, 21900, 21900),
(437, 44100, 21950, 21950, 21950, 21950, 21950, 21950),
(438, 44200, 22000, 22000, 22000, 22000, 22000, 22000),
(439, 44300, 22050, 22050, 22050, 22050, 22050, 22050),
(440, 44400, 22100, 22100, 22100, 22100, 22100, 22100),
(441, 44500, 22150, 22150, 22150, 22150, 22150, 22150),
(442, 44600, 22200, 22200, 22200, 22200, 22200, 22200),
(443, 44700, 22250, 22250, 22250, 22250, 22250, 22250),
(444, 44800, 22300, 22300, 22300, 22300, 22300, 22300),
(445, 44900, 22350, 22350, 22350, 22350, 22350, 22350),
(446, 45000, 22400, 22400, 22400, 22400, 22400, 22400),
(447, 45100, 22450, 22450, 22450, 22450, 22450, 22450),
(448, 45200, 22500, 22500, 22500, 22500, 22500, 22500),
(449, 45300, 22550, 22550, 22550, 22550, 22550, 22550),
(450, 45400, 22600, 22600, 22600, 22600, 22600, 22600),
(451, 45500, 22650, 22650, 22650, 22650, 22650, 22650),
(452, 45600, 22700, 22700, 22700, 22700, 22700, 22700),
(453, 45700, 22750, 22750, 22750, 22750, 22750, 22750),
(454, 45800, 22800, 22800, 22800, 22800, 22800, 22800),
(455, 45900, 22850, 22850, 22850, 22850, 22850, 22850),
(456, 46000, 22900, 22900, 22900, 22900, 22900, 22900),
(457, 46100, 22950, 22950, 22950, 22950, 22950, 22950),
(458, 46200, 23000, 23000, 23000, 23000, 23000, 23000),
(459, 46300, 23050, 23050, 23050, 23050, 23050, 23050),
(460, 46400, 23100, 23100, 23100, 23100, 23100, 23100),
(461, 46500, 23150, 23150, 23150, 23150, 23150, 23150),
(462, 46600, 23200, 23200, 23200, 23200, 23200, 23200),
(463, 46700, 23250, 23250, 23250, 23250, 23250, 23250),
(464, 46800, 23300, 23300, 23300, 23300, 23300, 23300),
(465, 46900, 23350, 23350, 23350, 23350, 23350, 23350),
(466, 47000, 23400, 23400, 23400, 23400, 23400, 23400),
(467, 47100, 23450, 23450, 23450, 23450, 23450, 23450),
(468, 47200, 23500, 23500, 23500, 23500, 23500, 23500),
(469, 47300, 23550, 23550, 23550, 23550, 23550, 23550),
(470, 47400, 23600, 23600, 23600, 23600, 23600, 23600),
(471, 47500, 23650, 23650, 23650, 23650, 23650, 23650),
(472, 47600, 23700, 23700, 23700, 23700, 23700, 23700),
(473, 47700, 23750, 23750, 23750, 23750, 23750, 23750),
(474, 47800, 23800, 23800, 23800, 23800, 23800, 23800),
(475, 47900, 23850, 23850, 23850, 23850, 23850, 23850),
(476, 48000, 23900, 23900, 23900, 23900, 23900, 23900),
(477, 48100, 23950, 23950, 23950, 23950, 23950, 23950),
(478, 48200, 24000, 24000, 24000, 24000, 24000, 24000),
(479, 48300, 24050, 24050, 24050, 24050, 24050, 24050),
(480, 48400, 24100, 24100, 24100, 24100, 24100, 24100),
(481, 48500, 24150, 24150, 24150, 24150, 24150, 24150),
(482, 48600, 24200, 24200, 24200, 24200, 24200, 24200),
(483, 48700, 24250, 24250, 24250, 24250, 24250, 24250),
(484, 48800, 24300, 24300, 24300, 24300, 24300, 24300),
(485, 48900, 24350, 24350, 24350, 24350, 24350, 24350),
(486, 49000, 24400, 24400, 24400, 24400, 24400, 24400),
(487, 49100, 24450, 24450, 24450, 24450, 24450, 24450),
(488, 49200, 24500, 24500, 24500, 24500, 24500, 24500),
(489, 49300, 24550, 24550, 24550, 24550, 24550, 24550),
(490, 49400, 24600, 24600, 24600, 24600, 24600, 24600),
(491, 49500, 24650, 24650, 24650, 24650, 24650, 24650),
(492, 49600, 24700, 24700, 24700, 24700, 24700, 24700),
(493, 49700, 24750, 24750, 24750, 24750, 24750, 24750),
(494, 49800, 24800, 24800, 24800, 24800, 24800, 24800),
(495, 49900, 24850, 24850, 24850, 24850, 24850, 24850),
(496, 50000, 24900, 24900, 24900, 24900, 24900, 24900),
(497, 50100, 24950, 24950, 24950, 24950, 24950, 24950),
(498, 50200, 25000, 25000, 25000, 25000, 25000, 25000),
(499, 50300, 25050, 25050, 25050, 25050, 25050, 25050),
(500, 50400, 25100, 25100, 25100, 25100, 25100, 25100),
(501, 50500, 25150, 25150, 25150, 25150, 25150, 25150),
(502, 50600, 25200, 25200, 25200, 25200, 25200, 25200),
(503, 50700, 25250, 25250, 25250, 25250, 25250, 25250),
(504, 50800, 25300, 25300, 25300, 25300, 25300, 25300),
(505, 50900, 25350, 25350, 25350, 25350, 25350, 25350),
(506, 51000, 25400, 25400, 25400, 25400, 25400, 25400),
(507, 51100, 25450, 25450, 25450, 25450, 25450, 25450),
(508, 51200, 25500, 25500, 25500, 25500, 25500, 25500),
(509, 51300, 25550, 25550, 25550, 25550, 25550, 25550),
(510, 51400, 25600, 25600, 25600, 25600, 25600, 25600),
(511, 51500, 25650, 25650, 25650, 25650, 25650, 25650),
(512, 51600, 25700, 25700, 25700, 25700, 25700, 25700),
(513, 51700, 25750, 25750, 25750, 25750, 25750, 25750),
(514, 51800, 25800, 25800, 25800, 25800, 25800, 25800),
(515, 51900, 25850, 25850, 25850, 25850, 25850, 25850),
(516, 52000, 25900, 25900, 25900, 25900, 25900, 25900),
(517, 52100, 25950, 25950, 25950, 25950, 25950, 25950),
(518, 52200, 26000, 26000, 26000, 26000, 26000, 26000),
(519, 52300, 26050, 26050, 26050, 26050, 26050, 26050),
(520, 52400, 26100, 26100, 26100, 26100, 26100, 26100),
(521, 52500, 26150, 26150, 26150, 26150, 26150, 26150),
(522, 52600, 26200, 26200, 26200, 26200, 26200, 26200),
(523, 52700, 26250, 26250, 26250, 26250, 26250, 26250),
(524, 52800, 26300, 26300, 26300, 26300, 26300, 26300),
(525, 52900, 26350, 26350, 26350, 26350, 26350, 26350),
(526, 53000, 26400, 26400, 26400, 26400, 26400, 26400),
(527, 53100, 26450, 26450, 26450, 26450, 26450, 26450),
(528, 53200, 26500, 26500, 26500, 26500, 26500, 26500),
(529, 53300, 26550, 26550, 26550, 26550, 26550, 26550),
(530, 53400, 26600, 26600, 26600, 26600, 26600, 26600),
(531, 53500, 26650, 26650, 26650, 26650, 26650, 26650),
(532, 53600, 26700, 26700, 26700, 26700, 26700, 26700),
(533, 53700, 26750, 26750, 26750, 26750, 26750, 26750),
(534, 53800, 26800, 26800, 26800, 26800, 26800, 26800),
(535, 53900, 26850, 26850, 26850, 26850, 26850, 26850),
(536, 54000, 26900, 26900, 26900, 26900, 26900, 26900),
(537, 54100, 26950, 26950, 26950, 26950, 26950, 26950),
(538, 54200, 27000, 27000, 27000, 27000, 27000, 27000),
(539, 54300, 27050, 27050, 27050, 27050, 27050, 27050),
(540, 54400, 27100, 27100, 27100, 27100, 27100, 27100),
(541, 54500, 27150, 27150, 27150, 27150, 27150, 27150),
(542, 54600, 27200, 27200, 27200, 27200, 27200, 27200),
(543, 54700, 27250, 27250, 27250, 27250, 27250, 27250),
(544, 54800, 27300, 27300, 27300, 27300, 27300, 27300),
(545, 54900, 27350, 27350, 27350, 27350, 27350, 27350),
(546, 55000, 27400, 27400, 27400, 27400, 27400, 27400),
(547, 55100, 27450, 27450, 27450, 27450, 27450, 27450),
(548, 55200, 27500, 27500, 27500, 27500, 27500, 27500),
(549, 55300, 27550, 27550, 27550, 27550, 27550, 27550),
(550, 55400, 27600, 27600, 27600, 27600, 27600, 27600),
(551, 55500, 27650, 27650, 27650, 27650, 27650, 27650),
(552, 55600, 27700, 27700, 27700, 27700, 27700, 27700),
(553, 55700, 27750, 27750, 27750, 27750, 27750, 27750),
(554, 55800, 27800, 27800, 27800, 27800, 27800, 27800),
(555, 55900, 27850, 27850, 27850, 27850, 27850, 27850),
(556, 56000, 27900, 27900, 27900, 27900, 27900, 27900),
(557, 56100, 27950, 27950, 27950, 27950, 27950, 27950),
(558, 56200, 28000, 28000, 28000, 28000, 28000, 28000),
(559, 56300, 28050, 28050, 28050, 28050, 28050, 28050),
(560, 56400, 28100, 28100, 28100, 28100, 28100, 28100),
(561, 56500, 28150, 28150, 28150, 28150, 28150, 28150),
(562, 56600, 28200, 28200, 28200, 28200, 28200, 28200),
(563, 56700, 28250, 28250, 28250, 28250, 28250, 28250),
(564, 56800, 28300, 28300, 28300, 28300, 28300, 28300),
(565, 56900, 28350, 28350, 28350, 28350, 28350, 28350),
(566, 57000, 28400, 28400, 28400, 28400, 28400, 28400),
(567, 57100, 28450, 28450, 28450, 28450, 28450, 28450),
(568, 57200, 28500, 28500, 28500, 28500, 28500, 28500),
(569, 57300, 28550, 28550, 28550, 28550, 28550, 28550),
(570, 57400, 28600, 28600, 28600, 28600, 28600, 28600),
(571, 57500, 28650, 28650, 28650, 28650, 28650, 28650),
(572, 57600, 28700, 28700, 28700, 28700, 28700, 28700),
(573, 57700, 28750, 28750, 28750, 28750, 28750, 28750),
(574, 57800, 28800, 28800, 28800, 28800, 28800, 28800),
(575, 57900, 28850, 28850, 28850, 28850, 28850, 28850),
(576, 58000, 28900, 28900, 28900, 28900, 28900, 28900),
(577, 58100, 28950, 28950, 28950, 28950, 28950, 28950),
(578, 58200, 29000, 29000, 29000, 29000, 29000, 29000),
(579, 58300, 29050, 29050, 29050, 29050, 29050, 29050),
(580, 58400, 29100, 29100, 29100, 29100, 29100, 29100),
(581, 58500, 29150, 29150, 29150, 29150, 29150, 29150),
(582, 58600, 29200, 29200, 29200, 29200, 29200, 29200),
(583, 58700, 29250, 29250, 29250, 29250, 29250, 29250),
(584, 58800, 29300, 29300, 29300, 29300, 29300, 29300),
(585, 58900, 29350, 29350, 29350, 29350, 29350, 29350),
(586, 59000, 29400, 29400, 29400, 29400, 29400, 29400),
(587, 59100, 29450, 29450, 29450, 29450, 29450, 29450),
(588, 59200, 29500, 29500, 29500, 29500, 29500, 29500),
(589, 59300, 29550, 29550, 29550, 29550, 29550, 29550),
(590, 59400, 29600, 29600, 29600, 29600, 29600, 29600),
(591, 59500, 29650, 29650, 29650, 29650, 29650, 29650),
(592, 59600, 29700, 29700, 29700, 29700, 29700, 29700),
(593, 59700, 29750, 29750, 29750, 29750, 29750, 29750),
(594, 59800, 29800, 29800, 29800, 29800, 29800, 29800),
(595, 59900, 29850, 29850, 29850, 29850, 29850, 29850),
(596, 60000, 29900, 29900, 29900, 29900, 29900, 29900),
(597, 60100, 29950, 29950, 29950, 29950, 29950, 29950),
(598, 60200, 30000, 30000, 30000, 30000, 30000, 30000),
(599, 60300, 30050, 30050, 30050, 30050, 30050, 30050),
(600, 60400, 30100, 30100, 30100, 30100, 30100, 30100),
(601, 60500, 30150, 30150, 30150, 30150, 30150, 30150),
(602, 60600, 30200, 30200, 30200, 30200, 30200, 30200),
(603, 60700, 30250, 30250, 30250, 30250, 30250, 30250),
(604, 60800, 30300, 30300, 30300, 30300, 30300, 30300),
(605, 60900, 30350, 30350, 30350, 30350, 30350, 30350),
(606, 61000, 30400, 30400, 30400, 30400, 30400, 30400),
(607, 61100, 30450, 30450, 30450, 30450, 30450, 30450),
(608, 61200, 30500, 30500, 30500, 30500, 30500, 30500),
(609, 61300, 30550, 30550, 30550, 30550, 30550, 30550),
(610, 61400, 30600, 30600, 30600, 30600, 30600, 30600),
(611, 61500, 30650, 30650, 30650, 30650, 30650, 30650),
(612, 61600, 30700, 30700, 30700, 30700, 30700, 30700),
(613, 61700, 30750, 30750, 30750, 30750, 30750, 30750),
(614, 61800, 30800, 30800, 30800, 30800, 30800, 30800),
(615, 61900, 30850, 30850, 30850, 30850, 30850, 30850),
(616, 62000, 30900, 30900, 30900, 30900, 30900, 30900),
(617, 62100, 30950, 30950, 30950, 30950, 30950, 30950),
(618, 62200, 31000, 31000, 31000, 31000, 31000, 31000),
(619, 62300, 31050, 31050, 31050, 31050, 31050, 31050),
(620, 62400, 31100, 31100, 31100, 31100, 31100, 31100),
(621, 62500, 31150, 31150, 31150, 31150, 31150, 31150),
(622, 62600, 31200, 31200, 31200, 31200, 31200, 31200),
(623, 62700, 31250, 31250, 31250, 31250, 31250, 31250),
(624, 62800, 31300, 31300, 31300, 31300, 31300, 31300),
(625, 62900, 31350, 31350, 31350, 31350, 31350, 31350),
(626, 63000, 31400, 31400, 31400, 31400, 31400, 31400),
(627, 63100, 31450, 31450, 31450, 31450, 31450, 31450),
(628, 63200, 31500, 31500, 31500, 31500, 31500, 31500),
(629, 63300, 31550, 31550, 31550, 31550, 31550, 31550),
(630, 63400, 31600, 31600, 31600, 31600, 31600, 31600),
(631, 63500, 31650, 31650, 31650, 31650, 31650, 31650),
(632, 63600, 31700, 31700, 31700, 31700, 31700, 31700),
(633, 63700, 31750, 31750, 31750, 31750, 31750, 31750),
(634, 63800, 31800, 31800, 31800, 31800, 31800, 31800),
(635, 63900, 31850, 31850, 31850, 31850, 31850, 31850),
(636, 64000, 31900, 31900, 31900, 31900, 31900, 31900),
(637, 64100, 31950, 31950, 31950, 31950, 31950, 31950),
(638, 64200, 32000, 32000, 32000, 32000, 32000, 32000),
(639, 64300, 32050, 32050, 32050, 32050, 32050, 32050),
(640, 64400, 32100, 32100, 32100, 32100, 32100, 32100),
(641, 64500, 32150, 32150, 32150, 32150, 32150, 32150),
(642, 64600, 32200, 32200, 32200, 32200, 32200, 32200),
(643, 64700, 32250, 32250, 32250, 32250, 32250, 32250),
(644, 64800, 32300, 32300, 32300, 32300, 32300, 32300),
(645, 64900, 32350, 32350, 32350, 32350, 32350, 32350),
(646, 65000, 32400, 32400, 32400, 32400, 32400, 32400),
(647, 65100, 32450, 32450, 32450, 32450, 32450, 32450),
(648, 65200, 32500, 32500, 32500, 32500, 32500, 32500),
(649, 65300, 32550, 32550, 32550, 32550, 32550, 32550),
(650, 65400, 32600, 32600, 32600, 32600, 32600, 32600),
(651, 65500, 32650, 32650, 32650, 32650, 32650, 32650),
(652, 65600, 32700, 32700, 32700, 32700, 32700, 32700),
(653, 65700, 32750, 32750, 32750, 32750, 32750, 32750),
(654, 65800, 32800, 32800, 32800, 32800, 32800, 32800),
(655, 65900, 32850, 32850, 32850, 32850, 32850, 32850),
(656, 66000, 32900, 32900, 32900, 32900, 32900, 32900),
(657, 66100, 32950, 32950, 32950, 32950, 32950, 32950),
(658, 66200, 33000, 33000, 33000, 33000, 33000, 33000),
(659, 66300, 33050, 33050, 33050, 33050, 33050, 33050),
(660, 66400, 33100, 33100, 33100, 33100, 33100, 33100),
(661, 66500, 33150, 33150, 33150, 33150, 33150, 33150),
(662, 66600, 33200, 33200, 33200, 33200, 33200, 33200),
(663, 66700, 33250, 33250, 33250, 33250, 33250, 33250),
(664, 66800, 33300, 33300, 33300, 33300, 33300, 33300),
(665, 66900, 33350, 33350, 33350, 33350, 33350, 33350),
(666, 67000, 33400, 33400, 33400, 33400, 33400, 33400),
(667, 67100, 33450, 33450, 33450, 33450, 33450, 33450),
(668, 67200, 33500, 33500, 33500, 33500, 33500, 33500),
(669, 67300, 33550, 33550, 33550, 33550, 33550, 33550),
(670, 67400, 33600, 33600, 33600, 33600, 33600, 33600),
(671, 67500, 33650, 33650, 33650, 33650, 33650, 33650),
(672, 67600, 33700, 33700, 33700, 33700, 33700, 33700),
(673, 67700, 33750, 33750, 33750, 33750, 33750, 33750),
(674, 67800, 33800, 33800, 33800, 33800, 33800, 33800),
(675, 67900, 33850, 33850, 33850, 33850, 33850, 33850),
(676, 68000, 33900, 33900, 33900, 33900, 33900, 33900),
(677, 68100, 33950, 33950, 33950, 33950, 33950, 33950),
(678, 68200, 34000, 34000, 34000, 34000, 34000, 34000),
(679, 68300, 34050, 34050, 34050, 34050, 34050, 34050),
(680, 68400, 34100, 34100, 34100, 34100, 34100, 34100),
(681, 68500, 34150, 34150, 34150, 34150, 34150, 34150),
(682, 68600, 34200, 34200, 34200, 34200, 34200, 34200),
(683, 68700, 34250, 34250, 34250, 34250, 34250, 34250),
(684, 68800, 34300, 34300, 34300, 34300, 34300, 34300),
(685, 68900, 34350, 34350, 34350, 34350, 34350, 34350),
(686, 69000, 34400, 34400, 34400, 34400, 34400, 34400),
(687, 69100, 34450, 34450, 34450, 34450, 34450, 34450),
(688, 69200, 34500, 34500, 34500, 34500, 34500, 34500),
(689, 69300, 34550, 34550, 34550, 34550, 34550, 34550),
(690, 69400, 34600, 34600, 34600, 34600, 34600, 34600),
(691, 69500, 34650, 34650, 34650, 34650, 34650, 34650),
(692, 69600, 34700, 34700, 34700, 34700, 34700, 34700),
(693, 69700, 34750, 34750, 34750, 34750, 34750, 34750),
(694, 69800, 34800, 34800, 34800, 34800, 34800, 34800),
(695, 69900, 34850, 34850, 34850, 34850, 34850, 34850),
(696, 70000, 34900, 34900, 34900, 34900, 34900, 34900),
(697, 70100, 34950, 34950, 34950, 34950, 34950, 34950),
(698, 70200, 35000, 35000, 35000, 35000, 35000, 35000),
(699, 70300, 35050, 35050, 35050, 35050, 35050, 35050),
(700, 70400, 35100, 35100, 35100, 35100, 35100, 35100),
(701, 70500, 35150, 35150, 35150, 35150, 35150, 35150),
(702, 70600, 35200, 35200, 35200, 35200, 35200, 35200),
(703, 70700, 35250, 35250, 35250, 35250, 35250, 35250),
(704, 70800, 35300, 35300, 35300, 35300, 35300, 35300),
(705, 70900, 35350, 35350, 35350, 35350, 35350, 35350),
(706, 71000, 35400, 35400, 35400, 35400, 35400, 35400),
(707, 71100, 35450, 35450, 35450, 35450, 35450, 35450),
(708, 71200, 35500, 35500, 35500, 35500, 35500, 35500),
(709, 71300, 35550, 35550, 35550, 35550, 35550, 35550),
(710, 71400, 35600, 35600, 35600, 35600, 35600, 35600),
(711, 71500, 35650, 35650, 35650, 35650, 35650, 35650),
(712, 71600, 35700, 35700, 35700, 35700, 35700, 35700),
(713, 71700, 35750, 35750, 35750, 35750, 35750, 35750),
(714, 71800, 35800, 35800, 35800, 35800, 35800, 35800),
(715, 71900, 35850, 35850, 35850, 35850, 35850, 35850),
(716, 72000, 35900, 35900, 35900, 35900, 35900, 35900),
(717, 72100, 35950, 35950, 35950, 35950, 35950, 35950),
(718, 72200, 36000, 36000, 36000, 36000, 36000, 36000),
(719, 72300, 36050, 36050, 36050, 36050, 36050, 36050),
(720, 72400, 36100, 36100, 36100, 36100, 36100, 36100),
(721, 72500, 36150, 36150, 36150, 36150, 36150, 36150),
(722, 72600, 36200, 36200, 36200, 36200, 36200, 36200),
(723, 72700, 36250, 36250, 36250, 36250, 36250, 36250),
(724, 72800, 36300, 36300, 36300, 36300, 36300, 36300),
(725, 72900, 36350, 36350, 36350, 36350, 36350, 36350),
(726, 73000, 36400, 36400, 36400, 36400, 36400, 36400),
(727, 73100, 36450, 36450, 36450, 36450, 36450, 36450),
(728, 73200, 36500, 36500, 36500, 36500, 36500, 36500),
(729, 73300, 36550, 36550, 36550, 36550, 36550, 36550),
(730, 73400, 36600, 36600, 36600, 36600, 36600, 36600),
(731, 73500, 36650, 36650, 36650, 36650, 36650, 36650),
(732, 73600, 36700, 36700, 36700, 36700, 36700, 36700),
(733, 73700, 36750, 36750, 36750, 36750, 36750, 36750),
(734, 73800, 36800, 36800, 36800, 36800, 36800, 36800),
(735, 73900, 36850, 36850, 36850, 36850, 36850, 36850),
(736, 74000, 36900, 36900, 36900, 36900, 36900, 36900),
(737, 74100, 36950, 36950, 36950, 36950, 36950, 36950),
(738, 74200, 37000, 37000, 37000, 37000, 37000, 37000),
(739, 74300, 37050, 37050, 37050, 37050, 37050, 37050),
(740, 74400, 37100, 37100, 37100, 37100, 37100, 37100),
(741, 74500, 37150, 37150, 37150, 37150, 37150, 37150),
(742, 74600, 37200, 37200, 37200, 37200, 37200, 37200),
(743, 74700, 37250, 37250, 37250, 37250, 37250, 37250),
(744, 74800, 37300, 37300, 37300, 37300, 37300, 37300),
(745, 74900, 37350, 37350, 37350, 37350, 37350, 37350),
(746, 75000, 37400, 37400, 37400, 37400, 37400, 37400),
(747, 75100, 37450, 37450, 37450, 37450, 37450, 37450),
(748, 75200, 37500, 37500, 37500, 37500, 37500, 37500),
(749, 75300, 37550, 37550, 37550, 37550, 37550, 37550),
(750, 75400, 37600, 37600, 37600, 37600, 37600, 37600),
(751, 75500, 37650, 37650, 37650, 37650, 37650, 37650),
(752, 75600, 37700, 37700, 37700, 37700, 37700, 37700),
(753, 75700, 37750, 37750, 37750, 37750, 37750, 37750),
(754, 75800, 37800, 37800, 37800, 37800, 37800, 37800),
(755, 75900, 37850, 37850, 37850, 37850, 37850, 37850),
(756, 76000, 37900, 37900, 37900, 37900, 37900, 37900),
(757, 76100, 37950, 37950, 37950, 37950, 37950, 37950),
(758, 76200, 38000, 38000, 38000, 38000, 38000, 38000),
(759, 76300, 38050, 38050, 38050, 38050, 38050, 38050),
(760, 76400, 38100, 38100, 38100, 38100, 38100, 38100),
(761, 76500, 38150, 38150, 38150, 38150, 38150, 38150),
(762, 76600, 38200, 38200, 38200, 38200, 38200, 38200),
(763, 76700, 38250, 38250, 38250, 38250, 38250, 38250),
(764, 76800, 38300, 38300, 38300, 38300, 38300, 38300),
(765, 76900, 38350, 38350, 38350, 38350, 38350, 38350),
(766, 77000, 38400, 38400, 38400, 38400, 38400, 38400),
(767, 77100, 38450, 38450, 38450, 38450, 38450, 38450),
(768, 77200, 38500, 38500, 38500, 38500, 38500, 38500),
(769, 77300, 38550, 38550, 38550, 38550, 38550, 38550),
(770, 77400, 38600, 38600, 38600, 38600, 38600, 38600),
(771, 77500, 38650, 38650, 38650, 38650, 38650, 38650),
(772, 77600, 38700, 38700, 38700, 38700, 38700, 38700),
(773, 77700, 38750, 38750, 38750, 38750, 38750, 38750),
(774, 77800, 38800, 38800, 38800, 38800, 38800, 38800),
(775, 77900, 38850, 38850, 38850, 38850, 38850, 38850),
(776, 78000, 38900, 38900, 38900, 38900, 38900, 38900),
(777, 78100, 38950, 38950, 38950, 38950, 38950, 38950),
(778, 78200, 39000, 39000, 39000, 39000, 39000, 39000),
(779, 78300, 39050, 39050, 39050, 39050, 39050, 39050),
(780, 78400, 39100, 39100, 39100, 39100, 39100, 39100),
(781, 78500, 39150, 39150, 39150, 39150, 39150, 39150),
(782, 78600, 39200, 39200, 39200, 39200, 39200, 39200),
(783, 78700, 39250, 39250, 39250, 39250, 39250, 39250),
(784, 78800, 39300, 39300, 39300, 39300, 39300, 39300),
(785, 78900, 39350, 39350, 39350, 39350, 39350, 39350),
(786, 79000, 39400, 39400, 39400, 39400, 39400, 39400),
(787, 79100, 39450, 39450, 39450, 39450, 39450, 39450),
(788, 79200, 39500, 39500, 39500, 39500, 39500, 39500),
(789, 79300, 39550, 39550, 39550, 39550, 39550, 39550),
(790, 79400, 39600, 39600, 39600, 39600, 39600, 39600),
(791, 79500, 39650, 39650, 39650, 39650, 39650, 39650),
(792, 79600, 39700, 39700, 39700, 39700, 39700, 39700),
(793, 79700, 39750, 39750, 39750, 39750, 39750, 39750),
(794, 79800, 39800, 39800, 39800, 39800, 39800, 39800),
(795, 79900, 39850, 39850, 39850, 39850, 39850, 39850),
(796, 80000, 39900, 39900, 39900, 39900, 39900, 39900),
(797, 80100, 39950, 39950, 39950, 39950, 39950, 39950),
(798, 80200, 40000, 40000, 40000, 40000, 40000, 40000),
(799, 80300, 40050, 40050, 40050, 40050, 40050, 40050),
(800, 80400, 40100, 40100, 40100, 40100, 40100, 40100),
(801, 80500, 40150, 40150, 40150, 40150, 40150, 40150),
(802, 80600, 40200, 40200, 40200, 40200, 40200, 40200),
(803, 80700, 40250, 40250, 40250, 40250, 40250, 40250),
(804, 80800, 40300, 40300, 40300, 40300, 40300, 40300),
(805, 80900, 40350, 40350, 40350, 40350, 40350, 40350),
(806, 81000, 40400, 40400, 40400, 40400, 40400, 40400),
(807, 81100, 40450, 40450, 40450, 40450, 40450, 40450),
(808, 81200, 40500, 40500, 40500, 40500, 40500, 40500),
(809, 81300, 40550, 40550, 40550, 40550, 40550, 40550),
(810, 81400, 40600, 40600, 40600, 40600, 40600, 40600),
(811, 81500, 40650, 40650, 40650, 40650, 40650, 40650),
(812, 81600, 40700, 40700, 40700, 40700, 40700, 40700),
(813, 81700, 40750, 40750, 40750, 40750, 40750, 40750),
(814, 81800, 40800, 40800, 40800, 40800, 40800, 40800),
(815, 81900, 40850, 40850, 40850, 40850, 40850, 40850),
(816, 82000, 40900, 40900, 40900, 40900, 40900, 40900),
(817, 82100, 40950, 40950, 40950, 40950, 40950, 40950),
(818, 82200, 41000, 41000, 41000, 41000, 41000, 41000),
(819, 82300, 41050, 41050, 41050, 41050, 41050, 41050),
(820, 82400, 41100, 41100, 41100, 41100, 41100, 41100),
(821, 82500, 41150, 41150, 41150, 41150, 41150, 41150),
(822, 82600, 41200, 41200, 41200, 41200, 41200, 41200),
(823, 82700, 41250, 41250, 41250, 41250, 41250, 41250),
(824, 82800, 41300, 41300, 41300, 41300, 41300, 41300),
(825, 82900, 41350, 41350, 41350, 41350, 41350, 41350),
(826, 83000, 41400, 41400, 41400, 41400, 41400, 41400),
(827, 83100, 41450, 41450, 41450, 41450, 41450, 41450),
(828, 83200, 41500, 41500, 41500, 41500, 41500, 41500),
(829, 83300, 41550, 41550, 41550, 41550, 41550, 41550),
(830, 83400, 41600, 41600, 41600, 41600, 41600, 41600),
(831, 83500, 41650, 41650, 41650, 41650, 41650, 41650),
(832, 83600, 41700, 41700, 41700, 41700, 41700, 41700),
(833, 83700, 41750, 41750, 41750, 41750, 41750, 41750),
(834, 83800, 41800, 41800, 41800, 41800, 41800, 41800),
(835, 83900, 41850, 41850, 41850, 41850, 41850, 41850),
(836, 84000, 41900, 41900, 41900, 41900, 41900, 41900),
(837, 84100, 41950, 41950, 41950, 41950, 41950, 41950),
(838, 84200, 42000, 42000, 42000, 42000, 42000, 42000),
(839, 84300, 42050, 42050, 42050, 42050, 42050, 42050),
(840, 84400, 42100, 42100, 42100, 42100, 42100, 42100),
(841, 84500, 42150, 42150, 42150, 42150, 42150, 42150),
(842, 84600, 42200, 42200, 42200, 42200, 42200, 42200),
(843, 84700, 42250, 42250, 42250, 42250, 42250, 42250),
(844, 84800, 42300, 42300, 42300, 42300, 42300, 42300),
(845, 84900, 42350, 42350, 42350, 42350, 42350, 42350),
(846, 85000, 42400, 42400, 42400, 42400, 42400, 42400),
(847, 85100, 42450, 42450, 42450, 42450, 42450, 42450),
(848, 85200, 42500, 42500, 42500, 42500, 42500, 42500),
(849, 85300, 42550, 42550, 42550, 42550, 42550, 42550),
(850, 85400, 42600, 42600, 42600, 42600, 42600, 42600),
(851, 85500, 42650, 42650, 42650, 42650, 42650, 42650),
(852, 85600, 42700, 42700, 42700, 42700, 42700, 42700),
(853, 85700, 42750, 42750, 42750, 42750, 42750, 42750),
(854, 85800, 42800, 42800, 42800, 42800, 42800, 42800),
(855, 85900, 42850, 42850, 42850, 42850, 42850, 42850),
(856, 86000, 42900, 42900, 42900, 42900, 42900, 42900),
(857, 86100, 42950, 42950, 42950, 42950, 42950, 42950),
(858, 86200, 43000, 43000, 43000, 43000, 43000, 43000),
(859, 86300, 43050, 43050, 43050, 43050, 43050, 43050),
(860, 86400, 43100, 43100, 43100, 43100, 43100, 43100),
(861, 86500, 43150, 43150, 43150, 43150, 43150, 43150),
(862, 86600, 43200, 43200, 43200, 43200, 43200, 43200),
(863, 86700, 43250, 43250, 43250, 43250, 43250, 43250),
(864, 86800, 43300, 43300, 43300, 43300, 43300, 43300),
(865, 86900, 43350, 43350, 43350, 43350, 43350, 43350),
(866, 87000, 43400, 43400, 43400, 43400, 43400, 43400),
(867, 87100, 43450, 43450, 43450, 43450, 43450, 43450),
(868, 87200, 43500, 43500, 43500, 43500, 43500, 43500),
(869, 87300, 43550, 43550, 43550, 43550, 43550, 43550),
(870, 87400, 43600, 43600, 43600, 43600, 43600, 43600),
(871, 87500, 43650, 43650, 43650, 43650, 43650, 43650),
(872, 87600, 43700, 43700, 43700, 43700, 43700, 43700),
(873, 87700, 43750, 43750, 43750, 43750, 43750, 43750),
(874, 87800, 43800, 43800, 43800, 43800, 43800, 43800),
(875, 87900, 43850, 43850, 43850, 43850, 43850, 43850),
(876, 88000, 43900, 43900, 43900, 43900, 43900, 43900),
(877, 88100, 43950, 43950, 43950, 43950, 43950, 43950),
(878, 88200, 44000, 44000, 44000, 44000, 44000, 44000),
(879, 88300, 44050, 44050, 44050, 44050, 44050, 44050),
(880, 88400, 44100, 44100, 44100, 44100, 44100, 44100),
(881, 88500, 44150, 44150, 44150, 44150, 44150, 44150),
(882, 88600, 44200, 44200, 44200, 44200, 44200, 44200),
(883, 88700, 44250, 44250, 44250, 44250, 44250, 44250),
(884, 88800, 44300, 44300, 44300, 44300, 44300, 44300),
(885, 88900, 44350, 44350, 44350, 44350, 44350, 44350),
(886, 89000, 44400, 44400, 44400, 44400, 44400, 44400),
(887, 89100, 44450, 44450, 44450, 44450, 44450, 44450),
(888, 89200, 44500, 44500, 44500, 44500, 44500, 44500),
(889, 89300, 44550, 44550, 44550, 44550, 44550, 44550),
(890, 89400, 44600, 44600, 44600, 44600, 44600, 44600),
(891, 89500, 44650, 44650, 44650, 44650, 44650, 44650),
(892, 89600, 44700, 44700, 44700, 44700, 44700, 44700),
(893, 89700, 44750, 44750, 44750, 44750, 44750, 44750),
(894, 89800, 44800, 44800, 44800, 44800, 44800, 44800),
(895, 89900, 44850, 44850, 44850, 44850, 44850, 44850),
(896, 90000, 44900, 44900, 44900, 44900, 44900, 44900),
(897, 90100, 44950, 44950, 44950, 44950, 44950, 44950),
(898, 90200, 45000, 45000, 45000, 45000, 45000, 45000),
(899, 90300, 45050, 45050, 45050, 45050, 45050, 45050),
(900, 90400, 45100, 45100, 45100, 45100, 45100, 45100),
(901, 90500, 45150, 45150, 45150, 45150, 45150, 45150),
(902, 90600, 45200, 45200, 45200, 45200, 45200, 45200),
(903, 90700, 45250, 45250, 45250, 45250, 45250, 45250),
(904, 90800, 45300, 45300, 45300, 45300, 45300, 45300),
(905, 90900, 45350, 45350, 45350, 45350, 45350, 45350),
(906, 91000, 45400, 45400, 45400, 45400, 45400, 45400),
(907, 91100, 45450, 45450, 45450, 45450, 45450, 45450),
(908, 91200, 45500, 45500, 45500, 45500, 45500, 45500),
(909, 91300, 45550, 45550, 45550, 45550, 45550, 45550),
(910, 91400, 45600, 45600, 45600, 45600, 45600, 45600),
(911, 91500, 45650, 45650, 45650, 45650, 45650, 45650),
(912, 91600, 45700, 45700, 45700, 45700, 45700, 45700),
(913, 91700, 45750, 45750, 45750, 45750, 45750, 45750),
(914, 91800, 45800, 45800, 45800, 45800, 45800, 45800),
(915, 91900, 45850, 45850, 45850, 45850, 45850, 45850),
(916, 92000, 45900, 45900, 45900, 45900, 45900, 45900),
(917, 92100, 45950, 45950, 45950, 45950, 45950, 45950),
(918, 92200, 46000, 46000, 46000, 46000, 46000, 46000),
(919, 92300, 46050, 46050, 46050, 46050, 46050, 46050),
(920, 92400, 46100, 46100, 46100, 46100, 46100, 46100),
(921, 92500, 46150, 46150, 46150, 46150, 46150, 46150),
(922, 92600, 46200, 46200, 46200, 46200, 46200, 46200),
(923, 92700, 46250, 46250, 46250, 46250, 46250, 46250),
(924, 92800, 46300, 46300, 46300, 46300, 46300, 46300),
(925, 92900, 46350, 46350, 46350, 46350, 46350, 46350),
(926, 93000, 46400, 46400, 46400, 46400, 46400, 46400),
(927, 93100, 46450, 46450, 46450, 46450, 46450, 46450),
(928, 93200, 46500, 46500, 46500, 46500, 46500, 46500),
(929, 93300, 46550, 46550, 46550, 46550, 46550, 46550),
(930, 93400, 46600, 46600, 46600, 46600, 46600, 46600),
(931, 93500, 46650, 46650, 46650, 46650, 46650, 46650),
(932, 93600, 46700, 46700, 46700, 46700, 46700, 46700),
(933, 93700, 46750, 46750, 46750, 46750, 46750, 46750),
(934, 93800, 46800, 46800, 46800, 46800, 46800, 46800),
(935, 93900, 46850, 46850, 46850, 46850, 46850, 46850),
(936, 94000, 46900, 46900, 46900, 46900, 46900, 46900),
(937, 94100, 46950, 46950, 46950, 46950, 46950, 46950),
(938, 94200, 47000, 47000, 47000, 47000, 47000, 47000),
(939, 94300, 47050, 47050, 47050, 47050, 47050, 47050),
(940, 94400, 47100, 47100, 47100, 47100, 47100, 47100),
(941, 94500, 47150, 47150, 47150, 47150, 47150, 47150),
(942, 94600, 47200, 47200, 47200, 47200, 47200, 47200),
(943, 94700, 47250, 47250, 47250, 47250, 47250, 47250),
(944, 94800, 47300, 47300, 47300, 47300, 47300, 47300),
(945, 94900, 47350, 47350, 47350, 47350, 47350, 47350),
(946, 95000, 47400, 47400, 47400, 47400, 47400, 47400),
(947, 95100, 47450, 47450, 47450, 47450, 47450, 47450),
(948, 95200, 47500, 47500, 47500, 47500, 47500, 47500),
(949, 95300, 47550, 47550, 47550, 47550, 47550, 47550),
(950, 95400, 47600, 47600, 47600, 47600, 47600, 47600),
(951, 95500, 47650, 47650, 47650, 47650, 47650, 47650);
INSERT INTO `status_growth_table` (`level`, `hp_max`, `strength`, `vitality`, `intelligence`, `speed`, `luck`, `charisma`) VALUES
(952, 95600, 47700, 47700, 47700, 47700, 47700, 47700),
(953, 95700, 47750, 47750, 47750, 47750, 47750, 47750),
(954, 95800, 47800, 47800, 47800, 47800, 47800, 47800),
(955, 95900, 47850, 47850, 47850, 47850, 47850, 47850),
(956, 96000, 47900, 47900, 47900, 47900, 47900, 47900),
(957, 96100, 47950, 47950, 47950, 47950, 47950, 47950),
(958, 96200, 48000, 48000, 48000, 48000, 48000, 48000),
(959, 96300, 48050, 48050, 48050, 48050, 48050, 48050),
(960, 96400, 48100, 48100, 48100, 48100, 48100, 48100),
(961, 96500, 48150, 48150, 48150, 48150, 48150, 48150),
(962, 96600, 48200, 48200, 48200, 48200, 48200, 48200),
(963, 96700, 48250, 48250, 48250, 48250, 48250, 48250),
(964, 96800, 48300, 48300, 48300, 48300, 48300, 48300),
(965, 96900, 48350, 48350, 48350, 48350, 48350, 48350),
(966, 97000, 48400, 48400, 48400, 48400, 48400, 48400),
(967, 97100, 48450, 48450, 48450, 48450, 48450, 48450),
(968, 97200, 48500, 48500, 48500, 48500, 48500, 48500),
(969, 97300, 48550, 48550, 48550, 48550, 48550, 48550),
(970, 97400, 48600, 48600, 48600, 48600, 48600, 48600),
(971, 97500, 48650, 48650, 48650, 48650, 48650, 48650),
(972, 97600, 48700, 48700, 48700, 48700, 48700, 48700),
(973, 97700, 48750, 48750, 48750, 48750, 48750, 48750),
(974, 97800, 48800, 48800, 48800, 48800, 48800, 48800),
(975, 97900, 48850, 48850, 48850, 48850, 48850, 48850),
(976, 98000, 48900, 48900, 48900, 48900, 48900, 48900),
(977, 98100, 48950, 48950, 48950, 48950, 48950, 48950),
(978, 98200, 49000, 49000, 49000, 49000, 49000, 49000),
(979, 98300, 49050, 49050, 49050, 49050, 49050, 49050),
(980, 98400, 49100, 49100, 49100, 49100, 49100, 49100),
(981, 98500, 49150, 49150, 49150, 49150, 49150, 49150),
(982, 98600, 49200, 49200, 49200, 49200, 49200, 49200),
(983, 98700, 49250, 49250, 49250, 49250, 49250, 49250),
(984, 98800, 49300, 49300, 49300, 49300, 49300, 49300),
(985, 98900, 49350, 49350, 49350, 49350, 49350, 49350),
(986, 99000, 49400, 49400, 49400, 49400, 49400, 49400),
(987, 99100, 49450, 49450, 49450, 49450, 49450, 49450),
(988, 99200, 49500, 49500, 49500, 49500, 49500, 49500),
(989, 99300, 49550, 49550, 49550, 49550, 49550, 49550),
(990, 99400, 49600, 49600, 49600, 49600, 49600, 49600),
(991, 99500, 49650, 49650, 49650, 49650, 49650, 49650),
(992, 99600, 49700, 49700, 49700, 49700, 49700, 49700),
(993, 99700, 49750, 49750, 49750, 49750, 49750, 49750),
(994, 99800, 49800, 49800, 49800, 49800, 49800, 49800),
(995, 99900, 49850, 49850, 49850, 49850, 49850, 49850),
(996, 100000, 49900, 49900, 49900, 49900, 49900, 49900),
(997, 100100, 49950, 49950, 49950, 49950, 49950, 49950),
(998, 100200, 50000, 50000, 50000, 50000, 50000, 50000),
(999, 100300, 50050, 50050, 50050, 50050, 50050, 50050),
(1000, 100400, 50100, 50100, 50100, 50100, 50100, 50100);

--
-- ダンプしたテーブルのインデックス
--

--
-- テーブルのインデックス `avatar_growth_table`
--
ALTER TABLE `avatar_growth_table`
  ADD PRIMARY KEY (`level`);

--
-- テーブルのインデックス `commands`
--
ALTER TABLE `commands`
  ADD PRIMARY KEY (`command_id`);

--
-- テーブルのインデックス `dungeons`
--
ALTER TABLE `dungeons`
  ADD PRIMARY KEY (`id`);

--
-- テーブルのインデックス `dungeon_floors`
--
ALTER TABLE `dungeon_floors`
  ADD PRIMARY KEY (`floor_id`),
  ADD KEY `dungeon_id` (`dungeon_id`);

--
-- テーブルのインデックス `experience_table`
--
ALTER TABLE `experience_table`
  ADD PRIMARY KEY (`level`);

--
-- テーブルのインデックス `floor_monsters`
--
ALTER TABLE `floor_monsters`
  ADD PRIMARY KEY (`dungeon_id`,`monster_id`),
  ADD KEY `monster_id` (`monster_id`);

--
-- テーブルのインデックス `items`
--
ALTER TABLE `items`
  ADD PRIMARY KEY (`id`);

--
-- テーブルのインデックス `monsters`
--
ALTER TABLE `monsters`
  ADD PRIMARY KEY (`id`);

--
-- テーブルのインデックス `monster_drops`
--
ALTER TABLE `monster_drops`
  ADD PRIMARY KEY (`id`),
  ADD KEY `monster_id` (`monster_id`),
  ADD KEY `item_id` (`item_id`);

--
-- テーブルのインデックス `news`
--
ALTER TABLE `news`
  ADD PRIMARY KEY (`id`);

--
-- テーブルのインデックス `players`
--
ALTER TABLE `players`
  ADD PRIMARY KEY (`player_id`),
  ADD UNIQUE KEY `name` (`name`);

--
-- テーブルのインデックス `player_inventory`
--
ALTER TABLE `player_inventory`
  ADD PRIMARY KEY (`inventory_id`),
  ADD KEY `player_id` (`player_id`),
  ADD KEY `item_id` (`item_id`);

--
-- テーブルのインデックス `player_progress`
--
ALTER TABLE `player_progress`
  ADD PRIMARY KEY (`player_id`,`dungeon_id`),
  ADD KEY `dungeon_id` (`dungeon_id`);

--
-- テーブルのインデックス `status_growth_table`
--
ALTER TABLE `status_growth_table`
  ADD PRIMARY KEY (`level`);

--
-- ダンプしたテーブルの AUTO_INCREMENT
--

--
-- テーブルの AUTO_INCREMENT `dungeons`
--
ALTER TABLE `dungeons`
  MODIFY `id` int NOT NULL AUTO_INCREMENT, AUTO_INCREMENT=21;

--
-- テーブルの AUTO_INCREMENT `dungeon_floors`
--
ALTER TABLE `dungeon_floors`
  MODIFY `floor_id` int NOT NULL AUTO_INCREMENT, AUTO_INCREMENT=201;

--
-- テーブルの AUTO_INCREMENT `items`
--
ALTER TABLE `items`
  MODIFY `id` int NOT NULL AUTO_INCREMENT, AUTO_INCREMENT=158;

--
-- テーブルの AUTO_INCREMENT `monsters`
--
ALTER TABLE `monsters`
  MODIFY `id` int NOT NULL AUTO_INCREMENT, AUTO_INCREMENT=301;

--
-- テーブルの AUTO_INCREMENT `monster_drops`
--
ALTER TABLE `monster_drops`
  MODIFY `id` int NOT NULL AUTO_INCREMENT;

--
-- テーブルの AUTO_INCREMENT `news`
--
ALTER TABLE `news`
  MODIFY `id` int NOT NULL AUTO_INCREMENT, AUTO_INCREMENT=2;

--
-- テーブルの AUTO_INCREMENT `players`
--
ALTER TABLE `players`
  MODIFY `player_id` int NOT NULL AUTO_INCREMENT, AUTO_INCREMENT=9;

--
-- テーブルの AUTO_INCREMENT `player_inventory`
--
ALTER TABLE `player_inventory`
  MODIFY `inventory_id` int NOT NULL AUTO_INCREMENT COMMENT '所持品固有ID', AUTO_INCREMENT=20;

--
-- ダンプしたテーブルの制約
--

--
-- テーブルの制約 `dungeon_floors`
--
ALTER TABLE `dungeon_floors`
  ADD CONSTRAINT `dungeon_floors_ibfk_1` FOREIGN KEY (`dungeon_id`) REFERENCES `dungeons` (`id`);

--
-- テーブルの制約 `floor_monsters`
--
ALTER TABLE `floor_monsters`
  ADD CONSTRAINT `floor_monsters_ibfk_1` FOREIGN KEY (`dungeon_id`) REFERENCES `dungeon_floors` (`floor_id`),
  ADD CONSTRAINT `floor_monsters_ibfk_2` FOREIGN KEY (`monster_id`) REFERENCES `monsters` (`id`);

--
-- テーブルの制約 `monster_drops`
--
ALTER TABLE `monster_drops`
  ADD CONSTRAINT `monster_drops_ibfk_1` FOREIGN KEY (`monster_id`) REFERENCES `monsters` (`id`),
  ADD CONSTRAINT `monster_drops_ibfk_2` FOREIGN KEY (`item_id`) REFERENCES `items` (`id`);

--
-- テーブルの制約 `player_inventory`
--
ALTER TABLE `player_inventory`
  ADD CONSTRAINT `player_inventory_ibfk_1` FOREIGN KEY (`player_id`) REFERENCES `players` (`player_id`),
  ADD CONSTRAINT `player_inventory_ibfk_2` FOREIGN KEY (`item_id`) REFERENCES `items` (`id`);

--
-- テーブルの制約 `player_progress`
--
ALTER TABLE `player_progress`
  ADD CONSTRAINT `player_progress_ibfk_1` FOREIGN KEY (`player_id`) REFERENCES `players` (`player_id`),
  ADD CONSTRAINT `player_progress_ibfk_2` FOREIGN KEY (`dungeon_id`) REFERENCES `dungeons` (`id`);
COMMIT;

/*!40101 SET CHARACTER_SET_CLIENT=@OLD_CHARACTER_SET_CLIENT */;
/*!40101 SET CHARACTER_SET_RESULTS=@OLD_CHARACTER_SET_RESULTS */;
/*!40101 SET COLLATION_CONNECTION=@OLD_COLLATION_CONNECTION */;
