-- phpMyAdmin SQL Dump
-- version 5.2.1
-- https://www.phpmyadmin.net/
--
-- ホスト: mysql327.phy.lolipop.lan
-- 生成日時: 2025 年 11 月 12 日 13:44
-- サーバのバージョン： 8.0.35
-- PHP のバージョン: 8.2.12

SET SQL_MODE = "NO_AUTO_VALUE_ON_ZERO";
START TRANSACTION;
SET time_zone = "+00:00";


/*!40101 SET @OLD_CHARACTER_SET_CLIENT=@@CHARACTER_SET_CLIENT */;
/*!40101 SET @OLD_CHARACTER_SET_RESULTS=@@CHARACTER_SET_RESULTS */;
/*!40101 SET @OLD_COLLATION_CONNECTION=@@COLLATION_CONNECTION */;
/*!40101 SET NAMES utf8mb4 */;

--
-- データベース: `LAA1529361-cheychip`
--

-- --------------------------------------------------------

--
-- テーブルの構造 `avatar_growth_table`
--

CREATE TABLE `avatar_growth_table` (
  `level` int NOT NULL,
  `avatar_filename` varchar(255) NOT NULL
) ENGINE=InnoDB DEFAULT CHARSET=utf8mb4 COLLATE=utf8mb4_0900_ai_ci;

--
-- テーブルのデータのダンプ `avatar_growth_table`
--

INSERT INTO `avatar_growth_table` (`level`, `avatar_filename`) VALUES
(1, 'baby.png');

-- --------------------------------------------------------

--
-- テーブルの構造 `commands`
--

CREATE TABLE `commands` (
  `command_id` int NOT NULL,
  `name` varchar(50) NOT NULL,
  `effect_code` varchar(50) NOT NULL
) ENGINE=InnoDB DEFAULT CHARSET=utf8mb4 COLLATE=utf8mb4_0900_ai_ci;

--
-- テーブルのデータのダンプ `commands`
--

INSERT INTO `commands` (`command_id`, `name`, `effect_code`) VALUES
(1, 'たたかう', 'ATTACK');

-- --------------------------------------------------------

--
-- テーブルの構造 `dungeons`
--

CREATE TABLE `dungeons` (
  `id` int NOT NULL,
  `name` varchar(50) NOT NULL,
  `is_unlocked` tinyint(1) NOT NULL DEFAULT '0' COMMENT '0:未解放, 1:解放済み'
) ENGINE=InnoDB DEFAULT CHARSET=utf8mb4 COLLATE=utf8mb4_0900_ai_ci;

--
-- テーブルのデータのダンプ `dungeons`
--

INSERT INTO `dungeons` (`id`, `name`, `is_unlocked`) VALUES
(1, '草原', 1),
(2, '森', 1),
(3, '森の奥地', 1),
(4, '洞窟', 0),
(5, '洞窟の奥地', 0),
(6, '地底湖', 0),
(7, '地底湖の奥地', 0),
(8, '海岸', 0),
(9, '毒沼', 0),
(10, '毒沼の奥地', 0),
(11, '瓦礫の山', 0),
(12, '瓦礫の山奥地', 0),
(13, '渓谷', 0),
(14, '渓谷の奥地', 0),
(15, '石の森', 0),
(16, '石の森の奥地', 0),
(17, '大きな橋', 0),
(18, '広い草原', 0),
(19, '大きな広場', 0),
(20, '謎の入り口', 0);

-- --------------------------------------------------------

--
-- テーブルの構造 `dungeon_floors`
--

CREATE TABLE `dungeon_floors` (
  `floor_id` int NOT NULL,
  `dungeon_id` int NOT NULL,
  `floor_number` int NOT NULL COMMENT '階層 (1F, 2F...)',
  `completion_reward_item_id` int DEFAULT NULL,
  `completion_reward_gold` int NOT NULL DEFAULT '0',
  `unlocks_dungeon_id` int DEFAULT NULL COMMENT 'クリア時に解放される次のダンジョンID'
) ENGINE=InnoDB DEFAULT CHARSET=utf8mb4 COLLATE=utf8mb4_0900_ai_ci;

--
-- テーブルのデータのダンプ `dungeon_floors`
--

INSERT INTO `dungeon_floors` (`floor_id`, `dungeon_id`, `floor_number`, `completion_reward_item_id`, `completion_reward_gold`, `unlocks_dungeon_id`) VALUES
(1, 1, 1, NULL, 0, NULL),
(2, 1, 2, NULL, 0, NULL),
(3, 1, 3, NULL, 0, NULL),
(4, 1, 4, NULL, 0, NULL),
(5, 1, 5, NULL, 0, NULL),
(6, 1, 6, NULL, 0, NULL),
(7, 1, 7, NULL, 0, NULL),
(8, 1, 8, NULL, 0, NULL),
(9, 1, 9, NULL, 0, NULL),
(10, 1, 10, NULL, 0, 2),
(11, 2, 1, NULL, 0, NULL),
(12, 2, 2, NULL, 0, NULL),
(13, 2, 3, NULL, 0, NULL),
(14, 2, 4, NULL, 0, NULL),
(15, 2, 5, NULL, 0, NULL),
(16, 2, 6, NULL, 0, NULL),
(17, 2, 7, NULL, 0, NULL),
(18, 2, 8, NULL, 0, NULL),
(19, 2, 9, NULL, 0, NULL),
(20, 2, 10, NULL, 0, 3),
(21, 3, 1, NULL, 0, NULL),
(22, 3, 2, NULL, 0, NULL),
(23, 3, 3, NULL, 0, NULL),
(24, 3, 4, NULL, 0, NULL),
(25, 3, 5, NULL, 0, NULL),
(26, 3, 6, NULL, 0, NULL),
(27, 3, 7, NULL, 0, NULL),
(28, 3, 8, NULL, 0, NULL),
(29, 3, 9, NULL, 0, NULL),
(30, 3, 10, NULL, 0, 4),
(31, 4, 1, NULL, 0, NULL),
(32, 4, 2, NULL, 0, NULL),
(33, 4, 3, NULL, 0, NULL),
(34, 4, 4, NULL, 0, NULL),
(35, 4, 5, NULL, 0, NULL),
(36, 4, 6, NULL, 0, NULL),
(37, 4, 7, NULL, 0, NULL),
(38, 4, 8, NULL, 0, NULL),
(39, 4, 9, NULL, 0, NULL),
(40, 4, 10, NULL, 0, 5),
(41, 5, 1, NULL, 0, NULL),
(42, 5, 2, NULL, 0, NULL),
(43, 5, 3, NULL, 0, NULL),
(44, 5, 4, NULL, 0, NULL),
(45, 5, 5, NULL, 0, NULL),
(46, 5, 6, NULL, 0, NULL),
(47, 5, 7, NULL, 0, NULL),
(48, 5, 8, NULL, 0, NULL),
(49, 5, 9, NULL, 0, NULL),
(50, 5, 10, NULL, 0, 6),
(51, 6, 1, NULL, 0, NULL),
(52, 6, 2, NULL, 0, NULL),
(53, 6, 3, NULL, 0, NULL),
(54, 6, 4, NULL, 0, NULL),
(55, 6, 5, NULL, 0, NULL),
(56, 6, 6, NULL, 0, NULL),
(57, 6, 7, NULL, 0, NULL),
(58, 6, 8, NULL, 0, NULL),
(59, 6, 9, NULL, 0, NULL),
(60, 6, 10, NULL, 0, 7),
(61, 7, 1, NULL, 0, NULL),
(62, 7, 2, NULL, 0, NULL),
(63, 7, 3, NULL, 0, NULL),
(64, 7, 4, NULL, 0, NULL),
(65, 7, 5, NULL, 0, NULL),
(66, 7, 6, NULL, 0, NULL),
(67, 7, 7, NULL, 0, NULL),
(68, 7, 8, NULL, 0, NULL),
(69, 7, 9, NULL, 0, NULL),
(70, 7, 10, NULL, 0, 8),
(71, 8, 1, NULL, 0, NULL),
(72, 8, 2, NULL, 0, NULL),
(73, 8, 3, NULL, 0, NULL),
(74, 8, 4, NULL, 0, NULL),
(75, 8, 5, NULL, 0, NULL),
(76, 8, 6, NULL, 0, NULL),
(77, 8, 7, NULL, 0, NULL),
(78, 8, 8, NULL, 0, NULL),
(79, 8, 9, NULL, 0, NULL),
(80, 8, 10, NULL, 0, 9),
(81, 9, 1, NULL, 0, NULL),
(82, 9, 2, NULL, 0, NULL),
(83, 9, 3, NULL, 0, NULL),
(84, 9, 4, NULL, 0, NULL),
(85, 9, 5, NULL, 0, NULL),
(86, 9, 6, NULL, 0, NULL),
(87, 9, 7, NULL, 0, NULL),
(88, 9, 8, NULL, 0, NULL),
(89, 9, 9, NULL, 0, NULL),
(90, 9, 10, NULL, 0, 10),
(91, 10, 1, NULL, 0, NULL),
(92, 10, 2, NULL, 0, NULL),
(93, 10, 3, NULL, 0, NULL),
(94, 10, 4, NULL, 0, NULL),
(95, 10, 5, NULL, 0, NULL),
(96, 10, 6, NULL, 0, NULL),
(97, 10, 7, NULL, 0, NULL),
(98, 10, 8, NULL, 0, NULL),
(99, 10, 9, NULL, 0, NULL),
(100, 10, 10, NULL, 0, 11),
(101, 11, 1, NULL, 0, NULL),
(102, 11, 2, NULL, 0, NULL),
(103, 11, 3, NULL, 0, NULL),
(104, 11, 4, NULL, 0, NULL),
(105, 11, 5, NULL, 0, NULL),
(106, 11, 6, NULL, 0, NULL),
(107, 11, 7, NULL, 0, NULL),
(108, 11, 8, NULL, 0, NULL),
(109, 11, 9, NULL, 0, NULL),
(110, 11, 10, NULL, 0, 12),
(111, 12, 1, NULL, 0, NULL),
(112, 12, 2, NULL, 0, NULL),
(113, 12, 3, NULL, 0, NULL),
(114, 12, 4, NULL, 0, NULL),
(115, 12, 5, NULL, 0, NULL),
(116, 12, 6, NULL, 0, NULL),
(117, 12, 7, NULL, 0, NULL),
(118, 12, 8, NULL, 0, NULL),
(119, 12, 9, NULL, 0, NULL),
(120, 12, 10, NULL, 0, 13),
(121, 13, 1, NULL, 0, NULL),
(122, 13, 2, NULL, 0, NULL),
(123, 13, 3, NULL, 0, NULL),
(124, 13, 4, NULL, 0, NULL),
(125, 13, 5, NULL, 0, NULL),
(126, 13, 6, NULL, 0, NULL),
(127, 13, 7, NULL, 0, NULL),
(128, 13, 8, NULL, 0, NULL),
(129, 13, 9, NULL, 0, NULL),
(130, 13, 10, NULL, 0, 14),
(131, 14, 1, NULL, 0, NULL),
(132, 14, 2, NULL, 0, NULL),
(133, 14, 3, NULL, 0, NULL),
(134, 14, 4, NULL, 0, NULL),
(135, 14, 5, NULL, 0, NULL),
(136, 14, 6, NULL, 0, NULL),
(137, 14, 7, NULL, 0, NULL),
(138, 14, 8, NULL, 0, NULL),
(139, 14, 9, NULL, 0, NULL),
(140, 14, 10, NULL, 0, 15),
(141, 15, 1, NULL, 0, NULL),
(142, 15, 2, NULL, 0, NULL),
(143, 15, 3, NULL, 0, NULL),
(144, 15, 4, NULL, 0, NULL),
(145, 15, 5, NULL, 0, NULL),
(146, 15, 6, NULL, 0, NULL),
(147, 15, 7, NULL, 0, NULL),
(148, 15, 8, NULL, 0, NULL),
(149, 15, 9, NULL, 0, NULL),
(150, 15, 10, NULL, 0, 16),
(151, 16, 1, NULL, 0, NULL),
(152, 16, 2, NULL, 0, NULL),
(153, 16, 3, NULL, 0, NULL),
(154, 16, 4, NULL, 0, NULL),
(155, 16, 5, NULL, 0, NULL),
(156, 16, 6, NULL, 0, NULL),
(157, 16, 7, NULL, 0, NULL),
(158, 16, 8, NULL, 0, NULL),
(159, 16, 9, NULL, 0, NULL),
(160, 16, 10, NULL, 0, 17),
(161, 17, 1, NULL, 0, NULL),
(162, 17, 2, NULL, 0, NULL),
(163, 17, 3, NULL, 0, NULL),
(164, 17, 4, NULL, 0, NULL),
(165, 17, 5, NULL, 0, NULL),
(166, 17, 6, NULL, 0, NULL),
(167, 17, 7, NULL, 0, NULL),
(168, 17, 8, NULL, 0, NULL),
(169, 17, 9, NULL, 0, NULL),
(170, 17, 10, NULL, 0, 18),
(171, 18, 1, NULL, 0, NULL),
(172, 18, 2, NULL, 0, NULL),
(173, 18, 3, NULL, 0, NULL),
(174, 18, 4, NULL, 0, NULL),
(175, 18, 5, NULL, 0, NULL),
(176, 18, 6, NULL, 0, NULL),
(177, 18, 7, NULL, 0, NULL),
(178, 18, 8, NULL, 0, NULL),
(179, 18, 9, NULL, 0, NULL),
(180, 18, 10, NULL, 0, 19),
(181, 19, 1, NULL, 0, NULL),
(182, 19, 2, NULL, 0, NULL),
(183, 19, 3, NULL, 0, NULL),
(184, 19, 4, NULL, 0, NULL),
(185, 19, 5, NULL, 0, NULL),
(186, 19, 6, NULL, 0, NULL),
(187, 19, 7, NULL, 0, NULL),
(188, 19, 8, NULL, 0, NULL),
(189, 19, 9, NULL, 0, NULL),
(190, 19, 10, NULL, 0, 20),
(191, 20, 1, NULL, 0, NULL),
(192, 20, 2, NULL, 0, NULL),
(193, 20, 3, NULL, 0, NULL),
(194, 20, 4, NULL, 0, NULL),
(195, 20, 5, NULL, 0, NULL),
(196, 20, 6, NULL, 0, NULL),
(197, 20, 7, NULL, 0, NULL),
(198, 20, 8, NULL, 0, NULL),
(199, 20, 9, NULL, 0, NULL),
(200, 20, 10, NULL, 0, NULL);

-- --------------------------------------------------------

--
-- テーブルの構造 `experience_table`
--

CREATE TABLE `experience_table` (
  `level` int NOT NULL,
  `required_exp` int NOT NULL
) ENGINE=InnoDB DEFAULT CHARSET=utf8mb4 COLLATE=utf8mb4_0900_ai_ci;

--
-- テーブルのデータのダンプ `experience_table`
--

INSERT INTO `experience_table` (`level`, `required_exp`) VALUES
(0, 0),
(2, 10),
(3, 40),
(4, 90),
(5, 160),
(6, 250),
(7, 360),
(8, 490),
(9, 640),
(10, 810),
(11, 1000),
(12, 1210),
(13, 1440),
(14, 1690),
(15, 1960),
(16, 2250),
(17, 2560),
(18, 2890),
(19, 3240),
(20, 3610),
(21, 4000),
(22, 4410),
(23, 4840),
(24, 5290),
(25, 5760),
(26, 6250),
(27, 6760),
(28, 7290),
(29, 7840),
(30, 8410),
(31, 9000),
(32, 9610),
(33, 10240),
(34, 10890),
(35, 11560),
(36, 12250),
(37, 12960),
(38, 13690),
(39, 14440),
(40, 15210),
(41, 16000),
(42, 16810),
(43, 17640),
(44, 18490),
(45, 19360),
(46, 20250),
(47, 21160),
(48, 22090),
(49, 23040),
(50, 24010),
(51, 25000),
(52, 26010),
(53, 27040),
(54, 28090),
(55, 29160),
(56, 30250),
(57, 31360),
(58, 32490),
(59, 33640),
(60, 34810),
(61, 36000),
(62, 37210),
(63, 38440),
(64, 39690),
(65, 40960),
(66, 42250),
(67, 43560),
(68, 44890),
(69, 46240),
(70, 47610),
(71, 49000),
(72, 50410),
(73, 51840),
(74, 53290),
(75, 54760),
(76, 56250),
(77, 57760),
(78, 59290),
(79, 60840),
(80, 62410),
(81, 64000),
(82, 65610),
(83, 67240),
(84, 68890),
(85, 70560),
(86, 72250),
(87, 73960),
(88, 75690),
(89, 77440),
(90, 79210),
(91, 81000),
(92, 82810),
(93, 84640),
(94, 86490),
(95, 88360),
(96, 90250),
(97, 92160),
(98, 94090),
(99, 96040),
(100, 98010),
(101, 100000),
(102, 102010),
(103, 104040),
(104, 106090),
(105, 108160),
(106, 110250),
(107, 112360),
(108, 114490),
(109, 116640),
(110, 118810),
(111, 121000),
(112, 123210),
(113, 125440),
(114, 127690),
(115, 130000),
(116, 132250),
(117, 134560),
(118, 136900),
(119, 139240),
(120, 141610),
(121, 144000),
(122, 146410),
(123, 148840),
(124, 151290),
(125, 153760),
(126, 156250),
(127, 158760),
(128, 161290),
(129, 163840),
(130, 166410),
(131, 169000),
(132, 171610),
(133, 174240),
(134, 176890),
(135, 179560),
(136, 182250),
(137, 184960),
(138, 187690),
(139, 190440),
(140, 193210),
(141, 196000),
(142, 198810),
(143, 201640),
(144, 204490),
(145, 207360),
(146, 210250),
(147, 213160),
(148, 216090),
(149, 219040),
(150, 222010),
(151, 225000),
(152, 228010),
(153, 231040),
(154, 234090),
(155, 237160),
(156, 240250),
(157, 243360),
(158, 246490),
(159, 249640),
(160, 252810),
(161, 256000),
(162, 259210),
(163, 262440),
(164, 265690),
(165, 268960),
(166, 272250),
(167, 275560),
(168, 278890),
(169, 282240),
(170, 285610),
(171, 289000),
(172, 292410),
(173, 295840),
(174, 299290),
(175, 302760),
(176, 306250),
(177, 309760),
(178, 313290),
(179, 316840),
(180, 320410),
(181, 324000),
(182, 327610),
(183, 331240),
(184, 334890),
(185, 338560),
(186, 342250),
(187, 345960),
(188, 349690),
(189, 353440),
(190, 357210),
(191, 361000),
(192, 364810),
(193, 368640),
(194, 372490),
(195, 376360),
(196, 380250),
(197, 384160),
(198, 388090),
(199, 392040),
(200, 396010),
(201, 400000),
(202, 404010),
(203, 408040),
(204, 412090),
(205, 416160),
(206, 420250),
(207, 424360),
(208, 428490),
(209, 432640),
(210, 436810),
(211, 441000),
(212, 445210),
(213, 449440),
(214, 453690),
(215, 457960),
(216, 462250),
(217, 466560),
(218, 470890),
(219, 475240),
(220, 479610),
(221, 484000),
(222, 488410),
(223, 492840),
(224, 497290),
(225, 501760),
(226, 506250),
(227, 510760),
(228, 515290),
(229, 519840),
(230, 524410),
(231, 529000),
(232, 533610),
(233, 538240),
(234, 542890),
(235, 547560),
(236, 552250),
(237, 556960),
(238, 561690),
(239, 566440),
(240, 571210),
(241, 576000),
(242, 580810),
(243, 585640),
(244, 590490),
(245, 595360),
(246, 600250),
(247, 605160),
(248, 610090),
(249, 615040),
(250, 620010),
(251, 625000),
(252, 630010),
(253, 635040),
(254, 640090),
(255, 645160),
(256, 650250),
(257, 655360),
(258, 660490),
(259, 665640),
(260, 670810),
(261, 676000),
(262, 681210),
(263, 686440),
(264, 691690),
(265, 696960),
(266, 702250),
(267, 707560),
(268, 712890),
(269, 718240),
(270, 723610),
(271, 729000),
(272, 734410),
(273, 739840),
(274, 745290),
(275, 750760),
(276, 756250),
(277, 761760),
(278, 767290),
(279, 772840),
(280, 778410),
(281, 784000),
(282, 789610),
(283, 795240),
(284, 800890),
(285, 806560),
(286, 812250),
(287, 817960),
(288, 823690),
(289, 829440),
(290, 835210),
(291, 841000),
(292, 846810),
(293, 852640),
(294, 858490),
(295, 864360),
(296, 870250),
(297, 876160),
(298, 882090),
(299, 888040),
(300, 894010),
(301, 900000),
(302, 906010),
(303, 912040),
(304, 918090),
(305, 924160),
(306, 930250),
(307, 936360),
(308, 942490),
(309, 948640),
(310, 954810),
(311, 961000),
(312, 967210),
(313, 973440),
(314, 979690),
(315, 985960),
(316, 992250),
(317, 998560),
(318, 1004890),
(319, 1011240),
(320, 1017610),
(321, 1024000),
(322, 1030410),
(323, 1036840),
(324, 1043290),
(325, 1049760),
(326, 1056250),
(327, 1062760),
(328, 1069290),
(329, 1075840),
(330, 1082410),
(331, 1089000),
(332, 1095610),
(333, 1102240),
(334, 1108890),
(335, 1115560),
(336, 1122250),
(337, 1128960),
(338, 1135690),
(339, 1142440),
(340, 1149210),
(341, 1156000),
(342, 1162810),
(343, 1169640),
(344, 1176490),
(345, 1183360),
(346, 1190250),
(347, 1197160),
(348, 1204090),
(349, 1211040),
(350, 1218010),
(351, 1225000),
(352, 1232010),
(353, 1239040),
(354, 1246090),
(355, 1253160),
(356, 1260250),
(357, 1267360),
(358, 1274490),
(359, 1281640),
(360, 1288810),
(361, 1296000),
(362, 1303210),
(363, 1310440),
(364, 1317690),
(365, 1324960),
(366, 1332250),
(367, 1339560),
(368, 1346890),
(369, 1354240),
(370, 1361610),
(371, 1369000),
(372, 1376410),
(373, 1383840),
(374, 1391290),
(375, 1398760),
(376, 1406250),
(377, 1413760),
(378, 1421290),
(379, 1428840),
(380, 1436410),
(381, 1444000),
(382, 1451610),
(383, 1459240),
(384, 1466890),
(385, 1474560),
(386, 1482250),
(387, 1489960),
(388, 1497690),
(389, 1505440),
(390, 1513210),
(391, 1521000),
(392, 1528810),
(393, 1536640),
(394, 1544490),
(395, 1552360),
(396, 1560250),
(397, 1568160),
(398, 1576090),
(399, 1584040),
(400, 1592010),
(401, 1600000),
(402, 1608010),
(403, 1616040),
(404, 1624090),
(405, 1632160),
(406, 1640250),
(407, 1648360),
(408, 1656490),
(409, 1664640),
(410, 1672810),
(411, 1681000),
(412, 1689210),
(413, 1697440),
(414, 1705690),
(415, 1713960),
(416, 1722250),
(417, 1730560),
(418, 1738890),
(419, 1747240),
(420, 1755610),
(421, 1764000),
(422, 1772410),
(423, 1780840),
(424, 1789290),
(425, 1797760),
(426, 1806250),
(427, 1814760),
(428, 1823290),
(429, 1831840),
(430, 1840410),
(431, 1849000),
(432, 1857610),
(433, 1866240),
(434, 1874890),
(435, 1883560),
(436, 1892250),
(437, 1900960),
(438, 1909690),
(439, 1918440),
(440, 1927210),
(441, 1936000),
(442, 1944810),
(443, 1953640),
(444, 1962490),
(445, 1971360),
(446, 1980250),
(447, 1989160),
(448, 1998090),
(449, 2007040),
(450, 2016010),
(451, 2025000),
(452, 2034010),
(453, 2043040),
(454, 2052090),
(455, 2061160),
(456, 2070250),
(457, 2079360),
(458, 2088490),
(459, 2097640),
(460, 2106810),
(461, 2116000),
(462, 2125210),
(463, 2134440),
(464, 2143690),
(465, 2152960),
(466, 2162250),
(467, 2171560),
(468, 2180890),
(469, 2190240),
(470, 2199610),
(471, 2209000),
(472, 2218410),
(473, 2227840),
(474, 2237290),
(475, 2246760),
(476, 2256250),
(477, 2265760),
(478, 2275290),
(479, 2284840),
(480, 2294410),
(481, 2304000),
(482, 2313610),
(483, 2323240),
(484, 2332890),
(485, 2342560),
(486, 2352250),
(487, 2361960),
(488, 2371690),
(489, 2381440),
(490, 2391210),
(491, 2401000),
(492, 2410810),
(493, 2420640),
(494, 2430490),
(495, 2440360),
(496, 2450250),
(497, 2460160),
(498, 2470090),
(499, 2480040),
(500, 2490010),
(501, 2500000),
(502, 2510010),
(503, 2520040),
(504, 2530090),
(505, 2540160),
(506, 2550250),
(507, 2560360),
(508, 2570490),
(509, 2580640),
(510, 2590810),
(511, 2601000),
(512, 2611210),
(513, 2621440),
(514, 2631690),
(515, 2641960),
(516, 2652250),
(517, 2662560),
(518, 2672890),
(519, 2683240),
(520, 2693610),
(521, 2704000),
(522, 2714410),
(523, 2724840),
(524, 2735290),
(525, 2745760),
(526, 2756250),
(527, 2766760),
(528, 2777290),
(529, 2787840),
(530, 2798410),
(531, 2809000),
(532, 2819610),
(533, 2830240),
(534, 2840890),
(535, 2851560),
(536, 2862250),
(537, 2872960),
(538, 2883690),
(539, 2894440),
(540, 2905210),
(541, 2916000),
(542, 2926810),
(543, 2937640),
(544, 2948490),
(545, 2959360),
(546, 2970250),
(547, 2981160),
(548, 2992090),
(549, 3003040),
(550, 3014010),
(551, 3025000),
(552, 3036010),
(553, 3047040),
(554, 3058090),
(555, 3069160),
(556, 3080250),
(557, 3091360),
(558, 3102490),
(559, 3113640),
(560, 3124810),
(561, 3136000),
(562, 3147210),
(563, 3158440),
(564, 3169690),
(565, 3180960),
(566, 3192250),
(567, 3203560),
(568, 3214890),
(569, 3226240),
(570, 3237610),
(571, 3249000),
(572, 3260410),
(573, 3271840),
(574, 3283290),
(575, 3294760),
(576, 3306250),
(577, 3317760),
(578, 3329290),
(579, 3340840),
(580, 3352410),
(581, 3364000),
(582, 3375610),
(583, 3387240),
(584, 3398890),
(585, 3410560),
(586, 3422250),
(587, 3433960),
(588, 3445690),
(589, 3457440),
(590, 3469210),
(591, 3481000),
(592, 3492810),
(593, 3504640),
(594, 3516490),
(595, 3528360),
(596, 3540250),
(597, 3552160),
(598, 3564090),
(599, 3576040),
(600, 3588010),
(601, 3600000),
(602, 3612010),
(603, 3624040),
(604, 3636090),
(605, 3648160),
(606, 3660250),
(607, 3672360),
(608, 3684490),
(609, 3696640),
(610, 3708810),
(611, 3721000),
(612, 3733210),
(613, 3745440),
(614, 3757690),
(615, 3769960),
(616, 3782250),
(617, 3794560),
(618, 3806890),
(619, 3819240),
(620, 3831610),
(621, 3844000),
(622, 3856410),
(623, 3868840),
(624, 3881290),
(625, 3893760),
(626, 3906250),
(627, 3918760),
(628, 3931290),
(629, 3943840),
(630, 3956410),
(631, 3969000),
(632, 3981610),
(633, 3994240),
(634, 4006890),
(635, 4019560),
(636, 4032250),
(637, 4044960),
(638, 4057690),
(639, 4070440),
(640, 4083210),
(641, 4096000),
(642, 4108810),
(643, 4121640),
(644, 4134490),
(645, 4147360),
(646, 4160250),
(647, 4173160),
(648, 4186090),
(649, 4199040),
(650, 4212010),
(651, 4225000),
(652, 4238010),
(653, 4251040),
(654, 4264090),
(655, 4277160),
(656, 4290250),
(657, 4303360),
(658, 4316490),
(659, 4329640),
(660, 4342810),
(661, 4356000),
(662, 4369210),
(663, 4382440),
(664, 4395690),
(665, 4408960),
(666, 4422250),
(667, 4435560),
(668, 4448890),
(669, 4462240),
(670, 4475610),
(671, 4489000),
(672, 4502410),
(673, 4515840),
(674, 4529290),
(675, 4542760),
(676, 4556250),
(677, 4569760),
(678, 4583290),
(679, 4596840),
(680, 4610410),
(681, 4624000),
(682, 4637610),
(683, 4651240),
(684, 4664890),
(685, 4678560),
(686, 4692250),
(687, 4705960),
(688, 4719690),
(689, 4733440),
(690, 4747210),
(691, 4761000),
(692, 4774810),
(693, 4788640),
(694, 4802490),
(695, 4816360),
(696, 4830250),
(697, 4844160),
(698, 4858090),
(699, 4872040),
(700, 4886010),
(701, 4900000),
(702, 4914010),
(703, 4928040),
(704, 4942090),
(705, 4956160),
(706, 4970250),
(707, 4984360),
(708, 4998490),
(709, 5012640),
(710, 5026810),
(711, 5041000),
(712, 5055210),
(713, 5069440),
(714, 5083690),
(715, 5097960),
(716, 5112250),
(717, 5126560),
(718, 5140890),
(719, 5155240),
(720, 5169610),
(721, 5184000),
(722, 5198410),
(723, 5212840),
(724, 5227290),
(725, 5241760),
(726, 5256250),
(727, 5270760),
(728, 5285290),
(729, 5299840),
(730, 5314410),
(731, 5329000),
(732, 5343610),
(733, 5358240),
(734, 5372890),
(735, 5387560),
(736, 5402250),
(737, 5416960),
(738, 5431690),
(739, 5446440),
(740, 5461210),
(741, 5476000),
(742, 5490810),
(743, 5505640),
(744, 5520490),
(745, 5535360),
(746, 5550250),
(747, 5565160),
(748, 5580090),
(749, 5595040),
(750, 5610010),
(751, 5625000),
(752, 5640010),
(753, 5655040),
(754, 5670090),
(755, 5685160),
(756, 5700250),
(757, 5715360),
(758, 5730490),
(759, 5745640),
(760, 5760810),
(761, 5776000),
(762, 5791210),
(763, 5806440),
(764, 5821690),
(765, 5836960),
(766, 5852250),
(767, 5867560),
(768, 5882890),
(769, 5898240),
(770, 5913610),
(771, 5929000),
(772, 5944410),
(773, 5959840),
(774, 5975290),
(775, 5990760),
(776, 6006250),
(777, 6021760),
(778, 6037290),
(779, 6052840),
(780, 6068410),
(781, 6084000),
(782, 6099610),
(783, 6115240),
(784, 6130890),
(785, 6146560),
(786, 6162250),
(787, 6177960),
(788, 6193690),
(789, 6209440),
(790, 6225210),
(791, 6241000),
(792, 6256810),
(793, 6272640),
(794, 6288490),
(795, 6304360),
(796, 6320250),
(797, 6336160),
(798, 6352090),
(799, 6368040),
(800, 6384010),
(801, 6400000),
(802, 6416010),
(803, 6432040),
(804, 6448090),
(805, 6464160),
(806, 6480250),
(807, 6496360),
(808, 6512490),
(809, 6528640),
(810, 6544810),
(811, 6561000),
(812, 6577210),
(813, 6593440),
(814, 6609690),
(815, 6625960),
(816, 6642250),
(817, 6658560),
(818, 6674890),
(819, 6691240),
(820, 6707610),
(821, 6724000),
(822, 6740410),
(823, 6756840),
(824, 6773290),
(825, 6789760),
(826, 6806250),
(827, 6822760),
(828, 6839290),
(829, 6855840),
(830, 6872410),
(831, 6889000),
(832, 6905610),
(833, 6922240),
(834, 6938890),
(835, 6955560),
(836, 6972250),
(837, 6988960),
(838, 7005690),
(839, 7022440),
(840, 7039210),
(841, 7056000),
(842, 7072810),
(843, 7089640),
(844, 7106490),
(845, 7123360),
(846, 7140250),
(847, 7157160),
(848, 7174090),
(849, 7191040),
(850, 7208010),
(851, 7225000),
(852, 7242010),
(853, 7259040),
(854, 7276090),
(855, 7293160),
(856, 7310250),
(857, 7327360),
(858, 7344490),
(859, 7361640),
(860, 7378810),
(861, 7396000),
(862, 7413210),
(863, 7430440),
(864, 7447690),
(865, 7464960),
(866, 7482250),
(867, 7499560),
(868, 7516890),
(869, 7534240),
(870, 7551610),
(871, 7569000),
(872, 7586410),
(873, 7603840),
(874, 7621290),
(875, 7638760),
(876, 7656250),
(877, 7673760),
(878, 7691290),
(879, 7708840),
(880, 7726410),
(881, 7744000),
(882, 7761610),
(883, 7779240),
(884, 7796890),
(885, 7814560),
(886, 7832250),
(887, 7849960),
(888, 7867690),
(889, 7885440),
(890, 7903210),
(891, 7921000),
(892, 7938810),
(893, 7956640),
(894, 7974490),
(895, 7992360),
(896, 8010250),
(897, 8028160),
(898, 8046090),
(899, 8064040),
(900, 8082010),
(901, 8100000),
(902, 8118010),
(903, 8136040),
(904, 8154090),
(905, 8172160),
(906, 8190250),
(907, 8208360),
(908, 8226490),
(909, 8244640),
(910, 8262810),
(911, 8281000),
(912, 8299210),
(913, 8317440),
(914, 8335690),
(915, 8353960),
(916, 8372250),
(917, 8390560),
(918, 8408890),
(919, 8427240),
(920, 8445610),
(921, 8464000),
(922, 8482410),
(923, 8500840),
(924, 8519290),
(925, 8537760),
(926, 8556250),
(927, 8574760),
(928, 8593290),
(929, 8611840),
(930, 8630410),
(931, 8649000),
(932, 8667610),
(933, 8686240),
(934, 8704890),
(935, 8723560),
(936, 8742250),
(937, 8760960),
(938, 8779690),
(939, 8798440),
(940, 8817210),
(941, 8836000),
(942, 8854810),
(943, 8873640),
(944, 8892490),
(945, 8911360),
(946, 8930250),
(947, 8949160),
(948, 8968090),
(949, 8987040),
(950, 9006010),
(951, 9025000),
(952, 9044010),
(953, 9063040),
(954, 9082090),
(955, 9101160),
(956, 9120250),
(957, 9139360),
(958, 9158490),
(959, 9177640),
(960, 9196810),
(961, 9216000),
(962, 9235210),
(963, 9254440),
(964, 9273690),
(965, 9292960),
(966, 9312250),
(967, 9331560),
(968, 9350890),
(969, 9370240),
(970, 9389610),
(971, 9409000),
(972, 9428410),
(973, 9447840),
(974, 9467290),
(975, 9486760),
(976, 9506250),
(977, 9525760),
(978, 9545290),
(979, 9564840),
(980, 9584410),
(981, 9604000),
(982, 9623610),
(983, 9643240),
(984, 9662890),
(985, 9682560),
(986, 9702250),
(987, 9721960),
(988, 9741690),
(989, 9761440),
(990, 9781210),
(991, 9801000),
(992, 9820810),
(993, 9840640),
(994, 9860490),
(995, 9880360),
(996, 9900250),
(997, 9920160),
(998, 9940090),
(999, 9960040),
(1000, 9980010);

-- --------------------------------------------------------

--
-- テーブルの構造 `floor_monsters`
--

CREATE TABLE `floor_monsters` (
  `dungeon_id` int NOT NULL,
  `monster_id` int NOT NULL
) ENGINE=InnoDB DEFAULT CHARSET=utf8mb4 COLLATE=utf8mb4_0900_ai_ci;

--
-- テーブルのデータのダンプ `floor_monsters`
--

INSERT INTO `floor_monsters` (`dungeon_id`, `monster_id`) VALUES
(1, 1),
(1, 2),
(1, 3),
(1, 4),
(1, 5),
(2, 6),
(2, 7),
(2, 8),
(2, 9),
(2, 10),
(3, 11),
(3, 12),
(3, 13),
(3, 14),
(3, 15),
(4, 16),
(4, 17),
(4, 18),
(4, 19),
(4, 20),
(5, 21),
(5, 22),
(5, 23),
(5, 24),
(5, 25),
(6, 26),
(6, 27),
(6, 28),
(6, 29),
(6, 30),
(7, 31),
(7, 32),
(7, 33),
(7, 34),
(7, 35),
(8, 36),
(8, 37),
(8, 38),
(8, 39),
(8, 40),
(9, 41),
(9, 42),
(9, 43),
(9, 44),
(9, 45),
(10, 46),
(10, 47),
(10, 48),
(10, 49),
(10, 50),
(11, 51),
(11, 52),
(11, 53),
(11, 54),
(11, 55),
(12, 56),
(12, 57),
(12, 58),
(12, 59),
(12, 60),
(13, 61),
(13, 62),
(13, 63),
(13, 64),
(13, 65),
(14, 66),
(14, 67),
(14, 68),
(14, 69),
(14, 70),
(15, 71),
(15, 72),
(15, 73),
(15, 74),
(15, 75),
(16, 76),
(16, 77),
(16, 78),
(16, 79),
(16, 80),
(17, 81),
(17, 82),
(17, 83),
(17, 84),
(17, 85),
(18, 86),
(18, 87),
(18, 88),
(18, 89),
(18, 90),
(19, 91),
(19, 92),
(19, 93),
(19, 94),
(19, 95),
(20, 96),
(20, 97),
(20, 98),
(20, 99),
(20, 100);

-- --------------------------------------------------------

--
-- テーブルの構造 `items`
--

CREATE TABLE `items` (
  `id` int NOT NULL,
  `name` varchar(100) NOT NULL,
  `type` enum('equipment','usable','etc') NOT NULL,
  `equip_slot` varchar(50) DEFAULT NULL,
  `base_atk` int NOT NULL DEFAULT '0',
  `base_def` int NOT NULL DEFAULT '0',
  `guaranteed_hp_max` int NOT NULL DEFAULT '0',
  `guaranteed_strength` int NOT NULL DEFAULT '0',
  `guaranteed_vitality` int NOT NULL DEFAULT '0',
  `guaranteed_intelligence` int NOT NULL DEFAULT '0',
  `guaranteed_speed` int NOT NULL DEFAULT '0',
  `guaranteed_luck` int NOT NULL DEFAULT '0',
  `guaranteed_charisma` int NOT NULL DEFAULT '0',
  `random_option_min_count` int NOT NULL DEFAULT '0' COMMENT 'ランダムオプションの最小個数',
  `random_option_max_count` int NOT NULL DEFAULT '0' COMMENT 'ランダムオプションの最大個数',
  `buy_price` int NOT NULL DEFAULT '0' COMMENT '購入価格 (0=非売品)'
) ENGINE=InnoDB DEFAULT CHARSET=utf8mb4 COLLATE=utf8mb4_0900_ai_ci;

--
-- テーブルのデータのダンプ `items`
--

INSERT INTO `items` (`id`, `name`, `type`, `equip_slot`, `base_atk`, `base_def`, `guaranteed_hp_max`, `guaranteed_strength`, `guaranteed_vitality`, `guaranteed_intelligence`, `guaranteed_speed`, `guaranteed_luck`, `guaranteed_charisma`, `random_option_min_count`, `random_option_max_count`, `buy_price`) VALUES
(1000000000, 'こん棒', 'equipment', 'hand', 10, 0, 0, 10, 0, 0, 0, 0, 0, 0, 0, 100),
(1000000001, 'こん棒', 'equipment', 'hand', 10, 0, 0, 10, 0, 0, 0, 0, 0, 1, 1, 100),
(1000000002, 'こん棒', 'equipment', 'hand', 10, 0, 0, 10, 0, 0, 0, 0, 0, 2, 2, 100),
(1000000003, 'こん棒', 'equipment', 'hand', 10, 0, 0, 10, 0, 0, 0, 0, 0, 3, 3, 100),
(1001000000, '木の盾', 'equipment', 'hand', 0, 10, 0, 0, 5, 0, 0, 0, 0, 0, 0, 100),
(1001000001, '木の盾', 'equipment', 'hand', 0, 10, 0, 0, 5, 0, 0, 0, 0, 1, 1, 100),
(1001000002, '木の盾', 'equipment', 'hand', 0, 10, 0, 0, 5, 0, 0, 0, 0, 2, 2, 100),
(1001000003, '木の盾', 'equipment', 'hand', 0, 10, 0, 0, 5, 0, 0, 0, 0, 3, 3, 100),
(1002000000, 'ブロンズソード', 'equipment', 'hand', 20, 0, 0, 20, 0, 0, 0, 0, 0, 0, 0, 200),
(1002000001, 'ブロンズソード', 'equipment', 'hand', 20, 0, 0, 20, 0, 0, 0, 0, 0, 1, 1, 200),
(1002000002, 'ブロンズソード', 'equipment', 'hand', 20, 0, 0, 20, 0, 0, 0, 0, 0, 2, 2, 200),
(1002000003, 'ブロンズソード', 'equipment', 'hand', 20, 0, 0, 20, 0, 0, 0, 0, 0, 3, 3, 200),
(1003000000, 'ラウンドシールド', 'equipment', 'hand', 0, 20, 0, 0, 10, 0, 0, 0, 0, 0, 0, 200),
(1003000001, 'ラウンドシールド', 'equipment', 'hand', 0, 20, 0, 0, 10, 0, 0, 0, 0, 1, 1, 200),
(1003000002, 'ラウンドシールド', 'equipment', 'hand', 0, 20, 0, 0, 10, 0, 0, 0, 0, 2, 2, 200),
(1003000003, 'ラウンドシールド', 'equipment', 'hand', 0, 20, 0, 0, 10, 0, 0, 0, 0, 3, 3, 200),
(1004000000, 'ショートスピア', 'equipment', 'hand', 30, 0, 0, 30, 0, 0, 0, 0, 0, 0, 0, 300),
(1004000001, 'ショートスピア', 'equipment', 'hand', 30, 0, 0, 30, 0, 0, 0, 0, 0, 1, 1, 300),
(1004000002, 'ショートスピア', 'equipment', 'hand', 30, 0, 0, 30, 0, 0, 0, 0, 0, 2, 2, 300),
(1004000003, 'ショートスピア', 'equipment', 'hand', 30, 0, 0, 30, 0, 0, 0, 0, 0, 3, 3, 300),
(1005000000, 'カイトシールド', 'equipment', 'hand', 0, 30, 0, 0, 15, 0, 0, 0, 0, 0, 0, 300),
(1005000001, 'カイトシールド', 'equipment', 'hand', 0, 30, 0, 0, 15, 0, 0, 0, 0, 1, 1, 300),
(1005000002, 'カイトシールド', 'equipment', 'hand', 0, 30, 0, 0, 15, 0, 0, 0, 0, 2, 2, 300),
(1005000003, 'カイトシールド', 'equipment', 'hand', 0, 30, 0, 0, 15, 0, 0, 0, 0, 3, 3, 300),
(1006000000, 'アイアンアックス', 'equipment', 'hand', 40, 0, 0, 40, 0, 0, 0, 0, 0, 0, 0, 400),
(1006000001, 'アイアンアックス', 'equipment', 'hand', 40, 0, 0, 40, 0, 0, 0, 0, 0, 1, 1, 400),
(1006000002, 'アイアンアックス', 'equipment', 'hand', 40, 0, 0, 40, 0, 0, 0, 0, 0, 2, 2, 400),
(1006000003, 'アイアンアックス', 'equipment', 'hand', 40, 0, 0, 40, 0, 0, 0, 0, 0, 3, 3, 400),
(1007000000, 'アイアンシールド', 'equipment', 'hand', 0, 40, 0, 0, 20, 0, 0, 0, 0, 0, 0, 400),
(1007000001, 'アイアンシールド', 'equipment', 'hand', 0, 40, 0, 0, 20, 0, 0, 0, 0, 1, 1, 400),
(1007000002, 'アイアンシールド', 'equipment', 'hand', 0, 40, 0, 0, 20, 0, 0, 0, 0, 2, 2, 400),
(1007000003, 'アイアンシールド', 'equipment', 'hand', 0, 40, 0, 0, 20, 0, 0, 0, 0, 3, 3, 400),
(1008000000, 'ブロードソード', 'equipment', 'hand', 50, 0, 0, 50, 0, 0, 0, 0, 0, 0, 0, 500),
(1008000001, 'ブロードソード', 'equipment', 'hand', 50, 0, 0, 50, 0, 0, 0, 0, 0, 1, 1, 500),
(1008000002, 'ブロードソード', 'equipment', 'hand', 50, 0, 0, 50, 0, 0, 0, 0, 0, 2, 2, 500),
(1008000003, 'ブロードソード', 'equipment', 'hand', 50, 0, 0, 50, 0, 0, 0, 0, 0, 3, 3, 500),
(1009000000, 'タワーシールド', 'equipment', 'hand', 0, 50, 0, 0, 25, 0, 0, 0, 0, 0, 0, 500),
(1009000001, 'タワーシールド', 'equipment', 'hand', 0, 50, 0, 0, 25, 0, 0, 0, 0, 1, 1, 500),
(1009000002, 'タワーシールド', 'equipment', 'hand', 0, 50, 0, 0, 25, 0, 0, 0, 0, 2, 2, 500),
(1009000003, 'タワーシールド', 'equipment', 'hand', 0, 50, 0, 0, 25, 0, 0, 0, 0, 3, 3, 500),
(1010000000, 'スチールソード', 'equipment', 'hand', 60, 0, 0, 65, 0, 0, 0, 0, 0, 0, 0, 600),
(1010000001, 'スチールソード', 'equipment', 'hand', 60, 0, 0, 65, 0, 0, 0, 0, 0, 1, 1, 600),
(1010000002, 'スチールソード', 'equipment', 'hand', 60, 0, 0, 65, 0, 0, 0, 0, 0, 2, 2, 600),
(1010000003, 'スチールソード', 'equipment', 'hand', 60, 0, 0, 65, 0, 0, 0, 0, 0, 3, 3, 600),
(1011000000, 'スチールシールド', 'equipment', 'hand', 0, 60, 0, 0, 30, 0, 0, 0, 0, 0, 0, 600),
(1011000001, 'スチールシールド', 'equipment', 'hand', 0, 60, 0, 0, 30, 0, 0, 0, 0, 1, 1, 600),
(1011000002, 'スチールシールド', 'equipment', 'hand', 0, 60, 0, 0, 30, 0, 0, 0, 0, 2, 2, 600),
(1011000003, 'スチールシールド', 'equipment', 'hand', 0, 60, 0, 0, 30, 0, 0, 0, 0, 3, 3, 600),
(1012000000, 'シルバーランス', 'equipment', 'hand', 70, 0, 0, 80, 0, 0, 0, 0, 0, 0, 0, 700),
(1012000001, 'シルバーランス', 'equipment', 'hand', 70, 0, 0, 80, 0, 0, 0, 0, 0, 1, 1, 700),
(1012000002, 'シルバーランス', 'equipment', 'hand', 70, 0, 0, 80, 0, 0, 0, 0, 0, 2, 2, 700),
(1012000003, 'シルバーランス', 'equipment', 'hand', 70, 0, 0, 80, 0, 0, 0, 0, 0, 3, 3, 700),
(1013000000, 'シルバーシールド', 'equipment', 'hand', 0, 70, 0, 0, 35, 0, 0, 0, 0, 0, 0, 700),
(1013000001, 'シルバーシールド', 'equipment', 'hand', 0, 70, 0, 0, 35, 0, 0, 0, 0, 1, 1, 700),
(1013000002, 'シルバーシールド', 'equipment', 'hand', 0, 70, 0, 0, 35, 0, 0, 0, 0, 2, 2, 700),
(1013000003, 'シルバーシールド', 'equipment', 'hand', 0, 70, 0, 0, 35, 0, 0, 0, 0, 3, 3, 700),
(1014000000, 'ミスリルソード', 'equipment', 'hand', 80, 0, 0, 95, 0, 0, 0, 0, 0, 0, 0, 800),
(1014000001, 'ミスリルソード', 'equipment', 'hand', 80, 0, 0, 95, 0, 0, 0, 0, 0, 1, 1, 800),
(1014000002, 'ミスリルソード', 'equipment', 'hand', 80, 0, 0, 95, 0, 0, 0, 0, 0, 2, 2, 800),
(1014000003, 'ミスリルソード', 'equipment', 'hand', 80, 0, 0, 95, 0, 0, 0, 0, 0, 3, 3, 800),
(1015000000, 'ミスリルシールド', 'equipment', 'hand', 0, 80, 0, 0, 40, 0, 0, 0, 0, 0, 0, 800),
(1015000001, 'ミスリルシールド', 'equipment', 'hand', 0, 80, 0, 0, 40, 0, 0, 0, 0, 1, 1, 800),
(1015000002, 'ミスリルシールド', 'equipment', 'hand', 0, 80, 0, 0, 40, 0, 0, 0, 0, 2, 2, 800),
(1015000003, 'ミスリルシールド', 'equipment', 'hand', 0, 80, 0, 0, 40, 0, 0, 0, 0, 3, 3, 800),
(1016000000, 'フレイムタン', 'equipment', 'hand', 90, 0, 0, 110, 0, 0, 0, 0, 0, 0, 0, 900),
(1016000001, 'フレイムタン', 'equipment', 'hand', 90, 0, 0, 110, 0, 0, 0, 0, 0, 1, 1, 900),
(1016000002, 'フレイムタン', 'equipment', 'hand', 90, 0, 0, 110, 0, 0, 0, 0, 0, 2, 2, 900),
(1016000003, 'フレイムタン', 'equipment', 'hand', 90, 0, 0, 110, 0, 0, 0, 0, 0, 3, 3, 900),
(1017000000, 'フレイムシールド', 'equipment', 'hand', 0, 90, 0, 0, 45, 0, 0, 0, 0, 0, 0, 900),
(1017000001, 'フレイムシールド', 'equipment', 'hand', 0, 90, 0, 0, 45, 0, 0, 0, 0, 1, 1, 900),
(1017000002, 'フレイムシールド', 'equipment', 'hand', 0, 90, 0, 0, 45, 0, 0, 0, 0, 2, 2, 900),
(1017000003, 'フレイムシールド', 'equipment', 'hand', 0, 90, 0, 0, 45, 0, 0, 0, 0, 3, 3, 900),
(1018000000, 'アイスブランド', 'equipment', 'hand', 100, 0, 0, 125, 0, 0, 0, 0, 0, 0, 0, 1000),
(1018000001, 'アイスブランド', 'equipment', 'hand', 100, 0, 0, 125, 0, 0, 0, 0, 0, 1, 1, 1000),
(1018000002, 'アイスブランド', 'equipment', 'hand', 100, 0, 0, 125, 0, 0, 0, 0, 0, 2, 2, 1000),
(1018000003, 'アイスブランド', 'equipment', 'hand', 100, 0, 0, 125, 0, 0, 0, 0, 0, 3, 3, 1000),
(1019000000, 'アイスシールド', 'equipment', 'hand', 0, 100, 0, 0, 50, 0, 0, 0, 0, 0, 0, 1000),
(1019000001, 'アイスシールド', 'equipment', 'hand', 0, 100, 0, 0, 50, 0, 0, 0, 0, 1, 1, 1000),
(1019000002, 'アイスシールド', 'equipment', 'hand', 0, 100, 0, 0, 50, 0, 0, 0, 0, 2, 2, 1000),
(1019000003, 'アイスシールド', 'equipment', 'hand', 0, 100, 0, 0, 50, 0, 0, 0, 0, 3, 3, 1000),
(1020000000, 'オリハルコンソード', 'equipment', 'hand', 110, 0, 0, 140, 0, 0, 0, 0, 0, 0, 0, 1100),
(1020000001, 'オリハルコンソード', 'equipment', 'hand', 110, 0, 0, 140, 0, 0, 0, 0, 0, 1, 1, 1100),
(1020000002, 'オリハルコンソード', 'equipment', 'hand', 110, 0, 0, 140, 0, 0, 0, 0, 0, 2, 2, 1100),
(1020000003, 'オリハルコンソード', 'equipment', 'hand', 110, 0, 0, 140, 0, 0, 0, 0, 0, 3, 3, 1100),
(1021000000, 'オリハルコンシールド', 'equipment', 'hand', 0, 110, 0, 0, 55, 0, 0, 0, 0, 0, 0, 1100),
(1021000001, 'オリハルコンシールド', 'equipment', 'hand', 0, 110, 0, 0, 55, 0, 0, 0, 0, 1, 1, 1100),
(1021000002, 'オリハルコンシールド', 'equipment', 'hand', 0, 110, 0, 0, 55, 0, 0, 0, 0, 2, 2, 1100),
(1021000003, 'オリハルコンシールド', 'equipment', 'hand', 0, 110, 0, 0, 55, 0, 0, 0, 0, 3, 3, 1100),
(1022000000, 'ナイトソード', 'equipment', 'hand', 120, 0, 0, 155, 0, 0, 0, 0, 0, 0, 0, 1200),
(1022000001, 'ナイトソード', 'equipment', 'hand', 120, 0, 0, 155, 0, 0, 0, 0, 0, 1, 1, 1200),
(1022000002, 'ナイトソード', 'equipment', 'hand', 120, 0, 0, 155, 0, 0, 0, 0, 0, 2, 2, 1200),
(1022000003, 'ナイトソード', 'equipment', 'hand', 120, 0, 0, 155, 0, 0, 0, 0, 0, 3, 3, 1200),
(1023000000, 'ナイトシールド', 'equipment', 'hand', 0, 120, 0, 0, 60, 0, 0, 0, 0, 0, 0, 1200),
(1023000001, 'ナイトシールド', 'equipment', 'hand', 0, 120, 0, 0, 60, 0, 0, 0, 0, 1, 1, 1200),
(1023000002, 'ナイトシールド', 'equipment', 'hand', 0, 120, 0, 0, 60, 0, 0, 0, 0, 2, 2, 1200),
(1023000003, 'ナイトシールド', 'equipment', 'hand', 0, 120, 0, 0, 60, 0, 0, 0, 0, 3, 3, 1200),
(1024000000, 'ルーンブレイド', 'equipment', 'hand', 130, 0, 0, 170, 0, 0, 0, 0, 0, 0, 0, 1300),
(1024000001, 'ルーンブレイド', 'equipment', 'hand', 130, 0, 0, 170, 0, 0, 0, 0, 0, 1, 1, 1300),
(1024000002, 'ルーンブレイド', 'equipment', 'hand', 130, 0, 0, 170, 0, 0, 0, 0, 0, 2, 2, 1300),
(1024000003, 'ルーンブレイド', 'equipment', 'hand', 130, 0, 0, 170, 0, 0, 0, 0, 0, 3, 3, 1300),
(1025000000, 'ルーンシールド', 'equipment', 'hand', 0, 130, 0, 0, 65, 0, 0, 0, 0, 0, 0, 1300),
(1025000001, 'ルーンシールド', 'equipment', 'hand', 0, 130, 0, 0, 65, 0, 0, 0, 0, 1, 1, 1300),
(1025000002, 'ルーンシールド', 'equipment', 'hand', 0, 130, 0, 0, 65, 0, 0, 0, 0, 2, 2, 1300),
(1025000003, 'ルーンシールド', 'equipment', 'hand', 0, 130, 0, 0, 65, 0, 0, 0, 0, 3, 3, 1300),
(1026000000, 'ドラゴンキラー', 'equipment', 'hand', 140, 0, 0, 185, 0, 0, 0, 0, 0, 0, 0, 1400),
(1026000001, 'ドラゴンキラー', 'equipment', 'hand', 140, 0, 0, 185, 0, 0, 0, 0, 0, 1, 1, 1400),
(1026000002, 'ドラゴンキラー', 'equipment', 'hand', 140, 0, 0, 185, 0, 0, 0, 0, 0, 2, 2, 1400),
(1026000003, 'ドラゴンキラー', 'equipment', 'hand', 140, 0, 0, 185, 0, 0, 0, 0, 0, 3, 3, 1400),
(1027000000, 'ドラゴンシールド', 'equipment', 'hand', 0, 140, 0, 0, 70, 0, 0, 0, 0, 0, 0, 1400),
(1027000001, 'ドラゴンシールド', 'equipment', 'hand', 0, 140, 0, 0, 70, 0, 0, 0, 0, 1, 1, 1400),
(1027000002, 'ドラゴンシールド', 'equipment', 'hand', 0, 140, 0, 0, 70, 0, 0, 0, 0, 2, 2, 1400),
(1027000003, 'ドラゴンシールド', 'equipment', 'hand', 0, 140, 0, 0, 70, 0, 0, 0, 0, 3, 3, 1400),
(1028000000, 'ゴーレムスレイヤー', 'equipment', 'hand', 150, 0, 0, 200, 0, 0, 0, 0, 0, 0, 0, 1500),
(1028000001, 'ゴーレムスレイヤー', 'equipment', 'hand', 150, 0, 0, 200, 0, 0, 0, 0, 0, 1, 1, 1500),
(1028000002, 'ゴーレムスレイヤー', 'equipment', 'hand', 150, 0, 0, 200, 0, 0, 0, 0, 0, 2, 2, 1500),
(1028000003, 'ゴーレムスレイヤー', 'equipment', 'hand', 150, 0, 0, 200, 0, 0, 0, 0, 0, 3, 3, 1500),
(1029000000, 'ゴーレムシールド', 'equipment', 'hand', 0, 150, 0, 0, 75, 0, 0, 0, 0, 0, 0, 1500),
(1029000001, 'ゴーレムシールド', 'equipment', 'hand', 0, 150, 0, 0, 75, 0, 0, 0, 0, 1, 1, 1500),
(1029000002, 'ゴーレムシールド', 'equipment', 'hand', 0, 150, 0, 0, 75, 0, 0, 0, 0, 2, 2, 1500),
(1029000003, 'ゴーレムシールド', 'equipment', 'hand', 0, 150, 0, 0, 75, 0, 0, 0, 0, 3, 3, 1500),
(1030000000, 'デーモンキラー', 'equipment', 'hand', 160, 0, 0, 215, 0, 0, 0, 0, 0, 0, 0, 1600),
(1030000001, 'デーモンキラー', 'equipment', 'hand', 160, 0, 0, 215, 0, 0, 0, 0, 0, 1, 1, 1600),
(1030000002, 'デーモンキラー', 'equipment', 'hand', 160, 0, 0, 215, 0, 0, 0, 0, 0, 2, 2, 1600),
(1030000003, 'デーモンキラー', 'equipment', 'hand', 160, 0, 0, 215, 0, 0, 0, 0, 0, 3, 3, 1600),
(1031000000, 'デーモンシールド', 'equipment', 'hand', 0, 160, 0, 0, 80, 0, 0, 0, 0, 0, 0, 1600),
(1031000001, 'デーモンシールド', 'equipment', 'hand', 0, 160, 0, 0, 80, 0, 0, 0, 0, 1, 1, 1600),
(1031000002, 'デーモンシールド', 'equipment', 'hand', 0, 160, 0, 0, 80, 0, 0, 0, 0, 2, 2, 1600),
(1031000003, 'デーモンシールド', 'equipment', 'hand', 0, 160, 0, 0, 80, 0, 0, 0, 0, 3, 3, 1600),
(1032000000, 'エンジェルソード', 'equipment', 'hand', 170, 0, 0, 230, 0, 0, 0, 0, 0, 0, 0, 1700),
(1032000001, 'エンジェルソード', 'equipment', 'hand', 170, 0, 0, 230, 0, 0, 0, 0, 0, 1, 1, 1700),
(1032000002, 'エンジェルソード', 'equipment', 'hand', 170, 0, 0, 230, 0, 0, 0, 0, 0, 2, 2, 1700),
(1032000003, 'エンジェルソード', 'equipment', 'hand', 170, 0, 0, 230, 0, 0, 0, 0, 0, 3, 3, 1700),
(1033000000, 'エンジェルシールド', 'equipment', 'hand', 0, 170, 0, 0, 85, 0, 0, 0, 0, 0, 0, 1700),
(1033000001, 'エンジェルシールド', 'equipment', 'hand', 0, 170, 0, 0, 85, 0, 0, 0, 0, 1, 1, 1700),
(1033000002, 'エンジェルシールド', 'equipment', 'hand', 0, 170, 0, 0, 85, 0, 0, 0, 0, 2, 2, 1700),
(1033000003, 'エンジェルシールド', 'equipment', 'hand', 0, 170, 0, 0, 85, 0, 0, 0, 0, 3, 3, 1700),
(1034000000, '龍の剣', 'equipment', 'hand', 180, 0, 0, 245, 0, 0, 0, 0, 0, 0, 0, 1800),
(1034000001, '龍の剣', 'equipment', 'hand', 180, 0, 0, 245, 0, 0, 0, 0, 0, 1, 1, 1800),
(1034000002, '龍の剣', 'equipment', 'hand', 180, 0, 0, 245, 0, 0, 0, 0, 0, 2, 2, 1800),
(1034000003, '龍の剣', 'equipment', 'hand', 180, 0, 0, 245, 0, 0, 0, 0, 0, 3, 3, 1800),
(1035000000, '龍の盾', 'equipment', 'hand', 0, 180, 0, 0, 90, 0, 0, 0, 0, 0, 0, 1800),
(1035000001, '龍の盾', 'equipment', 'hand', 0, 180, 0, 0, 90, 0, 0, 0, 0, 1, 1, 1800),
(1035000002, '龍の盾', 'equipment', 'hand', 0, 180, 0, 0, 90, 0, 0, 0, 0, 2, 2, 1800),
(1035000003, '龍の盾', 'equipment', 'hand', 0, 180, 0, 0, 90, 0, 0, 0, 0, 3, 3, 1800),
(1036000000, '伝説の剣', 'equipment', 'hand', 190, 0, 0, 260, 0, 0, 0, 0, 0, 0, 0, 1900),
(1036000001, '伝説の剣', 'equipment', 'hand', 190, 0, 0, 260, 0, 0, 0, 0, 0, 1, 1, 1900),
(1036000002, '伝説の剣', 'equipment', 'hand', 190, 0, 0, 260, 0, 0, 0, 0, 0, 2, 2, 1900),
(1036000003, '伝説の剣', 'equipment', 'hand', 190, 0, 0, 260, 0, 0, 0, 0, 0, 3, 3, 1900),
(1037000000, '伝説の盾', 'equipment', 'hand', 0, 190, 0, 0, 95, 0, 0, 0, 0, 0, 0, 1900),
(1037000001, '伝説の盾', 'equipment', 'hand', 0, 190, 0, 0, 95, 0, 0, 0, 0, 1, 1, 1900),
(1037000002, '伝説の盾', 'equipment', 'hand', 0, 190, 0, 0, 95, 0, 0, 0, 0, 2, 2, 1900),
(1037000003, '伝説の盾', 'equipment', 'hand', 0, 190, 0, 0, 95, 0, 0, 0, 0, 3, 3, 1900),
(1038000000, '終焉の剣', 'equipment', 'hand', 200, 0, 0, 300, 0, 0, 0, 0, 0, 0, 0, 2000),
(1038000001, '終焉の剣', 'equipment', 'hand', 200, 0, 0, 300, 0, 0, 0, 0, 0, 1, 1, 2000),
(1038000002, '終焉の剣', 'equipment', 'hand', 200, 0, 0, 300, 0, 0, 0, 0, 0, 2, 2, 2000),
(1038000003, '終焉の剣', 'equipment', 'hand', 200, 0, 0, 300, 0, 0, 0, 0, 0, 3, 3, 2000),
(1039000000, '終焉の盾', 'equipment', 'hand', 0, 200, 0, 0, 150, 0, 0, 0, 0, 0, 0, 2000),
(1039000001, '終焉の盾', 'equipment', 'hand', 0, 200, 0, 0, 150, 0, 0, 0, 0, 1, 1, 2000),
(1039000002, '終焉の盾', 'equipment', 'hand', 0, 200, 0, 0, 150, 0, 0, 0, 0, 2, 2, 2000),
(1039000003, '終焉の盾', 'equipment', 'hand', 0, 200, 0, 0, 150, 0, 0, 0, 0, 3, 3, 2000),
(1500000000, '布の服', 'equipment', 'body', 0, 5, 10, 0, 10, 0, 0, 0, 0, 0, 0, 100),
(1500000001, '布の服', 'equipment', 'body', 0, 5, 10, 0, 10, 0, 0, 0, 0, 1, 1, 100),
(1500000002, '布の服', 'equipment', 'body', 0, 5, 10, 0, 10, 0, 0, 0, 0, 2, 2, 100),
(1500000003, '布の服', 'equipment', 'body', 0, 5, 10, 0, 10, 0, 0, 0, 0, 3, 3, 100),
(1501000000, 'ハードレザー', 'equipment', 'body', 0, 10, 20, 0, 20, 0, 0, 0, 0, 0, 0, 200),
(1501000001, 'ハードレザー', 'equipment', 'body', 0, 10, 20, 0, 20, 0, 0, 0, 0, 1, 1, 200),
(1501000002, 'ハードレザー', 'equipment', 'body', 0, 10, 20, 0, 20, 0, 0, 0, 0, 2, 2, 200),
(1501000003, 'ハードレザー', 'equipment', 'body', 0, 10, 20, 0, 20, 0, 0, 0, 0, 3, 3, 200),
(1502000000, 'チェインメイル', 'equipment', 'body', 0, 15, 30, 0, 30, 0, 0, 0, 0, 0, 0, 300),
(1502000001, 'チェインメイル', 'equipment', 'body', 0, 15, 30, 0, 30, 0, 0, 0, 0, 1, 1, 300),
(1502000002, 'チェインメイル', 'equipment', 'body', 0, 15, 30, 0, 30, 0, 0, 0, 0, 2, 2, 300),
(1502000003, 'チェインメイル', 'equipment', 'body', 0, 15, 30, 0, 30, 0, 0, 0, 0, 3, 3, 300),
(1503000000, 'スケイルメイル', 'equipment', 'body', 0, 20, 40, 0, 40, 0, 0, 0, 0, 0, 0, 400),
(1503000001, 'スケイルメイル', 'equipment', 'body', 0, 20, 40, 0, 40, 0, 0, 0, 0, 1, 1, 400),
(1503000002, 'スケイルメイル', 'equipment', 'body', 0, 20, 40, 0, 40, 0, 0, 0, 0, 2, 2, 400),
(1503000003, 'スケイルメイル', 'equipment', 'body', 0, 20, 40, 0, 40, 0, 0, 0, 0, 3, 3, 400),
(1504000000, 'プレートメイル', 'equipment', 'body', 0, 25, 50, 0, 50, 0, 0, 0, 0, 0, 0, 500),
(1504000001, 'プレートメイル', 'equipment', 'body', 0, 25, 50, 0, 50, 0, 0, 0, 0, 1, 1, 500),
(1504000002, 'プレートメイル', 'equipment', 'body', 0, 25, 50, 0, 50, 0, 0, 0, 0, 2, 2, 500),
(1504000003, 'プレートメイル', 'equipment', 'body', 0, 25, 50, 0, 50, 0, 0, 0, 0, 3, 3, 500),
(1505000000, 'スチールアーマー', 'equipment', 'body', 0, 30, 60, 0, 65, 0, 0, 0, 0, 0, 0, 600),
(1505000001, 'スチールアーマー', 'equipment', 'body', 0, 30, 60, 0, 65, 0, 0, 0, 0, 1, 1, 600),
(1505000002, 'スチールアーマー', 'equipment', 'body', 0, 30, 60, 0, 65, 0, 0, 0, 0, 2, 2, 600),
(1505000003, 'スチールアーマー', 'equipment', 'body', 0, 30, 60, 0, 65, 0, 0, 0, 0, 3, 3, 600),
(1506000000, 'シルバーアーマー', 'equipment', 'body', 0, 35, 70, 0, 80, 0, 0, 0, 0, 0, 0, 700),
(1506000001, 'シルバーアーマー', 'equipment', 'body', 0, 35, 70, 0, 80, 0, 0, 0, 0, 1, 1, 700),
(1506000002, 'シルバーアーマー', 'equipment', 'body', 0, 35, 70, 0, 80, 0, 0, 0, 0, 2, 2, 700),
(1506000003, 'シルバーアーマー', 'equipment', 'body', 0, 35, 70, 0, 80, 0, 0, 0, 0, 3, 3, 700),
(1507000000, 'ミスリルアーマー', 'equipment', 'body', 0, 40, 80, 0, 95, 0, 0, 0, 0, 0, 0, 800),
(1507000001, 'ミスリルアーマー', 'equipment', 'body', 0, 40, 80, 0, 95, 0, 0, 0, 0, 1, 1, 800),
(1507000002, 'ミスリルアーマー', 'equipment', 'body', 0, 40, 80, 0, 95, 0, 0, 0, 0, 2, 2, 800),
(1507000003, 'ミスリルアーマー', 'equipment', 'body', 0, 40, 80, 0, 95, 0, 0, 0, 0, 3, 3, 800),
(1508000000, 'フレイムメイル', 'equipment', 'body', 0, 45, 90, 0, 110, 0, 0, 0, 0, 0, 0, 900),
(1508000001, 'フレイムメイル', 'equipment', 'body', 0, 45, 90, 0, 110, 0, 0, 0, 0, 1, 1, 900),
(1508000002, 'フレイムメイル', 'equipment', 'body', 0, 45, 90, 0, 110, 0, 0, 0, 0, 2, 2, 900),
(1508000003, 'フレイムメイル', 'equipment', 'body', 0, 45, 90, 0, 110, 0, 0, 0, 0, 3, 3, 900),
(1509000000, 'アイスメイル', 'equipment', 'body', 0, 50, 100, 0, 125, 0, 0, 0, 0, 0, 0, 1000),
(1509000001, 'アイスメイル', 'equipment', 'body', 0, 50, 100, 0, 125, 0, 0, 0, 0, 1, 1, 1000),
(1509000002, 'アイスメイル', 'equipment', 'body', 0, 50, 100, 0, 125, 0, 0, 0, 0, 2, 2, 1000),
(1509000003, 'アイスメイル', 'equipment', 'body', 0, 50, 100, 0, 125, 0, 0, 0, 0, 3, 3, 1000),
(1510000000, 'オリハルコンメイル', 'equipment', 'body', 0, 55, 110, 0, 140, 0, 0, 0, 0, 0, 0, 1100),
(1510000001, 'オリハルコンメイル', 'equipment', 'body', 0, 55, 110, 0, 140, 0, 0, 0, 0, 1, 1, 1100),
(1510000002, 'オリハルコンメイル', 'equipment', 'body', 0, 55, 110, 0, 140, 0, 0, 0, 0, 2, 2, 1100),
(1510000003, 'オリハルコンメイル', 'equipment', 'body', 0, 55, 110, 0, 140, 0, 0, 0, 0, 3, 3, 1100),
(1511000000, 'ナイトアーマー', 'equipment', 'body', 0, 60, 120, 0, 155, 0, 0, 0, 0, 0, 0, 1200),
(1511000001, 'ナイトアーマー', 'equipment', 'body', 0, 60, 120, 0, 155, 0, 0, 0, 0, 1, 1, 1200),
(1511000002, 'ナイトアーマー', 'equipment', 'body', 0, 60, 120, 0, 155, 0, 0, 0, 0, 2, 2, 1200),
(1511000003, 'ナイトアーマー', 'equipment', 'body', 0, 60, 120, 0, 155, 0, 0, 0, 0, 3, 3, 1200),
(1512000000, 'ルーンメイル', 'equipment', 'body', 0, 65, 130, 0, 170, 0, 0, 0, 0, 0, 0, 1300),
(1512000001, 'ルーンメイル', 'equipment', 'body', 0, 65, 130, 0, 170, 0, 0, 0, 0, 1, 1, 1300),
(1512000002, 'ルーンメイル', 'equipment', 'body', 0, 65, 130, 0, 170, 0, 0, 0, 0, 2, 2, 1300),
(1512000003, 'ルーンメイル', 'equipment', 'body', 0, 65, 130, 0, 170, 0, 0, 0, 0, 3, 3, 1300),
(1513000000, 'ドラゴンメイル', 'equipment', 'body', 0, 70, 140, 0, 185, 0, 0, 0, 0, 0, 0, 1400),
(1513000001, 'ドラゴンメイル', 'equipment', 'body', 0, 70, 140, 0, 185, 0, 0, 0, 0, 1, 1, 1400),
(1513000002, 'ドラゴンメイル', 'equipment', 'body', 0, 70, 140, 0, 185, 0, 0, 0, 0, 2, 2, 1400),
(1513000003, 'ドラゴンメイル', 'equipment', 'body', 0, 70, 140, 0, 185, 0, 0, 0, 0, 3, 3, 1400),
(1514000000, 'ゴーレムメイル', 'equipment', 'body', 0, 75, 150, 0, 200, 0, 0, 0, 0, 0, 0, 1500),
(1514000001, 'ゴーレムメイル', 'equipment', 'body', 0, 75, 150, 0, 200, 0, 0, 0, 0, 1, 1, 1500),
(1514000002, 'ゴーレムメイル', 'equipment', 'body', 0, 75, 150, 0, 200, 0, 0, 0, 0, 2, 2, 1500),
(1514000003, 'ゴーレムメイル', 'equipment', 'body', 0, 75, 150, 0, 200, 0, 0, 0, 0, 3, 3, 1500),
(1515000000, 'デーモンメイル', 'equipment', 'body', 0, 80, 160, 0, 215, 0, 0, 0, 0, 0, 0, 1600),
(1515000001, 'デーモンメイル', 'equipment', 'body', 0, 80, 160, 0, 215, 0, 0, 0, 0, 1, 1, 1600),
(1515000002, 'デーモンメイル', 'equipment', 'body', 0, 80, 160, 0, 215, 0, 0, 0, 0, 2, 2, 1600),
(1515000003, 'デーモンメイル', 'equipment', 'body', 0, 80, 160, 0, 215, 0, 0, 0, 0, 3, 3, 1600),
(1516000000, 'エンジェルメイル', 'equipment', 'body', 0, 85, 170, 0, 230, 0, 0, 0, 0, 0, 0, 1700),
(1516000001, 'エンジェルメイル', 'equipment', 'body', 0, 85, 170, 0, 230, 0, 0, 0, 0, 1, 1, 1700),
(1516000002, 'エンジェルメイル', 'equipment', 'body', 0, 85, 170, 0, 230, 0, 0, 0, 0, 2, 2, 1700),
(1516000003, 'エンジェルメイル', 'equipment', 'body', 0, 85, 170, 0, 230, 0, 0, 0, 0, 3, 3, 1700),
(1517000000, '龍の鎧', 'equipment', 'body', 0, 90, 180, 0, 245, 0, 0, 0, 0, 0, 0, 1800),
(1517000001, '龍の鎧', 'equipment', 'body', 0, 90, 180, 0, 245, 0, 0, 0, 0, 1, 1, 1800),
(1517000002, '龍の鎧', 'equipment', 'body', 0, 90, 180, 0, 245, 0, 0, 0, 0, 2, 2, 1800),
(1517000003, '龍の鎧', 'equipment', 'body', 0, 90, 180, 0, 245, 0, 0, 0, 0, 3, 3, 1800),
(1518000000, '伝説の鎧', 'equipment', 'body', 0, 95, 190, 0, 260, 0, 0, 0, 0, 0, 0, 1900),
(1518000001, '伝説の鎧', 'equipment', 'body', 0, 95, 190, 0, 260, 0, 0, 0, 0, 1, 1, 1900),
(1518000002, '伝説の鎧', 'equipment', 'body', 0, 95, 190, 0, 260, 0, 0, 0, 0, 2, 2, 1900),
(1518000003, '伝説の鎧', 'equipment', 'body', 0, 95, 190, 0, 260, 0, 0, 0, 0, 3, 3, 1900),
(1519000000, '終焉の鎧', 'equipment', 'body', 0, 100, 200, 0, 300, 0, 0, 0, 0, 0, 0, 2000),
(1519000001, '終焉の鎧', 'equipment', 'body', 0, 100, 200, 0, 300, 0, 0, 0, 0, 1, 1, 2000),
(1519000002, '終焉の鎧', 'equipment', 'body', 0, 100, 200, 0, 300, 0, 0, 0, 0, 2, 2, 2000),
(1519000003, '終焉の鎧', 'equipment', 'body', 0, 100, 200, 0, 300, 0, 0, 0, 0, 3, 3, 2000);

-- --------------------------------------------------------

--
-- テーブルの構造 `monsters`
--

CREATE TABLE `monsters` (
  `id` int NOT NULL,
  `name` varchar(50) NOT NULL,
  `level` int NOT NULL,
  `exp` int NOT NULL,
  `hp` int NOT NULL,
  `atk` int NOT NULL,
  `def` int NOT NULL,
  `strength` int NOT NULL,
  `vitality` int NOT NULL,
  `intelligence` int NOT NULL,
  `speed` int NOT NULL,
  `luck` int NOT NULL,
  `charisma` int NOT NULL,
  `gold` int NOT NULL,
  `base_drop_rate` decimal(5,2) NOT NULL DEFAULT '0.20' COMMENT '基本ドロップ率 (例: 0.2 = 20%)',
  `passive_skill_1` int NOT NULL DEFAULT '0',
  `passive_skill_2` int NOT NULL DEFAULT '0',
  `passive_skill_3` int NOT NULL DEFAULT '0',
  `active_skill_1` int NOT NULL DEFAULT '0',
  `active_skill_2` int NOT NULL DEFAULT '0',
  `active_skill_3` int NOT NULL DEFAULT '0',
  `image` varchar(255) NOT NULL
) ENGINE=InnoDB DEFAULT CHARSET=utf8mb4 COLLATE=utf8mb4_0900_ai_ci;

--
-- テーブルのデータのダンプ `monsters`
--

INSERT INTO `monsters` (`id`, `name`, `level`, `exp`, `hp`, `atk`, `def`, `strength`, `vitality`, `intelligence`, `speed`, `luck`, `charisma`, `gold`, `base_drop_rate`, `passive_skill_1`, `passive_skill_2`, `passive_skill_3`, `active_skill_1`, `active_skill_2`, `active_skill_3`, `image`) VALUES
(1, 'プチスライム', 1, 40, 80, 0, 0, 40, 40, 10, 10, 10, 10, 8, 0.20, 0, 0, 0, 0, 0, 0, 'monster/enemy2_2.png'),
(2, 'ゴブリン(見習い)', 1, 45, 90, 0, 0, 45, 45, 10, 10, 10, 10, 9, 0.20, 0, 0, 0, 0, 0, 0, 'monster/enemy3_1.png'),
(3, 'ちびウルフ', 2, 50, 100, 0, 0, 50, 50, 10, 10, 10, 10, 10, 0.20, 0, 0, 0, 0, 0, 0, 'monster/enemy1_2.png'),
(4, '若木トレント', 2, 55, 110, 0, 0, 55, 55, 10, 10, 10, 10, 11, 0.20, 0, 0, 0, 0, 0, 0, 'monster/enemy2_2.png'),
(5, 'スライムキング(森)', 3, 150, 300, 0, 0, 80, 80, 20, 20, 20, 20, 50, 0.20, 0, 0, 0, 0, 0, 0, 'monster/enemy2_2.png'),
(6, 'ゴブリン(森)', 5, 50, 120, 0, 0, 80, 80, 20, 20, 20, 20, 12, 0.20, 0, 0, 0, 0, 0, 0, 'monster/enemy4_2.png'),
(7, 'ウルフ(森)', 5, 55, 130, 0, 0, 90, 90, 20, 20, 20, 20, 13, 0.20, 0, 0, 0, 0, 0, 0, 'monster/enemy1_2.png'),
(8, 'トレント(森)', 6, 60, 150, 0, 0, 100, 100, 20, 20, 20, 20, 14, 0.20, 0, 0, 0, 0, 0, 0, 'monster/enemy2_2.png'),
(9, 'ジャイアントビー', 6, 65, 160, 0, 0, 110, 110, 20, 20, 20, 20, 15, 0.20, 0, 0, 0, 0, 0, 0, 'monster/enemy3_2.png'),
(10, '森の監視者(中ボス)', 8, 180, 500, 0, 0, 150, 150, 30, 30, 30, 30, 60, 0.20, 0, 0, 0, 0, 0, 0, 'monster/enemy3_1.png'),
(11, 'コボルド(洞窟)', 8, 60, 180, 0, 0, 180, 180, 30, 30, 30, 30, 16, 0.20, 0, 0, 0, 0, 0, 0, 'monster/enemy4_2.png'),
(12, 'オーク(洞窟)', 9, 65, 200, 0, 0, 210, 210, 30, 30, 30, 30, 17, 0.20, 0, 0, 0, 0, 0, 0, 'monster/enemy3_1.png'),
(13, 'ジャイアントバット', 9, 70, 220, 0, 0, 240, 240, 30, 30, 30, 30, 18, 0.20, 0, 0, 0, 0, 0, 0, 'monster/enemy2_1.png'),
(14, 'ロックトータス', 10, 75, 300, 0, 0, 270, 270, 30, 30, 30, 30, 19, 0.20, 0, 0, 0, 0, 0, 0, 'monster/enemy5.png'),
(15, 'オーガ(中ボス)', 11, 200, 700, 0, 0, 350, 350, 40, 40, 40, 40, 70, 0.20, 0, 0, 0, 0, 0, 0, 'monster/enemy3_2.png'),
(16, 'スケルトン(墓地)', 11, 70, 250, 0, 0, 300, 300, 40, 40, 40, 40, 20, 0.20, 0, 0, 0, 0, 0, 0, 'monster/enemy1_1.png'),
(17, 'ゾンビ(墓地)', 12, 75, 280, 0, 0, 330, 330, 40, 40, 40, 40, 21, 0.20, 0, 0, 0, 0, 0, 0, 'monster/enemy4_2.png'),
(18, 'ゴースト(墓地)', 12, 80, 300, 0, 0, 360, 360, 40, 40, 40, 40, 22, 0.20, 0, 0, 0, 0, 0, 0, 'monster/enemy5.png'),
(19, 'レイス(墓地)', 13, 85, 320, 0, 0, 390, 390, 40, 40, 40, 40, 23, 0.20, 0, 0, 0, 0, 0, 0, 'monster/enemy1_1.png'),
(20, 'リッチ(中ボス)', 14, 220, 800, 0, 0, 450, 450, 50, 50, 50, 50, 80, 0.20, 0, 0, 0, 0, 0, 0, 'monster/enemy3_1.png'),
(21, 'マーマン(沿岸)', 14, 80, 350, 0, 0, 420, 420, 50, 50, 50, 50, 24, 0.20, 0, 0, 0, 0, 0, 0, 'monster/enemy2_1.png'),
(22, 'ジャイアントクラブ', 15, 85, 380, 0, 0, 450, 450, 50, 50, 50, 50, 25, 0.20, 0, 0, 0, 0, 0, 0, 'monster/enemy5.png'),
(23, 'シースネーク', 15, 90, 400, 0, 0, 480, 480, 50, 50, 50, 50, 26, 0.20, 0, 0, 0, 0, 0, 0, 'monster/enemy1_1.png'),
(24, 'サハギン', 16, 95, 420, 0, 0, 510, 510, 50, 50, 50, 50, 27, 0.20, 0, 0, 0, 0, 0, 0, 'monster/enemy3_1.png'),
(25, 'クラーケン(中ボス)', 17, 250, 1000, 0, 0, 600, 600, 60, 60, 60, 60, 100, 0.20, 0, 0, 0, 0, 0, 0, 'monster/enemy2_2.png'),
(26, 'リザードマン(沼地)', 17, 100, 450, 0, 0, 650, 650, 60, 60, 60, 60, 30, 0.20, 0, 0, 0, 0, 0, 0, 'monster/enemy2_1.png'),
(27, 'バシリスク(沼地)', 18, 110, 500, 0, 0, 700, 700, 60, 60, 60, 60, 32, 0.20, 0, 0, 0, 0, 0, 0, 'monster/enemy2_1.png'),
(28, 'ワーム(沼地)', 18, 120, 550, 0, 0, 750, 750, 60, 60, 60, 60, 34, 0.20, 0, 0, 0, 0, 0, 0, 'monster/enemy3_1.png'),
(29, 'マンティコア(沼地)', 19, 130, 600, 0, 0, 800, 800, 60, 60, 60, 60, 36, 0.20, 0, 0, 0, 0, 0, 0, 'monster/enemy4_1.png'),
(30, 'ヒュドラ(中ボス)', 20, 300, 1500, 0, 0, 900, 900, 70, 70, 70, 70, 120, 0.20, 0, 0, 0, 0, 0, 0, 'monster/enemy1_1.png'),
(31, 'ハーピー(山脈)', 20, 120, 600, 0, 0, 850, 850, 70, 70, 70, 70, 38, 0.20, 0, 0, 0, 0, 0, 0, 'monster/enemy5.png'),
(32, 'グリフォン(山脈)', 21, 130, 650, 0, 0, 900, 900, 70, 70, 70, 70, 40, 0.20, 0, 0, 0, 0, 0, 0, 'monster/enemy3_2.png'),
(33, 'ワイバーン(山脈)', 21, 140, 700, 0, 0, 950, 950, 70, 70, 70, 70, 42, 0.20, 0, 0, 0, 0, 0, 0, 'monster/enemy1_2.png'),
(34, 'サイクロプス(山脈)', 22, 150, 750, 0, 0, 1000, 1000, 70, 70, 70, 70, 44, 0.20, 0, 0, 0, 0, 0, 0, 'monster/enemy5.png'),
(35, 'ロック(中ボス)', 23, 350, 1800, 0, 0, 1100, 1100, 80, 80, 80, 80, 140, 0.20, 0, 0, 0, 0, 0, 0, 'monster/enemy2_2.png'),
(36, 'ミノタウロス(迷宮)', 23, 140, 750, 0, 0, 1050, 1050, 80, 80, 80, 80, 46, 0.20, 0, 0, 0, 0, 0, 0, 'monster/enemy1_2.png'),
(37, 'ガーゴイル(迷宮)', 24, 150, 800, 0, 0, 1100, 1100, 80, 80, 80, 80, 48, 0.20, 0, 0, 0, 0, 0, 0, 'monster/enemy4_1.png'),
(38, 'キマイラ(迷宮)', 24, 160, 850, 0, 0, 1150, 1150, 80, 80, 80, 80, 50, 0.20, 0, 0, 0, 0, 0, 0, 'monster/enemy1_1.png'),
(39, 'ゴーレム(迷宮)', 25, 170, 900, 0, 0, 1200, 1200, 80, 80, 80, 80, 52, 0.20, 0, 0, 0, 0, 0, 0, 'monster/enemy1_2.png'),
(40, 'メデューサ(中ボス)', 26, 400, 2200, 0, 0, 1300, 1300, 90, 90, 90, 90, 160, 0.20, 0, 0, 0, 0, 0, 0, 'monster/enemy3_2.png'),
(41, 'ヘルハウンド(火山)', 26, 160, 900, 0, 0, 1250, 1250, 90, 90, 90, 90, 54, 0.20, 0, 0, 0, 0, 0, 0, 'monster/enemy3_1.png'),
(42, 'サラマンダー(火山)', 27, 170, 950, 0, 0, 1300, 1300, 90, 90, 90, 90, 56, 0.20, 0, 0, 0, 0, 0, 0, 'monster/enemy3_2.png'),
(43, 'イフリート(火山)', 27, 180, 1000, 0, 0, 1350, 1350, 90, 90, 90, 90, 58, 0.20, 0, 0, 0, 0, 0, 0, 'monster/enemy4_1.png'),
(44, 'フレイムデーモン', 28, 190, 1050, 0, 0, 1400, 1400, 90, 90, 90, 90, 60, 0.20, 0, 0, 0, 0, 0, 0, 'monster/enemy4_2.png'),
(45, 'フェニックス(中ボス)', 29, 450, 2600, 0, 0, 1500, 1500, 100, 100, 100, 100, 180, 0.20, 0, 0, 0, 0, 0, 0, 'monster/enemy4_2.png'),
(46, 'アークエンジェル(天空)', 29, 180, 1050, 0, 0, 1450, 1450, 100, 100, 100, 100, 62, 0.20, 0, 0, 0, 0, 0, 0, 'monster/enemy4_1.png'),
(47, 'ヴァルキリー(天空)', 30, 190, 1100, 0, 0, 1500, 1500, 100, 100, 100, 100, 64, 0.20, 0, 0, 0, 0, 0, 0, 'monster/enemy2_1.png'),
(48, 'ペガサス(天空)', 30, 200, 1150, 0, 0, 1550, 1550, 100, 100, 100, 100, 66, 0.20, 0, 0, 0, 0, 0, 0, 'monster/enemy1_1.png'),
(49, 'グリフォンナイト', 31, 210, 1200, 0, 0, 1600, 1600, 100, 100, 100, 100, 68, 0.20, 0, 0, 0, 0, 0, 0, 'monster/enemy2_1.png'),
(50, 'セラフィム(中ボス)', 32, 500, 3000, 0, 0, 1700, 1700, 110, 110, 110, 110, 200, 0.20, 0, 0, 0, 0, 0, 0, 'monster/enemy2_1.png'),
(51, 'デーモン(魔界)', 32, 200, 1200, 0, 0, 1650, 1650, 110, 110, 110, 110, 70, 0.20, 0, 0, 0, 0, 0, 0, 'monster/enemy2_2.png'),
(52, 'アークデーモン', 33, 210, 1250, 0, 0, 1700, 1700, 110, 110, 110, 110, 72, 0.20, 0, 0, 0, 0, 0, 0, 'monster/enemy2_2.png'),
(53, 'サキュバス', 33, 220, 1300, 0, 0, 1750, 1750, 110, 110, 110, 110, 74, 0.20, 0, 0, 0, 0, 0, 0, 'monster/enemy3_2.png'),
(54, 'インキュバス', 34, 230, 1350, 0, 0, 1800, 1800, 110, 110, 110, 110, 76, 0.20, 0, 0, 0, 0, 0, 0, 'monster/enemy5.png'),
(55, 'サタン(中ボス)', 35, 550, 3500, 0, 0, 1900, 1900, 120, 120, 120, 120, 220, 0.20, 0, 0, 0, 0, 0, 0, 'monster/enemy4_1.png'),
(56, 'デュラハン(城)', 35, 220, 1350, 0, 0, 1850, 1850, 120, 120, 120, 120, 78, 0.20, 0, 0, 0, 0, 0, 0, 'monster/enemy4_2.png'),
(57, 'ヴァンパイア(城)', 36, 230, 1400, 0, 0, 1900, 1900, 120, 120, 120, 120, 80, 0.20, 0, 0, 0, 0, 0, 0, 'monster/enemy4_2.png'),
(58, 'ヴァンパイアロード', 36, 240, 1450, 0, 0, 1950, 1950, 120, 120, 120, 120, 82, 0.20, 0, 0, 0, 0, 0, 0, 'monster/enemy5.png'),
(59, 'ガーディアン(城)', 37, 250, 1500, 0, 0, 2000, 2000, 120, 120, 120, 120, 84, 0.20, 0, 0, 0, 0, 0, 0, 'monster/enemy1_2.png'),
(60, 'カオスナイト(中ボス)', 38, 600, 4000, 0, 0, 2100, 2100, 130, 130, 130, 130, 240, 0.20, 0, 0, 0, 0, 0, 0, 'monster/enemy5.png'),
(61, 'スライム(遺跡)', 38, 230, 1500, 0, 0, 2050, 2050, 130, 130, 130, 130, 86, 0.20, 0, 0, 0, 0, 0, 0, 'monster/enemy2_1.png'),
(62, 'ゴブリン(遺跡)', 39, 240, 1550, 0, 0, 2100, 2100, 130, 130, 130, 130, 88, 0.20, 0, 0, 0, 0, 0, 0, 'monster/enemy4_1.png'),
(63, 'オーク(遺跡)', 39, 250, 1600, 0, 0, 2150, 2150, 130, 130, 130, 130, 90, 0.20, 0, 0, 0, 0, 0, 0, 'monster/enemy4_2.png'),
(64, 'オーガ(遺跡)', 40, 260, 1650, 0, 0, 2200, 2200, 130, 130, 130, 130, 92, 0.20, 0, 0, 0, 0, 0, 0, 'monster/enemy5.png'),
(65, '遺跡のゴーレム(中ボス)', 41, 650, 4500, 0, 0, 2300, 2300, 140, 140, 140, 140, 260, 0.20, 0, 0, 0, 0, 0, 0, 'monster/enemy1_2.png'),
(66, 'リザードマン(遺跡)', 41, 250, 1650, 0, 0, 2250, 2250, 140, 140, 140, 140, 94, 0.20, 0, 0, 0, 0, 0, 0, 'monster/enemy4_2.png'),
(67, 'バシリスク(遺跡)', 42, 260, 1700, 0, 0, 2300, 2300, 140, 140, 140, 140, 96, 0.20, 0, 0, 0, 0, 0, 0, 'monster/enemy4_1.png'),
(68, 'ヒュドラ(遺跡)', 42, 270, 1750, 0, 0, 2350, 2350, 140, 140, 140, 140, 98, 0.20, 0, 0, 0, 0, 0, 0, 'monster/enemy1_1.png'),
(69, 'ミノタウロス(遺跡)', 43, 280, 1800, 0, 0, 2400, 2400, 140, 140, 140, 140, 100, 0.20, 0, 0, 0, 0, 0, 0, 'monster/enemy1_2.png'),
(70, 'キマイラ(中ボス)', 44, 700, 5000, 0, 0, 2500, 2500, 150, 150, 150, 150, 280, 0.20, 0, 0, 0, 0, 0, 0, 'monster/enemy3_2.png'),
(71, 'スケルトン(深層)', 44, 270, 1800, 0, 0, 2450, 2450, 150, 150, 150, 150, 102, 0.20, 0, 0, 0, 0, 0, 0, 'monster/enemy4_1.png'),
(72, 'ガーゴイル(深層)', 45, 280, 1850, 0, 0, 2500, 2500, 150, 150, 150, 150, 104, 0.20, 0, 0, 0, 0, 0, 0, 'monster/enemy3_2.png'),
(73, 'ゴーレム(深層)', 45, 290, 1900, 0, 0, 2550, 2550, 150, 150, 150, 150, 106, 0.20, 0, 0, 0, 0, 0, 0, 'monster/enemy4_2.png'),
(74, 'デュラハン(深層)', 46, 300, 1950, 0, 0, 2600, 2600, 150, 150, 150, 150, 108, 0.20, 0, 0, 0, 0, 0, 0, 'monster/enemy3_2.png'),
(75, 'ベヒモス(中ボス)', 47, 750, 5500, 0, 0, 2700, 2700, 160, 160, 160, 160, 300, 0.20, 0, 0, 0, 0, 0, 0, 'monster/enemy2_1.png'),
(76, 'ヴァンパイア(深層)', 47, 300, 2000, 0, 0, 2650, 2650, 160, 160, 160, 160, 110, 0.20, 0, 0, 0, 0, 0, 0, 'monster/enemy3_2.png'),
(77, 'リッチ(深層)', 48, 310, 2050, 0, 0, 2700, 2700, 160, 160, 160, 160, 112, 0.20, 0, 0, 0, 0, 0, 0, 'monster/enemy1_2.png'),
(78, 'カオスナイト(深層)', 48, 320, 2100, 0, 0, 2750, 2750, 160, 160, 160, 160, 114, 0.20, 0, 0, 0, 0, 0, 0, 'monster/enemy5.png'),
(79, 'デーモン(深層)', 49, 330, 2150, 0, 0, 2800, 2800, 160, 160, 160, 160, 116, 0.20, 0, 0, 0, 0, 0, 0, 'monster/enemy2_1.png'),
(80, 'アークデーモン(大ボス)', 50, 800, 6000, 0, 0, 2900, 2900, 170, 170, 170, 170, 320, 0.20, 0, 0, 0, 0, 0, 0, 'monster/enemy4_1.png'),
(81, 'エンジェル(神殿)', 50, 320, 2150, 0, 0, 2850, 2850, 170, 170, 170, 170, 118, 0.20, 0, 0, 0, 0, 0, 0, 'monster/enemy3_1.png'),
(82, 'アークエンジェル(神殿)', 51, 330, 2200, 0, 0, 2900, 2900, 170, 170, 170, 170, 120, 0.20, 0, 0, 0, 0, 0, 0, 'monster/enemy3_2.png'),
(83, 'ヴァルキリー(神殿)', 51, 340, 2250, 0, 0, 2950, 2950, 170, 170, 170, 170, 122, 0.20, 0, 0, 0, 0, 0, 0, 'monster/enemy3_2.png'),
(84, 'セラフィム(神殿)', 52, 350, 2300, 0, 0, 3000, 3000, 170, 170, 170, 170, 124, 0.20, 0, 0, 0, 0, 0, 0, 'monster/enemy2_1.png'),
(85, 'オーディン(中ボス)', 53, 850, 6500, 0, 0, 3100, 3100, 180, 180, 180, 180, 340, 0.20, 0, 0, 0, 0, 0, 0, 'monster/enemy3_2.png'),
(86, 'ドラゴン(龍)', 53, 340, 2300, 0, 0, 3050, 3050, 180, 180, 180, 180, 126, 0.20, 0, 0, 0, 0, 0, 0, 'monster/enemy1_1.png'),
(87, 'レッドドラゴン', 54, 350, 2350, 0, 0, 3100, 3100, 180, 180, 180, 180, 128, 0.20, 0, 0, 0, 0, 0, 0, 'monster/enemy2_1.png'),
(88, 'ブルードラゴン', 54, 360, 2400, 0, 0, 3150, 3150, 180, 180, 180, 180, 130, 0.20, 0, 0, 0, 0, 0, 0, 'monster/enemy3_2.png'),
(89, 'グリーンドラゴン', 55, 370, 2450, 0, 0, 3200, 3200, 180, 180, 180, 180, 132, 0.20, 0, 0, 0, 0, 0, 0, 'monster/enemy4_2.png'),
(90, 'ティアマト(中ボス)', 56, 900, 7000, 0, 0, 3300, 3300, 190, 190, 190, 190, 360, 0.20, 0, 0, 0, 0, 0, 0, 'monster/enemy3_1.png'),
(91, 'ブラックドラゴン', 56, 370, 2450, 0, 0, 3250, 3250, 190, 190, 190, 190, 134, 0.20, 0, 0, 0, 0, 0, 0, 'monster/enemy1_2.png'),
(92, 'ホワイトドラゴン', 57, 380, 2500, 0, 0, 3300, 3300, 190, 190, 190, 190, 136, 0.20, 0, 0, 0, 0, 0, 0, 'monster/enemy2_1.png'),
(93, 'ゴールドドラゴン', 57, 390, 2550, 0, 0, 3350, 3350, 190, 190, 190, 190, 138, 0.20, 0, 0, 0, 0, 0, 0, 'monster/enemy4_2.png'),
(94, 'シルバードラゴン', 58, 400, 2600, 0, 0, 3400, 3400, 190, 190, 190, 190, 140, 0.20, 0, 0, 0, 0, 0, 0, 'monster/enemy3_1.png'),
(95, 'バハムート(中ボス)', 59, 950, 7500, 0, 0, 3500, 3500, 200, 200, 200, 200, 380, 0.20, 0, 0, 0, 0, 0, 0, 'monster/enemy4_1.png'),
(96, '？？？(終焉)', 59, 400, 2600, 0, 0, 3500, 3500, 200, 200, 200, 200, 150, 0.20, 0, 0, 0, 0, 0, 0, 'monster/enemy1_2.png'),
(97, '？？？(終焉)', 60, 410, 2700, 0, 0, 3600, 3600, 200, 200, 200, 200, 160, 0.20, 0, 0, 0, 0, 0, 0, 'monster/enemy3_2.png'),
(98, '？？？(終焉)', 60, 420, 2800, 0, 0, 3700, 3700, 200, 200, 200, 200, 170, 0.20, 0, 0, 0, 0, 0, 0, 'monster/enemy3_1.png'),
(99, '？？？(終焉)', 60, 430, 2900, 0, 0, 3800, 3800, 200, 200, 200, 200, 180, 0.20, 0, 0, 0, 0, 0, 0, 'monster/enemy4_2.png'),
(100, '終焉の監視者(大ボス)', 60, 1500, 10000, 0, 0, 4000, 4000, 210, 210, 210, 210, 1000, 0.20, 0, 0, 0, 0, 0, 0, 'monster/enemy2_2.png'),
(101, 'ゴールドドラゴン', 57, 390, 2550, 0, 0, 3350, 3350, 190, 190, 190, 190, 138, 0.20, 0, 0, 0, 0, 0, 0, 'monster/enemy3_2.png'),
(102, 'シルバードラゴン', 58, 400, 2600, 0, 0, 3400, 3400, 190, 190, 190, 190, 140, 0.20, 0, 0, 0, 0, 0, 0, 'monster/enemy4_2.png'),
(103, 'バハムート(中ボス)', 59, 950, 7500, 0, 0, 3500, 3500, 200, 200, 200, 200, 380, 0.20, 0, 0, 0, 0, 0, 0, 'monster/enemy3_1.png'),
(104, '？？？(終焉)', 59, 400, 2600, 0, 0, 3500, 3500, 200, 200, 200, 200, 150, 0.20, 0, 0, 0, 0, 0, 0, 'monster/enemy5.png'),
(105, '？？？(終焉)', 60, 410, 2700, 0, 0, 3600, 3600, 200, 200, 200, 200, 160, 0.20, 0, 0, 0, 0, 0, 0, 'monster/enemy2_1.png'),
(106, '？？？(終焉)', 60, 420, 2800, 0, 0, 3700, 3700, 200, 200, 200, 200, 170, 0.20, 0, 0, 0, 0, 0, 0, 'monster/enemy3_2.png'),
(107, '？？？(終焉)', 60, 430, 2900, 0, 0, 3800, 3800, 200, 200, 200, 200, 180, 0.20, 0, 0, 0, 0, 0, 0, 'monster/enemy1_2.png'),
(108, '終焉の監視者(大ボス)', 60, 1500, 10000, 0, 0, 4000, 4000, 210, 210, 210, 210, 1000, 0.20, 0, 0, 0, 0, 0, 0, 'monster/enemy5.png');

-- --------------------------------------------------------

--
-- テーブルの構造 `monster_drops`
--

CREATE TABLE `monster_drops` (
  `id` int NOT NULL,
  `monster_id` int NOT NULL,
  `item_id` int NOT NULL,
  `drop_chance` int NOT NULL
) ENGINE=InnoDB DEFAULT CHARSET=utf8mb4 COLLATE=utf8mb4_0900_ai_ci;

--
-- テーブルのデータのダンプ `monster_drops`
--

INSERT INTO `monster_drops` (`id`, `monster_id`, `item_id`, `drop_chance`) VALUES
(1, 1, 1000000000, 3000),
(2, 1, 1500000000, 3000),
(3, 1, 1001000000, 3000),
(4, 1, 1000000001, 333),
(5, 1, 1500000001, 333),
(6, 1, 1001000001, 333),
(7, 2, 1000000000, 3000),
(8, 2, 1500000000, 3000),
(9, 2, 1001000000, 3000),
(10, 2, 1000000001, 333),
(11, 2, 1500000001, 333),
(12, 2, 1001000001, 333),
(13, 3, 1000000000, 3000),
(14, 3, 1500000000, 3000),
(15, 3, 1001000000, 3000),
(16, 3, 1000000001, 333),
(17, 3, 1500000001, 333),
(18, 3, 1001000001, 333),
(19, 4, 1000000000, 3000),
(20, 4, 1500000000, 3000),
(21, 4, 1001000000, 3000),
(22, 4, 1000000001, 333),
(23, 4, 1500000001, 333),
(24, 4, 1001000001, 333),
(25, 5, 1000000001, 2500),
(26, 5, 1500000001, 2500),
(27, 5, 1001000001, 2500),
(28, 5, 1000000002, 800),
(29, 5, 1500000002, 800),
(30, 5, 1001000002, 800),
(31, 5, 1000000003, 33),
(32, 5, 1500000003, 33),
(33, 5, 1001000003, 33),
(34, 6, 1002000000, 3000),
(35, 6, 1501000000, 3000),
(36, 6, 1003000000, 3000),
(37, 6, 1002000001, 333),
(38, 6, 1501000001, 333),
(39, 6, 1003000001, 333),
(40, 7, 1002000000, 3000),
(41, 7, 1501000000, 3000),
(42, 7, 1003000000, 3000),
(43, 7, 1002000001, 333),
(44, 7, 1501000001, 333),
(45, 7, 1003000001, 333),
(46, 8, 1002000000, 3000),
(47, 8, 1501000000, 3000),
(48, 8, 1003000000, 3000),
(49, 8, 1002000001, 333),
(50, 8, 1501000001, 333),
(51, 8, 1003000001, 333),
(52, 9, 1002000000, 3000),
(53, 9, 1501000000, 3000),
(54, 9, 1003000000, 3000),
(55, 9, 1002000001, 333),
(56, 9, 1501000001, 333),
(57, 9, 1003000001, 333),
(58, 10, 1002000001, 2500),
(59, 10, 1501000001, 2500),
(60, 10, 1003000001, 2500),
(61, 10, 1002000002, 800),
(62, 10, 1501000002, 800),
(63, 10, 1003000002, 800),
(64, 10, 1002000003, 33),
(65, 10, 1501000003, 33),
(66, 10, 1003000003, 33),
(67, 11, 1004000000, 3000),
(68, 11, 1502000000, 3000),
(69, 11, 1005000000, 3000),
(70, 11, 1004000001, 333),
(71, 11, 1502000001, 333),
(72, 11, 1005000001, 333),
(73, 12, 1004000000, 3000),
(74, 12, 1502000000, 3000),
(75, 12, 1005000000, 3000),
(76, 12, 1004000001, 333),
(77, 12, 1502000001, 333),
(78, 12, 1005000001, 333),
(79, 13, 1004000000, 3000),
(80, 13, 1502000000, 3000),
(81, 13, 1005000000, 3000),
(82, 13, 1004000001, 333),
(83, 13, 1502000001, 333),
(84, 13, 1005000001, 333),
(85, 14, 1004000000, 3000),
(86, 14, 1502000000, 3000),
(87, 14, 1005000000, 3000),
(88, 14, 1004000001, 333),
(89, 14, 1502000001, 333),
(90, 14, 1005000001, 333),
(91, 15, 1004000001, 2500),
(92, 15, 1502000001, 2500),
(93, 15, 1005000001, 2500),
(94, 15, 1004000002, 800),
(95, 15, 1502000002, 800),
(96, 15, 1005000002, 800),
(97, 15, 1004000003, 33),
(98, 15, 1502000003, 33),
(99, 15, 1005000003, 33),
(100, 16, 1006000000, 3000),
(101, 16, 1503000000, 3000),
(102, 16, 1007000000, 3000),
(103, 16, 1006000001, 333),
(104, 16, 1503000001, 333),
(105, 16, 1007000001, 333),
(106, 17, 1006000000, 3000),
(107, 17, 1503000000, 3000),
(108, 17, 1007000000, 3000),
(109, 17, 1006000001, 333),
(110, 17, 1503000001, 333),
(111, 17, 1007000001, 333),
(112, 18, 1006000000, 3000),
(113, 18, 1503000000, 3000),
(114, 18, 1007000000, 3000),
(115, 18, 1006000001, 333),
(116, 18, 1503000001, 333),
(117, 18, 1007000001, 333),
(118, 19, 1006000000, 3000),
(119, 19, 1503000000, 3000),
(120, 19, 1007000000, 3000),
(121, 19, 1006000001, 333),
(122, 19, 1503000001, 333),
(123, 19, 1007000001, 333),
(124, 20, 1006000001, 2500),
(125, 20, 1503000001, 2500),
(126, 20, 1007000001, 2500),
(127, 20, 1006000002, 800),
(128, 20, 1503000002, 800),
(129, 20, 1007000002, 800),
(130, 20, 1006000003, 33),
(131, 20, 1503000003, 33),
(132, 20, 1007000003, 33),
(133, 21, 1008000000, 3000),
(134, 21, 1504000000, 3000),
(135, 21, 1009000000, 3000),
(136, 21, 1008000001, 333),
(137, 21, 1504000001, 333),
(138, 21, 1009000001, 333),
(139, 22, 1008000000, 3000),
(140, 22, 1504000000, 3000),
(141, 22, 1009000000, 3000),
(142, 22, 1008000001, 333),
(143, 22, 1504000001, 333),
(144, 22, 1009000001, 333),
(145, 23, 1008000000, 3000),
(146, 23, 1504000000, 3000),
(147, 23, 1009000000, 3000),
(148, 23, 1008000001, 333),
(149, 23, 1504000001, 333),
(150, 23, 1009000001, 333),
(151, 24, 1008000000, 3000),
(152, 24, 1504000000, 3000),
(153, 24, 1009000000, 3000),
(154, 24, 1008000001, 333),
(155, 24, 1504000001, 333),
(156, 24, 1009000001, 333),
(157, 25, 1008000001, 2500),
(158, 25, 1504000001, 2500),
(159, 25, 1009000001, 2500),
(160, 25, 1008000002, 800),
(161, 25, 1504000002, 800),
(162, 25, 1009000002, 800),
(163, 25, 1008000003, 33),
(164, 25, 1504000003, 33),
(165, 25, 1009000003, 33),
(166, 26, 1010000000, 3000),
(167, 26, 1505000000, 3000),
(168, 26, 1011000000, 3000),
(169, 26, 1010000001, 333),
(170, 26, 1505000001, 333),
(171, 26, 1011000001, 333),
(172, 27, 1010000000, 3000),
(173, 27, 1505000000, 3000),
(174, 27, 1011000000, 3000),
(175, 27, 1010000001, 333),
(176, 27, 1505000001, 333),
(177, 27, 1011000001, 333),
(178, 28, 1010000000, 3000),
(179, 28, 1505000000, 3000),
(180, 28, 1011000000, 3000),
(181, 28, 1010000001, 333),
(182, 28, 1505000001, 333),
(183, 28, 1011000001, 333),
(184, 29, 1010000000, 3000),
(185, 29, 1505000000, 3000),
(186, 29, 1011000000, 3000),
(187, 29, 1010000001, 333),
(188, 29, 1505000001, 333),
(189, 29, 1011000001, 333),
(190, 30, 1010000001, 2500),
(191, 30, 1505000001, 2500),
(192, 30, 1011000001, 2500),
(193, 30, 1010000002, 800),
(194, 30, 1505000002, 800),
(195, 30, 1011000002, 800),
(196, 30, 1010000003, 33),
(197, 30, 1505000003, 33),
(198, 30, 1011000003, 33),
(199, 31, 1012000000, 3000),
(200, 31, 1506000000, 3000),
(201, 31, 1013000000, 3000),
(202, 31, 1012000001, 333),
(203, 31, 1506000001, 333),
(204, 31, 1013000001, 333),
(205, 32, 1012000000, 3000),
(206, 32, 1506000000, 3000),
(207, 32, 1013000000, 3000),
(208, 32, 1012000001, 333),
(209, 32, 1506000001, 333),
(210, 32, 1013000001, 333),
(211, 33, 1012000000, 3000),
(212, 33, 1506000000, 3000),
(213, 33, 1013000000, 3000),
(214, 33, 1012000001, 333),
(215, 33, 1506000001, 333),
(216, 33, 1013000001, 333),
(217, 34, 1012000000, 3000),
(218, 34, 1506000000, 3000),
(219, 34, 1013000000, 3000),
(220, 34, 1012000001, 333),
(221, 34, 1506000001, 333),
(222, 34, 1013000001, 333),
(223, 35, 1012000001, 2500),
(224, 35, 1506000001, 2500),
(225, 35, 1013000001, 2500),
(226, 35, 1012000002, 800),
(227, 35, 1506000002, 800),
(228, 35, 1013000002, 800),
(229, 35, 1012000003, 33),
(230, 35, 1506000003, 33),
(231, 35, 1013000003, 33),
(232, 36, 1014000000, 3000),
(233, 36, 1507000000, 3000),
(234, 36, 1015000000, 3000),
(235, 36, 1014000001, 333),
(236, 36, 1507000001, 333),
(237, 36, 1015000001, 333),
(238, 37, 1014000000, 3000),
(239, 37, 1507000000, 3000),
(240, 37, 1015000000, 3000),
(241, 37, 1014000001, 333),
(242, 37, 1507000001, 333),
(243, 37, 1015000001, 333),
(244, 38, 1014000000, 3000),
(245, 38, 1507000000, 3000),
(246, 38, 1015000000, 3000),
(247, 38, 1014000001, 333),
(248, 38, 1507000001, 333),
(249, 38, 1015000001, 333),
(250, 39, 1014000000, 3000),
(251, 39, 1507000000, 3000),
(252, 39, 1015000000, 3000),
(253, 39, 1014000001, 333),
(254, 39, 1507000001, 333),
(255, 39, 1015000001, 333),
(256, 40, 1014000001, 2500),
(257, 40, 1507000001, 2500),
(258, 40, 1015000001, 2500),
(259, 40, 1014000002, 800),
(260, 40, 1507000002, 800),
(261, 40, 1015000002, 800),
(262, 40, 1014000003, 33),
(263, 40, 1507000003, 33),
(264, 40, 1015000003, 33),
(265, 41, 1016000000, 3000),
(266, 41, 1508000000, 3000),
(267, 41, 1017000000, 3000),
(268, 41, 1016000001, 333),
(269, 41, 1508000001, 333),
(270, 41, 1017000001, 333),
(271, 42, 1016000000, 3000),
(272, 42, 1508000000, 3000),
(273, 42, 1017000000, 3000),
(274, 42, 1016000001, 333),
(275, 42, 1508000001, 333),
(276, 42, 1017000001, 333),
(277, 43, 1016000000, 3000),
(278, 43, 1508000000, 3000),
(279, 43, 1017000000, 3000),
(280, 43, 1016000001, 333),
(281, 43, 1508000001, 333),
(282, 43, 1017000001, 333),
(283, 44, 1016000000, 3000),
(284, 44, 1508000000, 3000),
(285, 44, 1017000000, 3000),
(286, 44, 1016000001, 333),
(287, 44, 1508000001, 333),
(288, 44, 1017000001, 333),
(289, 45, 1016000001, 2500),
(290, 45, 1508000001, 2500),
(291, 45, 1017000001, 2500),
(292, 45, 1016000002, 800),
(293, 45, 1508000002, 800),
(294, 45, 1017000002, 800),
(295, 45, 1016000003, 33),
(296, 45, 1508000003, 33),
(297, 45, 1017000003, 33),
(298, 46, 1018000000, 3000),
(299, 46, 1509000000, 3000),
(300, 46, 1019000000, 3000),
(301, 46, 1018000001, 333),
(302, 46, 1509000001, 333),
(303, 46, 1019000001, 333),
(304, 47, 1018000000, 3000),
(305, 47, 1509000000, 3000),
(306, 47, 1019000000, 3000),
(307, 47, 1018000001, 333),
(308, 47, 1509000001, 333),
(309, 47, 1019000001, 333),
(310, 48, 1018000000, 3000),
(311, 48, 1509000000, 3000),
(312, 48, 1019000000, 3000),
(313, 48, 1018000001, 333),
(314, 48, 1509000001, 333),
(315, 48, 1019000001, 333),
(316, 49, 1018000000, 3000),
(317, 49, 1509000000, 3000),
(318, 49, 1019000000, 3000),
(319, 49, 1018000001, 333),
(320, 49, 1509000001, 333),
(321, 49, 1019000001, 333),
(322, 50, 1018000001, 2500),
(323, 50, 1509000001, 2500),
(324, 50, 1019000001, 2500),
(325, 50, 1018000002, 800),
(326, 50, 1509000002, 800),
(327, 50, 1019000002, 800),
(328, 50, 1018000003, 33),
(329, 50, 1509000003, 33),
(330, 50, 1019000003, 33),
(331, 51, 1020000000, 3000),
(332, 51, 1510000000, 3000),
(333, 51, 1021000000, 3000),
(334, 51, 1020000001, 333),
(335, 51, 1510000001, 333),
(336, 51, 1021000001, 333),
(337, 52, 1020000000, 3000),
(338, 52, 1510000000, 3000),
(339, 52, 1021000000, 3000),
(340, 52, 1020000001, 333),
(341, 52, 1510000001, 333),
(342, 52, 1021000001, 333),
(343, 53, 1020000000, 3000),
(344, 53, 1510000000, 3000),
(345, 53, 1021000000, 3000),
(346, 53, 1020000001, 333),
(347, 53, 1510000001, 333),
(348, 53, 1021000001, 333),
(349, 54, 1020000000, 3000),
(350, 54, 1510000000, 3000),
(351, 54, 1021000000, 3000),
(352, 54, 1020000001, 333),
(353, 54, 1510000001, 333),
(354, 54, 1021000001, 333),
(355, 55, 1020000001, 2500),
(356, 55, 1510000001, 2500),
(357, 55, 1021000001, 2500),
(358, 55, 1020000002, 800),
(359, 55, 1510000002, 800),
(360, 55, 1021000002, 800),
(361, 55, 1020000003, 33),
(362, 55, 1510000003, 33),
(363, 55, 1021000003, 33),
(364, 56, 1022000000, 3000),
(365, 56, 1511000000, 3000),
(366, 56, 1023000000, 3000),
(367, 56, 1022000001, 333),
(368, 56, 1511000001, 333),
(369, 56, 1023000001, 333),
(370, 57, 1022000000, 3000),
(371, 57, 1511000000, 3000),
(372, 57, 1023000000, 3000),
(373, 57, 1022000001, 333),
(374, 57, 1511000001, 333),
(375, 57, 1023000001, 333),
(376, 58, 1022000000, 3000),
(377, 58, 1511000000, 3000),
(378, 58, 1023000000, 3000),
(379, 58, 1022000001, 333),
(380, 58, 1511000001, 333),
(381, 58, 1023000001, 333),
(382, 59, 1022000000, 3000),
(383, 59, 1511000000, 3000),
(384, 59, 1023000000, 3000),
(385, 59, 1022000001, 333),
(386, 59, 1511000001, 333),
(387, 59, 1023000001, 333),
(388, 60, 1022000001, 2500),
(389, 60, 1511000001, 2500),
(390, 60, 1023000001, 2500),
(391, 60, 1022000002, 800),
(392, 60, 1511000002, 800),
(393, 60, 1023000002, 800),
(394, 60, 1022000003, 33),
(395, 60, 1511000003, 33),
(396, 60, 1023000003, 33),
(397, 61, 1024000000, 3000),
(398, 61, 1512000000, 3000),
(399, 61, 1025000000, 3000),
(400, 61, 1024000001, 333),
(401, 61, 1512000001, 333),
(402, 61, 1025000001, 333),
(403, 62, 1024000000, 3000),
(404, 62, 1512000000, 3000),
(405, 62, 1025000000, 3000),
(406, 62, 1024000001, 333),
(407, 62, 1512000001, 333),
(408, 62, 1025000001, 333),
(409, 63, 1024000000, 3000),
(410, 63, 1512000000, 3000),
(411, 63, 1025000000, 3000),
(412, 63, 1024000001, 333),
(413, 63, 1512000001, 333),
(414, 63, 1025000001, 333),
(415, 64, 1024000000, 3000),
(416, 64, 1512000000, 3000),
(417, 64, 1025000000, 3000),
(418, 64, 1024000001, 333),
(419, 64, 1512000001, 333),
(420, 64, 1025000001, 333),
(421, 65, 1024000001, 2500),
(422, 65, 1512000001, 2500),
(423, 65, 1025000001, 2500),
(424, 65, 1024000002, 800),
(425, 65, 1512000002, 800),
(426, 65, 1025000002, 800),
(427, 65, 1024000003, 33),
(428, 65, 1512000003, 33),
(429, 65, 1025000003, 33),
(430, 66, 1026000000, 3000),
(431, 66, 1513000000, 3000),
(432, 66, 1027000000, 3000),
(433, 66, 1026000001, 333),
(434, 66, 1513000001, 333),
(435, 66, 1027000001, 333),
(436, 67, 1026000000, 3000),
(437, 67, 1513000000, 3000),
(438, 67, 1027000000, 3000),
(439, 67, 1026000001, 333),
(440, 67, 1513000001, 333),
(441, 67, 1027000001, 333),
(442, 68, 1026000000, 3000),
(443, 68, 1513000000, 3000),
(444, 68, 1027000000, 3000),
(445, 68, 1026000001, 333),
(446, 68, 1513000001, 333),
(447, 68, 1027000001, 333),
(448, 69, 1026000000, 3000),
(449, 69, 1513000000, 3000),
(450, 69, 1027000000, 3000),
(451, 69, 1026000001, 333),
(452, 69, 1513000001, 333),
(453, 69, 1027000001, 333),
(454, 70, 1026000001, 2500),
(455, 70, 1513000001, 2500),
(456, 70, 1027000001, 2500),
(457, 70, 1026000002, 800),
(458, 70, 1513000002, 800),
(459, 70, 1027000002, 800),
(460, 70, 1026000003, 33),
(461, 70, 1513000003, 33),
(462, 70, 1027000003, 33),
(463, 71, 1028000000, 3000),
(464, 71, 1514000000, 3000),
(465, 71, 1029000000, 3000),
(466, 71, 1028000001, 333),
(467, 71, 1514000001, 333),
(468, 71, 1029000001, 333),
(469, 72, 1028000000, 3000),
(470, 72, 1514000000, 3000),
(471, 72, 1029000000, 3000),
(472, 72, 1028000001, 333),
(473, 72, 1514000001, 333),
(474, 72, 1029000001, 333),
(475, 73, 1028000000, 3000),
(476, 73, 1514000000, 3000),
(477, 73, 1029000000, 3000),
(478, 73, 1028000001, 333),
(479, 73, 1514000001, 333),
(480, 73, 1029000001, 333),
(481, 74, 1028000000, 3000),
(482, 74, 1514000000, 3000),
(483, 74, 1029000000, 3000),
(484, 74, 1028000001, 333),
(485, 74, 1514000001, 333),
(486, 74, 1029000001, 333),
(487, 75, 1028000001, 2500),
(488, 75, 1514000001, 2500),
(489, 75, 1029000001, 2500),
(490, 75, 1028000002, 800),
(491, 75, 1514000002, 800),
(492, 75, 1029000002, 800),
(493, 75, 1028000003, 33),
(494, 75, 1514000003, 33),
(495, 75, 1029000003, 33),
(496, 76, 1030000000, 3000),
(497, 76, 1515000000, 3000),
(498, 76, 1031000000, 3000),
(499, 76, 1030000001, 333),
(500, 76, 1515000001, 333),
(501, 76, 1031000001, 333),
(502, 77, 1030000000, 3000),
(503, 77, 1515000000, 3000),
(504, 77, 1031000000, 3000),
(505, 77, 1030000001, 333),
(506, 77, 1515000001, 333),
(507, 77, 1031000001, 333),
(508, 78, 1030000000, 3000),
(509, 78, 1515000000, 3000),
(510, 78, 1031000000, 3000),
(511, 78, 1030000001, 333),
(512, 78, 1515000001, 333),
(513, 78, 1031000001, 333),
(514, 79, 1030000000, 3000),
(515, 79, 1515000000, 3000),
(516, 79, 1031000000, 3000),
(517, 79, 1030000001, 333),
(518, 79, 1515000001, 333),
(519, 79, 1031000001, 333),
(520, 80, 1030000001, 2500),
(521, 80, 1515000001, 2500),
(522, 80, 1031000001, 2500),
(523, 80, 1030000002, 800),
(524, 80, 1515000002, 800),
(525, 80, 1031000002, 800),
(526, 80, 1030000003, 33),
(527, 80, 1515000003, 33),
(528, 80, 1031000003, 33),
(529, 81, 1032000000, 3000),
(530, 81, 1516000000, 3000),
(531, 81, 1033000000, 3000),
(532, 81, 1032000001, 333),
(533, 81, 1516000001, 333),
(534, 81, 1033000001, 333),
(535, 82, 1032000000, 3000),
(536, 82, 1516000000, 3000),
(537, 82, 1033000000, 3000),
(538, 82, 1032000001, 333),
(539, 82, 1516000001, 333),
(540, 82, 1033000001, 333),
(541, 83, 1032000000, 3000),
(542, 83, 1516000000, 3000),
(543, 83, 1033000000, 3000),
(544, 83, 1032000001, 333),
(545, 83, 1516000001, 333),
(546, 83, 1033000001, 333),
(547, 84, 1032000000, 3000),
(548, 84, 1516000000, 3000),
(549, 84, 1033000000, 3000),
(550, 84, 1032000001, 333),
(551, 84, 1516000001, 333),
(552, 84, 1033000001, 333),
(553, 85, 1032000001, 2500),
(554, 85, 1516000001, 2500),
(555, 85, 1033000001, 2500),
(556, 85, 1032000002, 800),
(557, 85, 1516000002, 800),
(558, 85, 1033000002, 800),
(559, 85, 1032000003, 33),
(560, 85, 1516000003, 33),
(561, 85, 1033000003, 33),
(562, 86, 1034000000, 3000),
(563, 86, 1517000000, 3000),
(564, 86, 1035000000, 3000),
(565, 86, 1034000001, 333),
(566, 86, 1517000001, 333),
(567, 86, 1035000001, 333),
(568, 87, 1034000000, 3000),
(569, 87, 1517000000, 3000),
(570, 87, 1035000000, 3000),
(571, 87, 1034000001, 333),
(572, 87, 1517000001, 333),
(573, 87, 1035000001, 333),
(574, 88, 1034000000, 3000),
(575, 88, 1517000000, 3000),
(576, 88, 1035000000, 3000),
(577, 88, 1034000001, 333),
(578, 88, 1517000001, 333),
(579, 88, 1035000001, 333),
(580, 89, 1034000000, 3000),
(581, 89, 1517000000, 3000),
(582, 89, 1035000000, 3000),
(583, 89, 1034000001, 333),
(584, 89, 1517000001, 333),
(585, 89, 1035000001, 333),
(586, 90, 1034000001, 2500),
(587, 90, 1517000001, 2500),
(588, 90, 1035000001, 2500),
(589, 90, 1034000002, 800),
(590, 90, 1517000002, 800),
(591, 90, 1035000002, 800),
(592, 90, 1034000003, 33),
(593, 90, 1517000003, 33),
(594, 90, 1035000003, 33),
(595, 91, 1036000000, 3000),
(596, 91, 1518000000, 3000),
(597, 91, 1037000000, 3000),
(598, 91, 1036000001, 333),
(599, 91, 1518000001, 333),
(600, 91, 1037000001, 333),
(601, 92, 1036000000, 3000),
(602, 92, 1518000000, 3000),
(603, 92, 1037000000, 3000),
(604, 92, 1036000001, 333),
(605, 92, 1518000001, 333),
(606, 92, 1037000001, 333),
(607, 93, 1036000000, 3000),
(608, 93, 1518000000, 3000),
(609, 93, 1037000000, 3000),
(610, 93, 1036000001, 333),
(611, 93, 1518000001, 333),
(612, 93, 1037000001, 333),
(613, 94, 1036000000, 3000),
(614, 94, 1518000000, 3000),
(615, 94, 1037000000, 3000),
(616, 94, 1036000001, 333),
(617, 94, 1518000001, 333),
(618, 94, 1037000001, 333),
(619, 95, 1036000001, 2500),
(620, 95, 1518000001, 2500),
(621, 95, 1037000001, 2500),
(622, 95, 1036000002, 800),
(623, 95, 1518000002, 800),
(624, 95, 1037000002, 800),
(625, 95, 1036000003, 33),
(626, 95, 1518000003, 33),
(627, 95, 1037000003, 33),
(628, 96, 1038000000, 3000),
(629, 96, 1519000000, 3000),
(630, 96, 1039000000, 3000),
(631, 96, 1038000001, 333),
(632, 96, 1519000001, 333),
(633, 96, 1039000001, 333),
(634, 97, 1038000000, 3000),
(635, 97, 1519000000, 3000),
(636, 97, 1039000000, 3000),
(637, 97, 1038000001, 333),
(638, 97, 1519000001, 333),
(639, 97, 1039000001, 333),
(640, 98, 1038000000, 3000),
(641, 98, 1519000000, 3000),
(642, 98, 1039000000, 3000),
(643, 98, 1038000001, 333),
(644, 98, 1519000001, 333),
(645, 98, 1039000001, 333),
(646, 99, 1038000000, 3000),
(647, 99, 1519000000, 3000),
(648, 99, 1039000000, 3000),
(649, 99, 1038000001, 333),
(650, 99, 1519000001, 333),
(651, 99, 1039000001, 333),
(652, 100, 1038000001, 2500),
(653, 100, 1519000001, 2500),
(654, 100, 1039000001, 2500),
(655, 100, 1038000002, 800),
(656, 100, 1519000002, 800),
(657, 100, 1039000002, 800),
(658, 100, 1038000003, 33),
(659, 100, 1519000003, 33),
(660, 100, 1039000003, 33);

-- --------------------------------------------------------

--
-- テーブルの構造 `news`
--

CREATE TABLE `news` (
  `id` int NOT NULL,
  `title` varchar(255) NOT NULL,
  `link_url` varchar(255) NOT NULL,
  `link_text` varchar(100) NOT NULL,
  `created_at` timestamp NOT NULL DEFAULT CURRENT_TIMESTAMP
) ENGINE=InnoDB DEFAULT CHARSET=utf8mb4 COLLATE=utf8mb4_0900_ai_ci;

--
-- テーブルのデータのダンプ `news`
--

INSERT INTO `news` (`id`, `title`, `link_url`, `link_text`, `created_at`) VALUES
(1, '開発ブログを公開中です！', 'https://note.com/あなたのID', '最新情報はこちら (note)', '2025-10-31 15:06:04');

-- --------------------------------------------------------

--
-- テーブルの構造 `players`
--

CREATE TABLE `players` (
  `player_id` int NOT NULL,
  `name` varchar(50) NOT NULL,
  `password_hash` varchar(255) NOT NULL,
  `level` int NOT NULL DEFAULT '1',
  `exp` int NOT NULL DEFAULT '0',
  `gold` int NOT NULL DEFAULT '20',
  `hp` int NOT NULL DEFAULT '20',
  `hp_max` int NOT NULL DEFAULT '20',
  `strength` int NOT NULL DEFAULT '10',
  `vitality` int NOT NULL DEFAULT '10',
  `intelligence` int NOT NULL DEFAULT '10',
  `speed` int NOT NULL DEFAULT '5',
  `luck` int NOT NULL DEFAULT '5',
  `charisma` int NOT NULL DEFAULT '5',
  `avatar_filename` varchar(255) NOT NULL DEFAULT 'baby.png'
) ENGINE=InnoDB DEFAULT CHARSET=utf8mb4 COLLATE=utf8mb4_0900_ai_ci;

--
-- テーブルのデータのダンプ `players`
--

INSERT INTO `players` (`player_id`, `name`, `password_hash`, `level`, `exp`, `gold`, `hp`, `hp_max`, `strength`, `vitality`, `intelligence`, `speed`, `luck`, `charisma`, `avatar_filename`) VALUES
(1, 'ながもん', '$2y$10$Y73h25M1z/DtvpR9FckEie88phCCfrd6DVg.huKzKIU4iECGlJuH6', 1, 0, 20, 20, 20, 10, 10, 10, 5, 5, 5, 'baby.png'),
(2, 'nagamon', '$2y$10$RaVN1deDKdK1zlcu1Cnnj.FFe48I.ccw1JPpC1xjF9HGH2bHxdtUa', 200, 19905, 21408, 10434, 10450, 2000, 2000, 2000, 2000, 2000, 2000, 'baby.png'),
(3, 'ながもそ', '$2y$10$WtWv0gkoNc5/2Iq6obc.5e9y1kAiWNmr.Rlg7.0Gng1vOjS4VxrpS', 1, 0, 20, 20, 20, 10, 10, 10, 5, 5, 5, 'baby.png'),
(5, 'test1', '$2y$10$qUMdcknjiFgEQ4xcl3dkKOYRqHDgDxQ5Y2vhLPbIJnxToSOd6Qs.i', 1, 0, 0, 7, 100, 50, 50, 50, 50, 50, 50, 'baby.png'),
(6, 'test2', '$2y$10$5Te/J8e2.OQ4EKtaNnthquWZxHuHgspGTveHb1Us8itgBMAwwx6Ce', 1, 0, 0, 10, 100, 100, 100, 100, 100, 100, 100, 'baby.png'),
(7, 'test3', '$2y$10$nIvaBcsgnNeN3b8nl.XJp.ET1ZZt9qX5dyteeX/lsl/o88IYxH/O6', 1, 10, 5, 11, 100, 100, 100, 100, 100, 100, 100, 'baby.png'),
(8, 'test4', '$2y$10$DDYxq5FVf3wNPGUBaq7YGeWD6MI4pYATBzmRW73lfyRs3Ubwjtr66', 39, 5730, 1665, 1230, 4300, 2050, 2050, 2050, 2050, 2050, 2050, 'baby.png'),
(9, 'test5', '$2y$10$QmoduL.WB5A1eNetmTkdnu1FQvBJlDNbpFuIUJ7c3n1eYrn4TZGam', 46, 20615, 7924, 5000, 5000, 2400, 2400, 2400, 2400, 2400, 2400, 'baby.png'),
(10, 'test6', '$2y$10$xT8t.0xyKMopdQgmuYd44.bRBATZSCuAMUS9mJXevAtCpD1RDw2li', 53, 28030, 6090, 5700, 5700, 2750, 2750, 2750, 2750, 2750, 2750, 'baby.png'),
(11, 'edo', '$2y$10$cPQm9PyXPzXoXPai8i9UW.jCrRqFYitGojd.Uk/c55VCF6uUCWkeq', 24, 5535, 1469, 2796, 2800, 1300, 1300, 1300, 1300, 1300, 1300, 'baby.png');

-- --------------------------------------------------------

--
-- テーブルの構造 `player_inventory`
--

CREATE TABLE `player_inventory` (
  `inventory_id` int NOT NULL COMMENT '所持品固有ID',
  `player_id` int NOT NULL,
  `item_id` int NOT NULL COMMENT 'アイテムの設計図ID',
  `is_equipped` tinyint(1) NOT NULL DEFAULT '0' COMMENT '0:未装備, 1:装備中',
  `equipped_slot` varchar(50) DEFAULT NULL COMMENT '実際に装備されているスロット',
  `option_1_stat` varchar(20) DEFAULT NULL COMMENT '例: strength, hp_max, atk',
  `option_1_value` int DEFAULT NULL,
  `option_2_stat` varchar(20) DEFAULT NULL,
  `option_2_value` int DEFAULT NULL,
  `option_3_stat` varchar(20) DEFAULT NULL,
  `option_3_value` int DEFAULT NULL,
  `option_4_stat` varchar(20) DEFAULT NULL,
  `option_4_value` int DEFAULT NULL,
  `option_5_stat` varchar(20) DEFAULT NULL,
  `option_5_value` int DEFAULT NULL
) ENGINE=InnoDB DEFAULT CHARSET=utf8mb4 COLLATE=utf8mb4_0900_ai_ci;

--
-- テーブルのデータのダンプ `player_inventory`
--

INSERT INTO `player_inventory` (`inventory_id`, `player_id`, `item_id`, `is_equipped`, `equipped_slot`, `option_1_stat`, `option_1_value`, `option_2_stat`, `option_2_value`, `option_3_stat`, `option_3_value`, `option_4_stat`, `option_4_value`, `option_5_stat`, `option_5_value`) VALUES
(5, 2, 102, 1, NULL, 'def', 4, 'luck', 2, NULL, NULL, NULL, NULL, NULL, NULL),
(6, 2, 156, 1, NULL, 'luck', 4, 'strength', 1, 'vitality', 4, NULL, NULL, NULL, NULL),
(14, 2, 37, 1, NULL, 'def', 3, 'hp_max', 2, 'charisma', 2, 'atk', 2, NULL, NULL),
(16, 2, 1, 1, NULL, 'luck', 4, NULL, NULL, NULL, NULL, NULL, NULL, NULL, NULL),
(18, 2, 1, 0, NULL, 'vitality', 4, 'hp_max', 2, NULL, NULL, NULL, NULL, NULL, NULL),
(19, 2, 1, 0, NULL, 'atk', 5, NULL, NULL, NULL, NULL, NULL, NULL, NULL, NULL),
(20, 8, 10, 1, NULL, NULL, NULL, NULL, NULL, NULL, NULL, NULL, NULL, NULL, NULL),
(21, 9, 5, 0, NULL, NULL, NULL, NULL, NULL, NULL, NULL, NULL, NULL, NULL, NULL),
(22, 9, 10, 1, NULL, NULL, NULL, NULL, NULL, NULL, NULL, NULL, NULL, NULL, NULL),
(23, 10, 301, 0, NULL, NULL, NULL, NULL, NULL, NULL, NULL, NULL, NULL, NULL, NULL),
(24, 10, 302, 0, NULL, NULL, NULL, NULL, NULL, NULL, NULL, NULL, NULL, NULL, NULL),
(25, 10, 301, 0, NULL, NULL, NULL, NULL, NULL, NULL, NULL, NULL, NULL, NULL, NULL),
(26, 10, 401, 0, NULL, NULL, NULL, NULL, NULL, NULL, NULL, NULL, NULL, NULL, NULL),
(27, 10, 403, 0, NULL, NULL, NULL, NULL, NULL, NULL, NULL, NULL, NULL, NULL, NULL),
(28, 10, 502, 0, NULL, NULL, NULL, NULL, NULL, NULL, NULL, NULL, NULL, NULL, NULL),
(29, 10, 501, 0, NULL, NULL, NULL, NULL, NULL, NULL, NULL, NULL, NULL, NULL, NULL),
(30, 10, 601, 0, NULL, NULL, NULL, NULL, NULL, NULL, NULL, NULL, NULL, NULL, NULL),
(31, 10, 601, 0, NULL, NULL, NULL, NULL, NULL, NULL, NULL, NULL, NULL, NULL, NULL),
(32, 10, 703, 0, NULL, NULL, NULL, NULL, NULL, NULL, NULL, NULL, NULL, NULL, NULL),
(33, 10, 1001, 0, NULL, NULL, NULL, NULL, NULL, NULL, NULL, NULL, NULL, NULL, NULL),
(34, 10, 1001, 0, NULL, NULL, NULL, NULL, NULL, NULL, NULL, NULL, NULL, NULL, NULL),
(35, 10, 1001, 0, NULL, NULL, NULL, NULL, NULL, NULL, NULL, NULL, NULL, NULL, NULL),
(36, 10, 1001, 0, NULL, NULL, NULL, NULL, NULL, NULL, NULL, NULL, NULL, NULL, NULL),
(37, 10, 1002, 0, NULL, NULL, NULL, NULL, NULL, NULL, NULL, NULL, NULL, NULL, NULL),
(38, 10, 1101, 0, NULL, NULL, NULL, NULL, NULL, NULL, NULL, NULL, NULL, NULL, NULL),
(39, 10, 1102, 0, NULL, NULL, NULL, NULL, NULL, NULL, NULL, NULL, NULL, NULL, NULL),
(40, 10, 1202, 0, NULL, NULL, NULL, NULL, NULL, NULL, NULL, NULL, NULL, NULL, NULL),
(41, 10, 1203, 1, NULL, NULL, NULL, NULL, NULL, NULL, NULL, NULL, NULL, NULL, NULL),
(42, 10, 1302, 0, NULL, NULL, NULL, NULL, NULL, NULL, NULL, NULL, NULL, NULL, NULL),
(43, 10, 1302, 0, NULL, NULL, NULL, NULL, NULL, NULL, NULL, NULL, NULL, NULL, NULL),
(44, 10, 1301, 0, NULL, NULL, NULL, NULL, NULL, NULL, NULL, NULL, NULL, NULL, NULL),
(45, 10, 1401, 1, NULL, NULL, NULL, NULL, NULL, NULL, NULL, NULL, NULL, NULL, NULL),
(46, 10, 1401, 0, NULL, NULL, NULL, NULL, NULL, NULL, NULL, NULL, NULL, NULL, NULL),
(47, 10, 1402, 1, NULL, NULL, NULL, NULL, NULL, NULL, NULL, NULL, NULL, NULL, NULL),
(48, 9, 401, 1, NULL, NULL, NULL, NULL, NULL, NULL, NULL, NULL, NULL, NULL, NULL),
(49, 9, 1702, 0, NULL, NULL, NULL, NULL, NULL, NULL, NULL, NULL, NULL, NULL, NULL),
(50, 9, 101, 0, NULL, NULL, NULL, NULL, NULL, NULL, NULL, NULL, NULL, NULL, NULL),
(51, 9, 102, 0, NULL, NULL, NULL, NULL, NULL, NULL, NULL, NULL, NULL, NULL, NULL),
(52, 9, 101, 0, NULL, NULL, NULL, NULL, NULL, NULL, NULL, NULL, NULL, NULL, NULL),
(53, 9, 101, 0, NULL, NULL, NULL, NULL, NULL, NULL, NULL, NULL, NULL, NULL, NULL),
(54, 11, 1500000001, 0, NULL, 'strength', 1, NULL, NULL, NULL, NULL, NULL, NULL, NULL, NULL),
(55, 11, 1000000000, 0, NULL, NULL, NULL, NULL, NULL, NULL, NULL, NULL, NULL, NULL, NULL),
(56, 11, 1000000000, 0, NULL, NULL, NULL, NULL, NULL, NULL, NULL, NULL, NULL, NULL, NULL),
(57, 11, 1501000000, 0, NULL, NULL, NULL, NULL, NULL, NULL, NULL, NULL, NULL, NULL, NULL),
(58, 11, 1502000000, 1, NULL, NULL, NULL, NULL, NULL, NULL, NULL, NULL, NULL, NULL, NULL),
(59, 11, 1005000000, 0, NULL, NULL, NULL, NULL, NULL, NULL, NULL, NULL, NULL, NULL, NULL),
(60, 11, 1004000001, 0, NULL, 'speed', 2, NULL, NULL, NULL, NULL, NULL, NULL, NULL, NULL),
(61, 11, 1000000001, 0, NULL, 'luck', 2, NULL, NULL, NULL, NULL, NULL, NULL, NULL, NULL),
(62, 11, 1001000000, 0, NULL, NULL, NULL, NULL, NULL, NULL, NULL, NULL, NULL, NULL, NULL),
(63, 11, 1501000001, 0, NULL, 'strength', 1, NULL, NULL, NULL, NULL, NULL, NULL, NULL, NULL),
(64, 11, 1003000000, 0, NULL, NULL, NULL, NULL, NULL, NULL, NULL, NULL, NULL, NULL, NULL),
(65, 10, 1000000000, 1, NULL, NULL, NULL, NULL, NULL, NULL, NULL, NULL, NULL, NULL, NULL),
(66, 10, 1000000000, 1, 'right_hand', NULL, NULL, NULL, NULL, NULL, NULL, NULL, NULL, NULL, NULL),
(67, 10, 1000000000, 0, NULL, NULL, NULL, NULL, NULL, NULL, NULL, NULL, NULL, NULL, NULL),
(68, 10, 1000000000, 0, NULL, NULL, NULL, NULL, NULL, NULL, NULL, NULL, NULL, NULL, NULL),
(69, 10, 1001000000, 1, 'left_hand', NULL, NULL, NULL, NULL, NULL, NULL, NULL, NULL, NULL, NULL),
(70, 10, 1001000000, 0, NULL, NULL, NULL, NULL, NULL, NULL, NULL, NULL, NULL, NULL, NULL),
(71, 10, 1001000000, 0, NULL, NULL, NULL, NULL, NULL, NULL, NULL, NULL, NULL, NULL, NULL);

-- --------------------------------------------------------

--
-- テーブルの構造 `player_progress`
--

CREATE TABLE `player_progress` (
  `player_id` int NOT NULL,
  `dungeon_id` int NOT NULL,
  `highest_floor` int NOT NULL DEFAULT '1' COMMENT '解放済みの最高階層'
) ENGINE=InnoDB DEFAULT CHARSET=utf8mb4 COLLATE=utf8mb4_0900_ai_ci;

--
-- テーブルのデータのダンプ `player_progress`
--

INSERT INTO `player_progress` (`player_id`, `dungeon_id`, `highest_floor`) VALUES
(2, 1, 10),
(2, 2, 4),
(2, 3, 1),
(2, 4, 1),
(2, 5, 3),
(2, 6, 1),
(2, 7, 1),
(2, 8, 1),
(2, 9, 1),
(2, 10, 1),
(2, 11, 1),
(2, 12, 1),
(2, 13, 1),
(2, 14, 1),
(2, 15, 1),
(2, 16, 1),
(2, 17, 1),
(2, 18, 1),
(2, 19, 1),
(2, 20, 1),
(3, 1, 1),
(5, 1, 1),
(6, 1, 1),
(7, 1, 2),
(8, 1, 10),
(8, 2, 10),
(8, 3, 10),
(8, 4, 10),
(8, 5, 10),
(8, 6, 10),
(8, 7, 10),
(8, 8, 10),
(8, 9, 10),
(8, 10, 10),
(8, 11, 10),
(8, 12, 1),
(9, 1, 10),
(9, 2, 10),
(9, 3, 10),
(9, 4, 10),
(9, 5, 10),
(9, 6, 10),
(9, 7, 10),
(9, 8, 10),
(9, 9, 10),
(9, 10, 10),
(9, 11, 10),
(9, 12, 10),
(9, 13, 10),
(9, 14, 10),
(9, 15, 10),
(9, 16, 10),
(9, 17, 10),
(9, 18, 3),
(10, 1, 10),
(10, 2, 10),
(10, 3, 10),
(10, 4, 10),
(10, 5, 10),
(10, 6, 10),
(10, 7, 10),
(10, 8, 10),
(10, 9, 10),
(10, 10, 10),
(10, 11, 10),
(10, 12, 10),
(10, 13, 10),
(10, 14, 10),
(10, 15, 1),
(11, 1, 10),
(11, 2, 10),
(11, 3, 10),
(11, 4, 1);

-- --------------------------------------------------------

--
-- テーブルの構造 `status_growth_table`
--

CREATE TABLE `status_growth_table` (
  `level` int NOT NULL,
  `hp_max` int NOT NULL,
  `strength` int NOT NULL,
  `vitality` int NOT NULL,
  `intelligence` int NOT NULL,
  `speed` int NOT NULL,
  `luck` int NOT NULL,
  `charisma` int NOT NULL
) ENGINE=InnoDB DEFAULT CHARSET=utf8mb4 COLLATE=utf8mb4_0900_ai_ci;

--
-- テーブルのデータのダンプ `status_growth_table`
--

INSERT INTO `status_growth_table` (`level`, `hp_max`, `strength`, `vitality`, `intelligence`, `speed`, `luck`, `charisma`) VALUES
(1, 500, 150, 150, 150, 150, 150, 150),
(2, 600, 200, 200, 200, 200, 200, 200),
(3, 700, 250, 250, 250, 250, 250, 250),
(4, 800, 300, 300, 300, 300, 300, 300),
(5, 900, 350, 350, 350, 350, 350, 350),
(6, 1000, 400, 400, 400, 400, 400, 400),
(7, 1100, 450, 450, 450, 450, 450, 450),
(8, 1200, 500, 500, 500, 500, 500, 500),
(9, 1300, 550, 550, 550, 550, 550, 550),
(10, 1400, 600, 600, 600, 600, 600, 600),
(11, 1500, 650, 650, 650, 650, 650, 650),
(12, 1600, 700, 700, 700, 700, 700, 700),
(13, 1700, 750, 750, 750, 750, 750, 750),
(14, 1800, 800, 800, 800, 800, 800, 800),
(15, 1900, 850, 850, 850, 850, 850, 850),
(16, 2000, 900, 900, 900, 900, 900, 900),
(17, 2100, 950, 950, 950, 950, 950, 950),
(18, 2200, 1000, 1000, 1000, 1000, 1000, 1000),
(19, 2300, 1050, 1050, 1050, 1050, 1050, 1050),
(20, 2400, 1100, 1100, 1100, 1100, 1100, 1100),
(21, 2500, 1150, 1150, 1150, 1150, 1150, 1150),
(22, 2600, 1200, 1200, 1200, 1200, 1200, 1200),
(23, 2700, 1250, 1250, 1250, 1250, 1250, 1250),
(24, 2800, 1300, 1300, 1300, 1300, 1300, 1300),
(25, 2900, 1350, 1350, 1350, 1350, 1350, 1350),
(26, 3000, 1400, 1400, 1400, 1400, 1400, 1400),
(27, 3100, 1450, 1450, 1450, 1450, 1450, 1450),
(28, 3200, 1500, 1500, 1500, 1500, 1500, 1500),
(29, 3300, 1550, 1550, 1550, 1550, 1550, 1550),
(30, 3400, 1600, 1600, 1600, 1600, 1600, 1600),
(31, 3500, 1650, 1650, 1650, 1650, 1650, 1650),
(32, 3600, 1700, 1700, 1700, 1700, 1700, 1700),
(33, 3700, 1750, 1750, 1750, 1750, 1750, 1750),
(34, 3800, 1800, 1800, 1800, 1800, 1800, 1800),
(35, 3900, 1850, 1850, 1850, 1850, 1850, 1850),
(36, 4000, 1900, 1900, 1900, 1900, 1900, 1900),
(37, 4100, 1950, 1950, 1950, 1950, 1950, 1950),
(38, 4200, 2000, 2000, 2000, 2000, 2000, 2000),
(39, 4300, 2050, 2050, 2050, 2050, 2050, 2050),
(40, 4400, 2100, 2100, 2100, 2100, 2100, 2100),
(41, 4500, 2150, 2150, 2150, 2150, 2150, 2150),
(42, 4600, 2200, 2200, 2200, 2200, 2200, 2200),
(43, 4700, 2250, 2250, 2250, 2250, 2250, 2250),
(44, 4800, 2300, 2300, 2300, 2300, 2300, 2300),
(45, 4900, 2350, 2350, 2350, 2350, 2350, 2350),
(46, 5000, 2400, 2400, 2400, 2400, 2400, 2400),
(47, 5100, 2450, 2450, 2450, 2450, 2450, 2450),
(48, 5200, 2500, 2500, 2500, 2500, 2500, 2500),
(49, 5300, 2550, 2550, 2550, 2550, 2550, 2550),
(50, 5400, 2600, 2600, 2600, 2600, 2600, 2600),
(51, 5500, 2650, 2650, 2650, 2650, 2650, 2650),
(52, 5600, 2700, 2700, 2700, 2700, 2700, 2700),
(53, 5700, 2750, 2750, 2750, 2750, 2750, 2750),
(54, 5800, 2800, 2800, 2800, 2800, 2800, 2800),
(55, 5900, 2850, 2850, 2850, 2850, 2850, 2850),
(56, 6000, 2900, 2900, 2900, 2900, 2900, 2900),
(57, 6100, 2950, 2950, 2950, 2950, 2950, 2950),
(58, 6200, 3000, 3000, 3000, 3000, 3000, 3000),
(59, 6300, 3050, 3050, 3050, 3050, 3050, 3050),
(60, 6400, 3100, 3100, 3100, 3100, 3100, 3100),
(61, 6500, 3150, 3150, 3150, 3150, 3150, 3150),
(62, 6600, 3200, 3200, 3200, 3200, 3200, 3200),
(63, 6700, 3250, 3250, 3250, 3250, 3250, 3250),
(64, 6800, 3300, 3300, 3300, 3300, 3300, 3300),
(65, 6900, 3350, 3350, 3350, 3350, 3350, 3350),
(66, 7000, 3400, 3400, 3400, 3400, 3400, 3400),
(67, 7100, 3450, 3450, 3450, 3450, 3450, 3450),
(68, 7200, 3500, 3500, 3500, 3500, 3500, 3500),
(69, 7300, 3550, 3550, 3550, 3550, 3550, 3550),
(70, 7400, 3600, 3600, 3600, 3600, 3600, 3600),
(71, 7500, 3650, 3650, 3650, 3650, 3650, 3650),
(72, 7600, 3700, 3700, 3700, 3700, 3700, 3700),
(73, 7700, 3750, 3750, 3750, 3750, 3750, 3750),
(74, 7800, 3800, 3800, 3800, 3800, 3800, 3800),
(75, 7900, 3850, 3850, 3850, 3850, 3850, 3850),
(76, 8000, 3900, 3900, 3900, 3900, 3900, 3900),
(77, 8100, 3950, 3950, 3950, 3950, 3950, 3950),
(78, 8200, 4000, 4000, 4000, 4000, 4000, 4000),
(79, 8300, 4050, 4050, 4050, 4050, 4050, 4050),
(80, 8400, 4100, 4100, 4100, 4100, 4100, 4100),
(81, 8500, 4150, 4150, 4150, 4150, 4150, 4150),
(82, 8600, 4200, 4200, 4200, 4200, 4200, 4200),
(83, 8700, 4250, 4250, 4250, 4250, 4250, 4250),
(84, 8800, 4300, 4300, 4300, 4300, 4300, 4300),
(85, 8900, 4350, 4350, 4350, 4350, 4350, 4350),
(86, 9000, 4400, 4400, 4400, 4400, 4400, 4400),
(87, 9100, 4450, 4450, 4450, 4450, 4450, 4450),
(88, 9200, 4500, 4500, 4500, 4500, 4500, 4500),
(89, 9300, 4550, 4550, 4550, 4550, 4550, 4550),
(90, 9400, 4600, 4600, 4600, 4600, 4600, 4600),
(91, 9500, 4650, 4650, 4650, 4650, 4650, 4650),
(92, 9600, 4700, 4700, 4700, 4700, 4700, 4700),
(93, 9700, 4750, 4750, 4750, 4750, 4750, 4750),
(94, 9800, 4800, 4800, 4800, 4800, 4800, 4800),
(95, 9900, 4850, 4850, 4850, 4850, 4850, 4850),
(96, 10000, 4900, 4900, 4900, 4900, 4900, 4900),
(97, 10100, 4950, 4950, 4950, 4950, 4950, 4950),
(98, 10200, 5000, 5000, 5000, 5000, 5000, 5000),
(99, 10300, 5050, 5050, 5050, 5050, 5050, 5050),
(100, 10400, 5100, 5100, 5100, 5100, 5100, 5100),
(101, 10500, 5150, 5150, 5150, 5150, 5150, 5150),
(102, 10600, 5200, 5200, 5200, 5200, 5200, 5200),
(103, 10700, 5250, 5250, 5250, 5250, 5250, 5250),
(104, 10800, 5300, 5300, 5300, 5300, 5300, 5300),
(105, 10900, 5350, 5350, 5350, 5350, 5350, 5350),
(106, 11000, 5400, 5400, 5400, 5400, 5400, 5400),
(107, 11100, 5450, 5450, 5450, 5450, 5450, 5450),
(108, 11200, 5500, 5500, 5500, 5500, 5500, 5500),
(109, 11300, 5550, 5550, 5550, 5550, 5550, 5550),
(110, 11400, 5600, 5600, 5600, 5600, 5600, 5600),
(111, 11500, 5650, 5650, 5650, 5650, 5650, 5650),
(112, 11600, 5700, 5700, 5700, 5700, 5700, 5700),
(113, 11700, 5750, 5750, 5750, 5750, 5750, 5750),
(114, 11800, 5800, 5800, 5800, 5800, 5800, 5800),
(115, 11900, 5850, 5850, 5850, 5850, 5850, 5850),
(116, 12000, 5900, 5900, 5900, 5900, 5900, 5900),
(117, 12100, 5950, 5950, 5950, 5950, 5950, 5950),
(118, 12200, 6000, 6000, 6000, 6000, 6000, 6000),
(119, 12300, 6050, 6050, 6050, 6050, 6050, 6050),
(120, 12400, 6100, 6100, 6100, 6100, 6100, 6100),
(121, 12500, 6150, 6150, 6150, 6150, 6150, 6150),
(122, 12600, 6200, 6200, 6200, 6200, 6200, 6200),
(123, 12700, 6250, 6250, 6250, 6250, 6250, 6250),
(124, 12800, 6300, 6300, 6300, 6300, 6300, 6300),
(125, 12900, 6350, 6350, 6350, 6350, 6350, 6350),
(126, 13000, 6400, 6400, 6400, 6400, 6400, 6400),
(127, 13100, 6450, 6450, 6450, 6450, 6450, 6450),
(128, 13200, 6500, 6500, 6500, 6500, 6500, 6500),
(129, 13300, 6550, 6550, 6550, 6550, 6550, 6550),
(130, 13400, 6600, 6600, 6600, 6600, 6600, 6600),
(131, 13500, 6650, 6650, 6650, 6650, 6650, 6650),
(132, 13600, 6700, 6700, 6700, 6700, 6700, 6700),
(133, 13700, 6750, 6750, 6750, 6750, 6750, 6750),
(134, 13800, 6800, 6800, 6800, 6800, 6800, 6800),
(135, 13900, 6850, 6850, 6850, 6850, 6850, 6850),
(136, 14000, 6900, 6900, 6900, 6900, 6900, 6900),
(137, 14100, 6950, 6950, 6950, 6950, 6950, 6950),
(138, 14200, 7000, 7000, 7000, 7000, 7000, 7000),
(139, 14300, 7050, 7050, 7050, 7050, 7050, 7050),
(140, 14400, 7100, 7100, 7100, 7100, 7100, 7100),
(141, 14500, 7150, 7150, 7150, 7150, 7150, 7150),
(142, 14600, 7200, 7200, 7200, 7200, 7200, 7200),
(143, 14700, 7250, 7250, 7250, 7250, 7250, 7250),
(144, 14800, 7300, 7300, 7300, 7300, 7300, 7300),
(145, 14900, 7350, 7350, 7350, 7350, 7350, 7350),
(146, 15000, 7400, 7400, 7400, 7400, 7400, 7400),
(147, 15100, 7450, 7450, 7450, 7450, 7450, 7450),
(148, 15200, 7500, 7500, 7500, 7500, 7500, 7500),
(149, 15300, 7550, 7550, 7550, 7550, 7550, 7550),
(150, 15400, 7600, 7600, 7600, 7600, 7600, 7600),
(151, 15500, 7650, 7650, 7650, 7650, 7650, 7650),
(152, 15600, 7700, 7700, 7700, 7700, 7700, 7700),
(153, 15700, 7750, 7750, 7750, 7750, 7750, 7750),
(154, 15800, 7800, 7800, 7800, 7800, 7800, 7800),
(155, 15900, 7850, 7850, 7850, 7850, 7850, 7850),
(156, 16000, 7900, 7900, 7900, 7900, 7900, 7900),
(157, 16100, 7950, 7950, 7950, 7950, 7950, 7950),
(158, 16200, 8000, 8000, 8000, 8000, 8000, 8000),
(159, 16300, 8050, 8050, 8050, 8050, 8050, 8050),
(160, 16400, 8100, 8100, 8100, 8100, 8100, 8100),
(161, 16500, 8150, 8150, 8150, 8150, 8150, 8150),
(162, 16600, 8200, 8200, 8200, 8200, 8200, 8200),
(163, 16700, 8250, 8250, 8250, 8250, 8250, 8250),
(164, 16800, 8300, 8300, 8300, 8300, 8300, 8300),
(165, 16900, 8350, 8350, 8350, 8350, 8350, 8350),
(166, 17000, 8400, 8400, 8400, 8400, 8400, 8400),
(167, 17100, 8450, 8450, 8450, 8450, 8450, 8450),
(168, 17200, 8500, 8500, 8500, 8500, 8500, 8500),
(169, 17300, 8550, 8550, 8550, 8550, 8550, 8550),
(170, 17400, 8600, 8600, 8600, 8600, 8600, 8600),
(171, 17500, 8650, 8650, 8650, 8650, 8650, 8650),
(172, 17600, 8700, 8700, 8700, 8700, 8700, 8700),
(173, 17700, 8750, 8750, 8750, 8750, 8750, 8750),
(174, 17800, 8800, 8800, 8800, 8800, 8800, 8800),
(175, 17900, 8850, 8850, 8850, 8850, 8850, 8850),
(176, 18000, 8900, 8900, 8900, 8900, 8900, 8900),
(177, 18100, 8950, 8950, 8950, 8950, 8950, 8950),
(178, 18200, 9000, 9000, 9000, 9000, 9000, 9000),
(179, 18300, 9050, 9050, 9050, 9050, 9050, 9050),
(180, 18400, 9100, 9100, 9100, 9100, 9100, 9100),
(181, 18500, 9150, 9150, 9150, 9150, 9150, 9150),
(182, 18600, 9200, 9200, 9200, 9200, 9200, 9200),
(183, 18700, 9250, 9250, 9250, 9250, 9250, 9250),
(184, 18800, 9300, 9300, 9300, 9300, 9300, 9300),
(185, 18900, 9350, 9350, 9350, 9350, 9350, 9350),
(186, 19000, 9400, 9400, 9400, 9400, 9400, 9400),
(187, 19100, 9450, 9450, 9450, 9450, 9450, 9450),
(188, 19200, 9500, 9500, 9500, 9500, 9500, 9500),
(189, 19300, 9550, 9550, 9550, 9550, 9550, 9550),
(190, 19400, 9600, 9600, 9600, 9600, 9600, 9600),
(191, 19500, 9650, 9650, 9650, 9650, 9650, 9650),
(192, 19600, 9700, 9700, 9700, 9700, 9700, 9700),
(193, 19700, 9750, 9750, 9750, 9750, 9750, 9750),
(194, 19800, 9800, 9800, 9800, 9800, 9800, 9800),
(195, 19900, 9850, 9850, 9850, 9850, 9850, 9850),
(196, 20000, 9900, 9900, 9900, 9900, 9900, 9900),
(197, 20100, 9950, 9950, 9950, 9950, 9950, 9950),
(198, 20200, 10000, 10000, 10000, 10000, 10000, 10000),
(199, 20300, 10050, 10050, 10050, 10050, 10050, 10050),
(200, 20400, 10100, 10100, 10100, 10100, 10100, 10100),
(201, 20500, 10150, 10150, 10150, 10150, 10150, 10150),
(202, 20600, 10200, 10200, 10200, 10200, 10200, 10200),
(203, 20700, 10250, 10250, 10250, 10250, 10250, 10250),
(204, 20800, 10300, 10300, 10300, 10300, 10300, 10300),
(205, 20900, 10350, 10350, 10350, 10350, 10350, 10350),
(206, 21000, 10400, 10400, 10400, 10400, 10400, 10400),
(207, 21100, 10450, 10450, 10450, 10450, 10450, 10450),
(208, 21200, 10500, 10500, 10500, 10500, 10500, 10500),
(209, 21300, 10550, 10550, 10550, 10550, 10550, 10550),
(210, 21400, 10600, 10600, 10600, 10600, 10600, 10600),
(211, 21500, 10650, 10650, 10650, 10650, 10650, 10650),
(212, 21600, 10700, 10700, 10700, 10700, 10700, 10700),
(213, 21700, 10750, 10750, 10750, 10750, 10750, 10750),
(214, 21800, 10800, 10800, 10800, 10800, 10800, 10800),
(215, 21900, 10850, 10850, 10850, 10850, 10850, 10850),
(216, 22000, 10900, 10900, 10900, 10900, 10900, 10900),
(217, 22100, 10950, 10950, 10950, 10950, 10950, 10950),
(218, 22200, 11000, 11000, 11000, 11000, 11000, 11000),
(219, 22300, 11050, 11050, 11050, 11050, 11050, 11050),
(220, 22400, 11100, 11100, 11100, 11100, 11100, 11100),
(221, 22500, 11150, 11150, 11150, 11150, 11150, 11150),
(222, 22600, 11200, 11200, 11200, 11200, 11200, 11200),
(223, 22700, 11250, 11250, 11250, 11250, 11250, 11250),
(224, 22800, 11300, 11300, 11300, 11300, 11300, 11300),
(225, 22900, 11350, 11350, 11350, 11350, 11350, 11350),
(226, 23000, 11400, 11400, 11400, 11400, 11400, 11400),
(227, 23100, 11450, 11450, 11450, 11450, 11450, 11450),
(228, 23200, 11500, 11500, 11500, 11500, 11500, 11500),
(229, 23300, 11550, 11550, 11550, 11550, 11550, 11550),
(230, 23400, 11600, 11600, 11600, 11600, 11600, 11600),
(231, 23500, 11650, 11650, 11650, 11650, 11650, 11650),
(232, 23600, 11700, 11700, 11700, 11700, 11700, 11700),
(233, 23700, 11750, 11750, 11750, 11750, 11750, 11750),
(234, 23800, 11800, 11800, 11800, 11800, 11800, 11800),
(235, 23900, 11850, 11850, 11850, 11850, 11850, 11850),
(236, 24000, 11900, 11900, 11900, 11900, 11900, 11900),
(237, 24100, 11950, 11950, 11950, 11950, 11950, 11950),
(238, 24200, 12000, 12000, 12000, 12000, 12000, 12000),
(239, 24300, 12050, 12050, 12050, 12050, 12050, 12050),
(240, 24400, 12100, 12100, 12100, 12100, 12100, 12100),
(241, 24500, 12150, 12150, 12150, 12150, 12150, 12150),
(242, 24600, 12200, 12200, 12200, 12200, 12200, 12200),
(243, 24700, 12250, 12250, 12250, 12250, 12250, 12250),
(244, 24800, 12300, 12300, 12300, 12300, 12300, 12300),
(245, 24900, 12350, 12350, 12350, 12350, 12350, 12350),
(246, 25000, 12400, 12400, 12400, 12400, 12400, 12400),
(247, 25100, 12450, 12450, 12450, 12450, 12450, 12450),
(248, 25200, 12500, 12500, 12500, 12500, 12500, 12500),
(249, 25300, 12550, 12550, 12550, 12550, 12550, 12550),
(250, 25400, 12600, 12600, 12600, 12600, 12600, 12600),
(251, 25500, 12650, 12650, 12650, 12650, 12650, 12650),
(252, 25600, 12700, 12700, 12700, 12700, 12700, 12700),
(253, 25700, 12750, 12750, 12750, 12750, 12750, 12750),
(254, 25800, 12800, 12800, 12800, 12800, 12800, 12800),
(255, 25900, 12850, 12850, 12850, 12850, 12850, 12850),
(256, 26000, 12900, 12900, 12900, 12900, 12900, 12900),
(257, 26100, 12950, 12950, 12950, 12950, 12950, 12950),
(258, 26200, 13000, 13000, 13000, 13000, 13000, 13000),
(259, 26300, 13050, 13050, 13050, 13050, 13050, 13050),
(260, 26400, 13100, 13100, 13100, 13100, 13100, 13100),
(261, 26500, 13150, 13150, 13150, 13150, 13150, 13150),
(262, 26600, 13200, 13200, 13200, 13200, 13200, 13200),
(263, 26700, 13250, 13250, 13250, 13250, 13250, 13250),
(264, 26800, 13300, 13300, 13300, 13300, 13300, 13300),
(265, 26900, 13350, 13350, 13350, 13350, 13350, 13350),
(266, 27000, 13400, 13400, 13400, 13400, 13400, 13400),
(267, 27100, 13450, 13450, 13450, 13450, 13450, 13450),
(268, 27200, 13500, 13500, 13500, 13500, 13500, 13500),
(269, 27300, 13550, 13550, 13550, 13550, 13550, 13550),
(270, 27400, 13600, 13600, 13600, 13600, 13600, 13600),
(271, 27500, 13650, 13650, 13650, 13650, 13650, 13650),
(272, 27600, 13700, 13700, 13700, 13700, 13700, 13700),
(273, 27700, 13750, 13750, 13750, 13750, 13750, 13750),
(274, 27800, 13800, 13800, 13800, 13800, 13800, 13800),
(275, 27900, 13850, 13850, 13850, 13850, 13850, 13850),
(276, 28000, 13900, 13900, 13900, 13900, 13900, 13900),
(277, 28100, 13950, 13950, 13950, 13950, 13950, 13950),
(278, 28200, 14000, 14000, 14000, 14000, 14000, 14000),
(279, 28300, 14050, 14050, 14050, 14050, 14050, 14050),
(280, 28400, 14100, 14100, 14100, 14100, 14100, 14100),
(281, 28500, 14150, 14150, 14150, 14150, 14150, 14150),
(282, 28600, 14200, 14200, 14200, 14200, 14200, 14200),
(283, 28700, 14250, 14250, 14250, 14250, 14250, 14250),
(284, 28800, 14300, 14300, 14300, 14300, 14300, 14300),
(285, 28900, 14350, 14350, 14350, 14350, 14350, 14350),
(286, 29000, 14400, 14400, 14400, 14400, 14400, 14400),
(287, 29100, 14450, 14450, 14450, 14450, 14450, 14450),
(288, 29200, 14500, 14500, 14500, 14500, 14500, 14500),
(289, 29300, 14550, 14550, 14550, 14550, 14550, 14550),
(290, 29400, 14600, 14600, 14600, 14600, 14600, 14600),
(291, 29500, 14650, 14650, 14650, 14650, 14650, 14650),
(292, 29600, 14700, 14700, 14700, 14700, 14700, 14700),
(293, 29700, 14750, 14750, 14750, 14750, 14750, 14750),
(294, 29800, 14800, 14800, 14800, 14800, 14800, 14800),
(295, 29900, 14850, 14850, 14850, 14850, 14850, 14850),
(296, 30000, 14900, 14900, 14900, 14900, 14900, 14900),
(297, 30100, 14950, 14950, 14950, 14950, 14950, 14950),
(298, 30200, 15000, 15000, 15000, 15000, 15000, 15000),
(299, 30300, 15050, 15050, 15050, 15050, 15050, 15050),
(300, 30400, 15100, 15100, 15100, 15100, 15100, 15100),
(301, 30500, 15150, 15150, 15150, 15150, 15150, 15150),
(302, 30600, 15200, 15200, 15200, 15200, 15200, 15200),
(303, 30700, 15250, 15250, 15250, 15250, 15250, 15250),
(304, 30800, 15300, 15300, 15300, 15300, 15300, 15300),
(305, 30900, 15350, 15350, 15350, 15350, 15350, 15350),
(306, 31000, 15400, 15400, 15400, 15400, 15400, 15400),
(307, 31100, 15450, 15450, 15450, 15450, 15450, 15450),
(308, 31200, 15500, 15500, 15500, 15500, 15500, 15500),
(309, 31300, 15550, 15550, 15550, 15550, 15550, 15550),
(310, 31400, 15600, 15600, 15600, 15600, 15600, 15600),
(311, 31500, 15650, 15650, 15650, 15650, 15650, 15650),
(312, 31600, 15700, 15700, 15700, 15700, 15700, 15700),
(313, 31700, 15750, 15750, 15750, 15750, 15750, 15750),
(314, 31800, 15800, 15800, 15800, 15800, 15800, 15800),
(315, 31900, 15850, 15850, 15850, 15850, 15850, 15850),
(316, 32000, 15900, 15900, 15900, 15900, 15900, 15900),
(317, 32100, 15950, 15950, 15950, 15950, 15950, 15950),
(318, 32200, 16000, 16000, 16000, 16000, 16000, 16000),
(319, 32300, 16050, 16050, 16050, 16050, 16050, 16050),
(320, 32400, 16100, 16100, 16100, 16100, 16100, 16100),
(321, 32500, 16150, 16150, 16150, 16150, 16150, 16150),
(322, 32600, 16200, 16200, 16200, 16200, 16200, 16200),
(323, 32700, 16250, 16250, 16250, 16250, 16250, 16250),
(324, 32800, 16300, 16300, 16300, 16300, 16300, 16300),
(325, 32900, 16350, 16350, 16350, 16350, 16350, 16350),
(326, 33000, 16400, 16400, 16400, 16400, 16400, 16400),
(327, 33100, 16450, 16450, 16450, 16450, 16450, 16450),
(328, 33200, 16500, 16500, 16500, 16500, 16500, 16500),
(329, 33300, 16550, 16550, 16550, 16550, 16550, 16550),
(330, 33400, 16600, 16600, 16600, 16600, 16600, 16600),
(331, 33500, 16650, 16650, 16650, 16650, 16650, 16650),
(332, 33600, 16700, 16700, 16700, 16700, 16700, 16700),
(333, 33700, 16750, 16750, 16750, 16750, 16750, 16750),
(334, 33800, 16800, 16800, 16800, 16800, 16800, 16800),
(335, 33900, 16850, 16850, 16850, 16850, 16850, 16850),
(336, 34000, 16900, 16900, 16900, 16900, 16900, 16900),
(337, 34100, 16950, 16950, 16950, 16950, 16950, 16950),
(338, 34200, 17000, 17000, 17000, 17000, 17000, 17000),
(339, 34300, 17050, 17050, 17050, 17050, 17050, 17050),
(340, 34400, 17100, 17100, 17100, 17100, 17100, 17100),
(341, 34500, 17150, 17150, 17150, 17150, 17150, 17150),
(342, 34600, 17200, 17200, 17200, 17200, 17200, 17200),
(343, 34700, 17250, 17250, 17250, 17250, 17250, 17250),
(344, 34800, 17300, 17300, 17300, 17300, 17300, 17300),
(345, 34900, 17350, 17350, 17350, 17350, 17350, 17350),
(346, 35000, 17400, 17400, 17400, 17400, 17400, 17400),
(347, 35100, 17450, 17450, 17450, 17450, 17450, 17450),
(348, 35200, 17500, 17500, 17500, 17500, 17500, 17500),
(349, 35300, 17550, 17550, 17550, 17550, 17550, 17550),
(350, 35400, 17600, 17600, 17600, 17600, 17600, 17600),
(351, 35500, 17650, 17650, 17650, 17650, 17650, 17650),
(352, 35600, 17700, 17700, 17700, 17700, 17700, 17700),
(353, 35700, 17750, 17750, 17750, 17750, 17750, 17750),
(354, 35800, 17800, 17800, 17800, 17800, 17800, 17800),
(355, 35900, 17850, 17850, 17850, 17850, 17850, 17850),
(356, 36000, 17900, 17900, 17900, 17900, 17900, 17900),
(357, 36100, 17950, 17950, 17950, 17950, 17950, 17950),
(358, 36200, 18000, 18000, 18000, 18000, 18000, 18000),
(359, 36300, 18050, 18050, 18050, 18050, 18050, 18050),
(360, 36400, 18100, 18100, 18100, 18100, 18100, 18100),
(361, 36500, 18150, 18150, 18150, 18150, 18150, 18150),
(362, 36600, 18200, 18200, 18200, 18200, 18200, 18200),
(363, 36700, 18250, 18250, 18250, 18250, 18250, 18250),
(364, 36800, 18300, 18300, 18300, 18300, 18300, 18300),
(365, 36900, 18350, 18350, 18350, 18350, 18350, 18350),
(366, 37000, 18400, 18400, 18400, 18400, 18400, 18400),
(367, 37100, 18450, 18450, 18450, 18450, 18450, 18450),
(368, 37200, 18500, 18500, 18500, 18500, 18500, 18500),
(369, 37300, 18550, 18550, 18550, 18550, 18550, 18550),
(370, 37400, 18600, 18600, 18600, 18600, 18600, 18600),
(371, 37500, 18650, 18650, 18650, 18650, 18650, 18650),
(372, 37600, 18700, 18700, 18700, 18700, 18700, 18700),
(373, 37700, 18750, 18750, 18750, 18750, 18750, 18750),
(374, 37800, 18800, 18800, 18800, 18800, 18800, 18800),
(375, 37900, 18850, 18850, 18850, 18850, 18850, 18850),
(376, 38000, 18900, 18900, 18900, 18900, 18900, 18900),
(377, 38100, 18950, 18950, 18950, 18950, 18950, 18950),
(378, 38200, 19000, 19000, 19000, 19000, 19000, 19000),
(379, 38300, 19050, 19050, 19050, 19050, 19050, 19050),
(380, 38400, 19100, 19100, 19100, 19100, 19100, 19100),
(381, 38500, 19150, 19150, 19150, 19150, 19150, 19150),
(382, 38600, 19200, 19200, 19200, 19200, 19200, 19200),
(383, 38700, 19250, 19250, 19250, 19250, 19250, 19250),
(384, 38800, 19300, 19300, 19300, 19300, 19300, 19300),
(385, 38900, 19350, 19350, 19350, 19350, 19350, 19350),
(386, 39000, 19400, 19400, 19400, 19400, 19400, 19400),
(387, 39100, 19450, 19450, 19450, 19450, 19450, 19450),
(388, 39200, 19500, 19500, 19500, 19500, 19500, 19500),
(389, 39300, 19550, 19550, 19550, 19550, 19550, 19550),
(390, 39400, 19600, 19600, 19600, 19600, 19600, 19600),
(391, 39500, 19650, 19650, 19650, 19650, 19650, 19650),
(392, 39600, 19700, 19700, 19700, 19700, 19700, 19700),
(393, 39700, 19750, 19750, 19750, 19750, 19750, 19750),
(394, 39800, 19800, 19800, 19800, 19800, 19800, 19800),
(395, 39900, 19850, 19850, 19850, 19850, 19850, 19850),
(396, 40000, 19900, 19900, 19900, 19900, 19900, 19900),
(397, 40100, 19950, 19950, 19950, 19950, 19950, 19950),
(398, 40200, 20000, 20000, 20000, 20000, 20000, 20000),
(399, 40300, 20050, 20050, 20050, 20050, 20050, 20050),
(400, 40400, 20100, 20100, 20100, 20100, 20100, 20100),
(401, 40500, 20150, 20150, 20150, 20150, 20150, 20150),
(402, 40600, 20200, 20200, 20200, 20200, 20200, 20200),
(403, 40700, 20250, 20250, 20250, 20250, 20250, 20250),
(404, 40800, 20300, 20300, 20300, 20300, 20300, 20300),
(405, 40900, 20350, 20350, 20350, 20350, 20350, 20350),
(406, 41000, 20400, 20400, 20400, 20400, 20400, 20400),
(407, 41100, 20450, 20450, 20450, 20450, 20450, 20450),
(408, 41200, 20500, 20500, 20500, 20500, 20500, 20500),
(409, 41300, 20550, 20550, 20550, 20550, 20550, 20550),
(410, 41400, 20600, 20600, 20600, 20600, 20600, 20600),
(411, 41500, 20650, 20650, 20650, 20650, 20650, 20650),
(412, 41600, 20700, 20700, 20700, 20700, 20700, 20700),
(413, 41700, 20750, 20750, 20750, 20750, 20750, 20750),
(414, 41800, 20800, 20800, 20800, 20800, 20800, 20800),
(415, 41900, 20850, 20850, 20850, 20850, 20850, 20850),
(416, 42000, 20900, 20900, 20900, 20900, 20900, 20900),
(417, 42100, 20950, 20950, 20950, 20950, 20950, 20950),
(418, 42200, 21000, 21000, 21000, 21000, 21000, 21000),
(419, 42300, 21050, 21050, 21050, 21050, 21050, 21050),
(420, 42400, 21100, 21100, 21100, 21100, 21100, 21100),
(421, 42500, 21150, 21150, 21150, 21150, 21150, 21150),
(422, 42600, 21200, 21200, 21200, 21200, 21200, 21200),
(423, 42700, 21250, 21250, 21250, 21250, 21250, 21250),
(424, 42800, 21300, 21300, 21300, 21300, 21300, 21300),
(425, 42900, 21350, 21350, 21350, 21350, 21350, 21350),
(426, 43000, 21400, 21400, 21400, 21400, 21400, 21400),
(427, 43100, 21450, 21450, 21450, 21450, 21450, 21450),
(428, 43200, 21500, 21500, 21500, 21500, 21500, 21500),
(429, 43300, 21550, 21550, 21550, 21550, 21550, 21550),
(430, 43400, 21600, 21600, 21600, 21600, 21600, 21600),
(431, 43500, 21650, 21650, 21650, 21650, 21650, 21650),
(432, 43600, 21700, 21700, 21700, 21700, 21700, 21700),
(433, 43700, 21750, 21750, 21750, 21750, 21750, 21750),
(434, 43800, 21800, 21800, 21800, 21800, 21800, 21800),
(435, 43900, 21850, 21850, 21850, 21850, 21850, 21850),
(436, 44000, 21900, 21900, 21900, 21900, 21900, 21900),
(437, 44100, 21950, 21950, 21950, 21950, 21950, 21950),
(438, 44200, 22000, 22000, 22000, 22000, 22000, 22000),
(439, 44300, 22050, 22050, 22050, 22050, 22050, 22050),
(440, 44400, 22100, 22100, 22100, 22100, 22100, 22100),
(441, 44500, 22150, 22150, 22150, 22150, 22150, 22150),
(442, 44600, 22200, 22200, 22200, 22200, 22200, 22200),
(443, 44700, 22250, 22250, 22250, 22250, 22250, 22250),
(444, 44800, 22300, 22300, 22300, 22300, 22300, 22300),
(445, 44900, 22350, 22350, 22350, 22350, 22350, 22350),
(446, 45000, 22400, 22400, 22400, 22400, 22400, 22400),
(447, 45100, 22450, 22450, 22450, 22450, 22450, 22450),
(448, 45200, 22500, 22500, 22500, 22500, 22500, 22500),
(449, 45300, 22550, 22550, 22550, 22550, 22550, 22550),
(450, 45400, 22600, 22600, 22600, 22600, 22600, 22600),
(451, 45500, 22650, 22650, 22650, 22650, 22650, 22650),
(452, 45600, 22700, 22700, 22700, 22700, 22700, 22700),
(453, 45700, 22750, 22750, 22750, 22750, 22750, 22750),
(454, 45800, 22800, 22800, 22800, 22800, 22800, 22800),
(455, 45900, 22850, 22850, 22850, 22850, 22850, 22850),
(456, 46000, 22900, 22900, 22900, 22900, 22900, 22900),
(457, 46100, 22950, 22950, 22950, 22950, 22950, 22950),
(458, 46200, 23000, 23000, 23000, 23000, 23000, 23000),
(459, 46300, 23050, 23050, 23050, 23050, 23050, 23050),
(460, 46400, 23100, 23100, 23100, 23100, 23100, 23100),
(461, 46500, 23150, 23150, 23150, 23150, 23150, 23150),
(462, 46600, 23200, 23200, 23200, 23200, 23200, 23200),
(463, 46700, 23250, 23250, 23250, 23250, 23250, 23250),
(464, 46800, 23300, 23300, 23300, 23300, 23300, 23300),
(465, 46900, 23350, 23350, 23350, 23350, 23350, 23350),
(466, 47000, 23400, 23400, 23400, 23400, 23400, 23400),
(467, 47100, 23450, 23450, 23450, 23450, 23450, 23450),
(468, 47200, 23500, 23500, 23500, 23500, 23500, 23500),
(469, 47300, 23550, 23550, 23550, 23550, 23550, 23550),
(470, 47400, 23600, 23600, 23600, 23600, 23600, 23600),
(471, 47500, 23650, 23650, 23650, 23650, 23650, 23650),
(472, 47600, 23700, 23700, 23700, 23700, 23700, 23700),
(473, 47700, 23750, 23750, 23750, 23750, 23750, 23750),
(474, 47800, 23800, 23800, 23800, 23800, 23800, 23800),
(475, 47900, 23850, 23850, 23850, 23850, 23850, 23850),
(476, 48000, 23900, 23900, 23900, 23900, 23900, 23900),
(477, 48100, 23950, 23950, 23950, 23950, 23950, 23950),
(478, 48200, 24000, 24000, 24000, 24000, 24000, 24000),
(479, 48300, 24050, 24050, 24050, 24050, 24050, 24050),
(480, 48400, 24100, 24100, 24100, 24100, 24100, 24100),
(481, 48500, 24150, 24150, 24150, 24150, 24150, 24150),
(482, 48600, 24200, 24200, 24200, 24200, 24200, 24200),
(483, 48700, 24250, 24250, 24250, 24250, 24250, 24250),
(484, 48800, 24300, 24300, 24300, 24300, 24300, 24300),
(485, 48900, 24350, 24350, 24350, 24350, 24350, 24350),
(486, 49000, 24400, 24400, 24400, 24400, 24400, 24400),
(487, 49100, 24450, 24450, 24450, 24450, 24450, 24450),
(488, 49200, 24500, 24500, 24500, 24500, 24500, 24500),
(489, 49300, 24550, 24550, 24550, 24550, 24550, 24550),
(490, 49400, 24600, 24600, 24600, 24600, 24600, 24600),
(491, 49500, 24650, 24650, 24650, 24650, 24650, 24650),
(492, 49600, 24700, 24700, 24700, 24700, 24700, 24700),
(493, 49700, 24750, 24750, 24750, 24750, 24750, 24750),
(494, 49800, 24800, 24800, 24800, 24800, 24800, 24800),
(495, 49900, 24850, 24850, 24850, 24850, 24850, 24850),
(496, 50000, 24900, 24900, 24900, 24900, 24900, 24900),
(497, 50100, 24950, 24950, 24950, 24950, 24950, 24950),
(498, 50200, 25000, 25000, 25000, 25000, 25000, 25000),
(499, 50300, 25050, 25050, 25050, 25050, 25050, 25050),
(500, 50400, 25100, 25100, 25100, 25100, 25100, 25100),
(501, 50500, 25150, 25150, 25150, 25150, 25150, 25150),
(502, 50600, 25200, 25200, 25200, 25200, 25200, 25200),
(503, 50700, 25250, 25250, 25250, 25250, 25250, 25250),
(504, 50800, 25300, 25300, 25300, 25300, 25300, 25300),
(505, 50900, 25350, 25350, 25350, 25350, 25350, 25350),
(506, 51000, 25400, 25400, 25400, 25400, 25400, 25400),
(507, 51100, 25450, 25450, 25450, 25450, 25450, 25450),
(508, 51200, 25500, 25500, 25500, 25500, 25500, 25500),
(509, 51300, 25550, 25550, 25550, 25550, 25550, 25550),
(510, 51400, 25600, 25600, 25600, 25600, 25600, 25600),
(511, 51500, 25650, 25650, 25650, 25650, 25650, 25650),
(512, 51600, 25700, 25700, 25700, 25700, 25700, 25700),
(513, 51700, 25750, 25750, 25750, 25750, 25750, 25750),
(514, 51800, 25800, 25800, 25800, 25800, 25800, 25800),
(515, 51900, 25850, 25850, 25850, 25850, 25850, 25850),
(516, 52000, 25900, 25900, 25900, 25900, 25900, 25900),
(517, 52100, 25950, 25950, 25950, 25950, 25950, 25950),
(518, 52200, 26000, 26000, 26000, 26000, 26000, 26000),
(519, 52300, 26050, 26050, 26050, 26050, 26050, 26050),
(520, 52400, 26100, 26100, 26100, 26100, 26100, 26100),
(521, 52500, 26150, 26150, 26150, 26150, 26150, 26150),
(522, 52600, 26200, 26200, 26200, 26200, 26200, 26200),
(523, 52700, 26250, 26250, 26250, 26250, 26250, 26250),
(524, 52800, 26300, 26300, 26300, 26300, 26300, 26300),
(525, 52900, 26350, 26350, 26350, 26350, 26350, 26350),
(526, 53000, 26400, 26400, 26400, 26400, 26400, 26400),
(527, 53100, 26450, 26450, 26450, 26450, 26450, 26450),
(528, 53200, 26500, 26500, 26500, 26500, 26500, 26500),
(529, 53300, 26550, 26550, 26550, 26550, 26550, 26550),
(530, 53400, 26600, 26600, 26600, 26600, 26600, 26600),
(531, 53500, 26650, 26650, 26650, 26650, 26650, 26650),
(532, 53600, 26700, 26700, 26700, 26700, 26700, 26700),
(533, 53700, 26750, 26750, 26750, 26750, 26750, 26750),
(534, 53800, 26800, 26800, 26800, 26800, 26800, 26800),
(535, 53900, 26850, 26850, 26850, 26850, 26850, 26850),
(536, 54000, 26900, 26900, 26900, 26900, 26900, 26900),
(537, 54100, 26950, 26950, 26950, 26950, 26950, 26950),
(538, 54200, 27000, 27000, 27000, 27000, 27000, 27000),
(539, 54300, 27050, 27050, 27050, 27050, 27050, 27050),
(540, 54400, 27100, 27100, 27100, 27100, 27100, 27100),
(541, 54500, 27150, 27150, 27150, 27150, 27150, 27150),
(542, 54600, 27200, 27200, 27200, 27200, 27200, 27200),
(543, 54700, 27250, 27250, 27250, 27250, 27250, 27250),
(544, 54800, 27300, 27300, 27300, 27300, 27300, 27300),
(545, 54900, 27350, 27350, 27350, 27350, 27350, 27350),
(546, 55000, 27400, 27400, 27400, 27400, 27400, 27400),
(547, 55100, 27450, 27450, 27450, 27450, 27450, 27450),
(548, 55200, 27500, 27500, 27500, 27500, 27500, 27500),
(549, 55300, 27550, 27550, 27550, 27550, 27550, 27550),
(550, 55400, 27600, 27600, 27600, 27600, 27600, 27600),
(551, 55500, 27650, 27650, 27650, 27650, 27650, 27650),
(552, 55600, 27700, 27700, 27700, 27700, 27700, 27700),
(553, 55700, 27750, 27750, 27750, 27750, 27750, 27750),
(554, 55800, 27800, 27800, 27800, 27800, 27800, 27800),
(555, 55900, 27850, 27850, 27850, 27850, 27850, 27850),
(556, 56000, 27900, 27900, 27900, 27900, 27900, 27900),
(557, 56100, 27950, 27950, 27950, 27950, 27950, 27950),
(558, 56200, 28000, 28000, 28000, 28000, 28000, 28000),
(559, 56300, 28050, 28050, 28050, 28050, 28050, 28050),
(560, 56400, 28100, 28100, 28100, 28100, 28100, 28100),
(561, 56500, 28150, 28150, 28150, 28150, 28150, 28150),
(562, 56600, 28200, 28200, 28200, 28200, 28200, 28200),
(563, 56700, 28250, 28250, 28250, 28250, 28250, 28250),
(564, 56800, 28300, 28300, 28300, 28300, 28300, 28300),
(565, 56900, 28350, 28350, 28350, 28350, 28350, 28350),
(566, 57000, 28400, 28400, 28400, 28400, 28400, 28400),
(567, 57100, 28450, 28450, 28450, 28450, 28450, 28450),
(568, 57200, 28500, 28500, 28500, 28500, 28500, 28500),
(569, 57300, 28550, 28550, 28550, 28550, 28550, 28550),
(570, 57400, 28600, 28600, 28600, 28600, 28600, 28600),
(571, 57500, 28650, 28650, 28650, 28650, 28650, 28650),
(572, 57600, 28700, 28700, 28700, 28700, 28700, 28700),
(573, 57700, 28750, 28750, 28750, 28750, 28750, 28750),
(574, 57800, 28800, 28800, 28800, 28800, 28800, 28800),
(575, 57900, 28850, 28850, 28850, 28850, 28850, 28850),
(576, 58000, 28900, 28900, 28900, 28900, 28900, 28900),
(577, 58100, 28950, 28950, 28950, 28950, 28950, 28950),
(578, 58200, 29000, 29000, 29000, 29000, 29000, 29000),
(579, 58300, 29050, 29050, 29050, 29050, 29050, 29050),
(580, 58400, 29100, 29100, 29100, 29100, 29100, 29100),
(581, 58500, 29150, 29150, 29150, 29150, 29150, 29150),
(582, 58600, 29200, 29200, 29200, 29200, 29200, 29200),
(583, 58700, 29250, 29250, 29250, 29250, 29250, 29250),
(584, 58800, 29300, 29300, 29300, 29300, 29300, 29300),
(585, 58900, 29350, 29350, 29350, 29350, 29350, 29350),
(586, 59000, 29400, 29400, 29400, 29400, 29400, 29400),
(587, 59100, 29450, 29450, 29450, 29450, 29450, 29450),
(588, 59200, 29500, 29500, 29500, 29500, 29500, 29500),
(589, 59300, 29550, 29550, 29550, 29550, 29550, 29550),
(590, 59400, 29600, 29600, 29600, 29600, 29600, 29600),
(591, 59500, 29650, 29650, 29650, 29650, 29650, 29650),
(592, 59600, 29700, 29700, 29700, 29700, 29700, 29700),
(593, 59700, 29750, 29750, 29750, 29750, 29750, 29750),
(594, 59800, 29800, 29800, 29800, 29800, 29800, 29800),
(595, 59900, 29850, 29850, 29850, 29850, 29850, 29850),
(596, 60000, 29900, 29900, 29900, 29900, 29900, 29900),
(597, 60100, 29950, 29950, 29950, 29950, 29950, 29950),
(598, 60200, 30000, 30000, 30000, 30000, 30000, 30000),
(599, 60300, 30050, 30050, 30050, 30050, 30050, 30050),
(600, 60400, 30100, 30100, 30100, 30100, 30100, 30100),
(601, 60500, 30150, 30150, 30150, 30150, 30150, 30150),
(602, 60600, 30200, 30200, 30200, 30200, 30200, 30200),
(603, 60700, 30250, 30250, 30250, 30250, 30250, 30250),
(604, 60800, 30300, 30300, 30300, 30300, 30300, 30300),
(605, 60900, 30350, 30350, 30350, 30350, 30350, 30350),
(606, 61000, 30400, 30400, 30400, 30400, 30400, 30400),
(607, 61100, 30450, 30450, 30450, 30450, 30450, 30450),
(608, 61200, 30500, 30500, 30500, 30500, 30500, 30500),
(609, 61300, 30550, 30550, 30550, 30550, 30550, 30550),
(610, 61400, 30600, 30600, 30600, 30600, 30600, 30600),
(611, 61500, 30650, 30650, 30650, 30650, 30650, 30650),
(612, 61600, 30700, 30700, 30700, 30700, 30700, 30700),
(613, 61700, 30750, 30750, 30750, 30750, 30750, 30750),
(614, 61800, 30800, 30800, 30800, 30800, 30800, 30800),
(615, 61900, 30850, 30850, 30850, 30850, 30850, 30850),
(616, 62000, 30900, 30900, 30900, 30900, 30900, 30900),
(617, 62100, 30950, 30950, 30950, 30950, 30950, 30950),
(618, 62200, 31000, 31000, 31000, 31000, 31000, 31000),
(619, 62300, 31050, 31050, 31050, 31050, 31050, 31050),
(620, 62400, 31100, 31100, 31100, 31100, 31100, 31100),
(621, 62500, 31150, 31150, 31150, 31150, 31150, 31150),
(622, 62600, 31200, 31200, 31200, 31200, 31200, 31200),
(623, 62700, 31250, 31250, 31250, 31250, 31250, 31250),
(624, 62800, 31300, 31300, 31300, 31300, 31300, 31300),
(625, 62900, 31350, 31350, 31350, 31350, 31350, 31350),
(626, 63000, 31400, 31400, 31400, 31400, 31400, 31400),
(627, 63100, 31450, 31450, 31450, 31450, 31450, 31450),
(628, 63200, 31500, 31500, 31500, 31500, 31500, 31500),
(629, 63300, 31550, 31550, 31550, 31550, 31550, 31550),
(630, 63400, 31600, 31600, 31600, 31600, 31600, 31600),
(631, 63500, 31650, 31650, 31650, 31650, 31650, 31650),
(632, 63600, 31700, 31700, 31700, 31700, 31700, 31700),
(633, 63700, 31750, 31750, 31750, 31750, 31750, 31750),
(634, 63800, 31800, 31800, 31800, 31800, 31800, 31800),
(635, 63900, 31850, 31850, 31850, 31850, 31850, 31850),
(636, 64000, 31900, 31900, 31900, 31900, 31900, 31900),
(637, 64100, 31950, 31950, 31950, 31950, 31950, 31950),
(638, 64200, 32000, 32000, 32000, 32000, 32000, 32000),
(639, 64300, 32050, 32050, 32050, 32050, 32050, 32050),
(640, 64400, 32100, 32100, 32100, 32100, 32100, 32100),
(641, 64500, 32150, 32150, 32150, 32150, 32150, 32150),
(642, 64600, 32200, 32200, 32200, 32200, 32200, 32200),
(643, 64700, 32250, 32250, 32250, 32250, 32250, 32250),
(644, 64800, 32300, 32300, 32300, 32300, 32300, 32300),
(645, 64900, 32350, 32350, 32350, 32350, 32350, 32350),
(646, 65000, 32400, 32400, 32400, 32400, 32400, 32400),
(647, 65100, 32450, 32450, 32450, 32450, 32450, 32450),
(648, 65200, 32500, 32500, 32500, 32500, 32500, 32500),
(649, 65300, 32550, 32550, 32550, 32550, 32550, 32550),
(650, 65400, 32600, 32600, 32600, 32600, 32600, 32600),
(651, 65500, 32650, 32650, 32650, 32650, 32650, 32650),
(652, 65600, 32700, 32700, 32700, 32700, 32700, 32700),
(653, 65700, 32750, 32750, 32750, 32750, 32750, 32750),
(654, 65800, 32800, 32800, 32800, 32800, 32800, 32800),
(655, 65900, 32850, 32850, 32850, 32850, 32850, 32850),
(656, 66000, 32900, 32900, 32900, 32900, 32900, 32900),
(657, 66100, 32950, 32950, 32950, 32950, 32950, 32950),
(658, 66200, 33000, 33000, 33000, 33000, 33000, 33000),
(659, 66300, 33050, 33050, 33050, 33050, 33050, 33050),
(660, 66400, 33100, 33100, 33100, 33100, 33100, 33100),
(661, 66500, 33150, 33150, 33150, 33150, 33150, 33150),
(662, 66600, 33200, 33200, 33200, 33200, 33200, 33200),
(663, 66700, 33250, 33250, 33250, 33250, 33250, 33250),
(664, 66800, 33300, 33300, 33300, 33300, 33300, 33300),
(665, 66900, 33350, 33350, 33350, 33350, 33350, 33350),
(666, 67000, 33400, 33400, 33400, 33400, 33400, 33400),
(667, 67100, 33450, 33450, 33450, 33450, 33450, 33450),
(668, 67200, 33500, 33500, 33500, 33500, 33500, 33500),
(669, 67300, 33550, 33550, 33550, 33550, 33550, 33550),
(670, 67400, 33600, 33600, 33600, 33600, 33600, 33600),
(671, 67500, 33650, 33650, 33650, 33650, 33650, 33650),
(672, 67600, 33700, 33700, 33700, 33700, 33700, 33700),
(673, 67700, 33750, 33750, 33750, 33750, 33750, 33750),
(674, 67800, 33800, 33800, 33800, 33800, 33800, 33800),
(675, 67900, 33850, 33850, 33850, 33850, 33850, 33850),
(676, 68000, 33900, 33900, 33900, 33900, 33900, 33900),
(677, 68100, 33950, 33950, 33950, 33950, 33950, 33950),
(678, 68200, 34000, 34000, 34000, 34000, 34000, 34000),
(679, 68300, 34050, 34050, 34050, 34050, 34050, 34050),
(680, 68400, 34100, 34100, 34100, 34100, 34100, 34100),
(681, 68500, 34150, 34150, 34150, 34150, 34150, 34150),
(682, 68600, 34200, 34200, 34200, 34200, 34200, 34200),
(683, 68700, 34250, 34250, 34250, 34250, 34250, 34250),
(684, 68800, 34300, 34300, 34300, 34300, 34300, 34300),
(685, 68900, 34350, 34350, 34350, 34350, 34350, 34350),
(686, 69000, 34400, 34400, 34400, 34400, 34400, 34400),
(687, 69100, 34450, 34450, 34450, 34450, 34450, 34450),
(688, 69200, 34500, 34500, 34500, 34500, 34500, 34500),
(689, 69300, 34550, 34550, 34550, 34550, 34550, 34550),
(690, 69400, 34600, 34600, 34600, 34600, 34600, 34600),
(691, 69500, 34650, 34650, 34650, 34650, 34650, 34650),
(692, 69600, 34700, 34700, 34700, 34700, 34700, 34700),
(693, 69700, 34750, 34750, 34750, 34750, 34750, 34750),
(694, 69800, 34800, 34800, 34800, 34800, 34800, 34800),
(695, 69900, 34850, 34850, 34850, 34850, 34850, 34850),
(696, 70000, 34900, 34900, 34900, 34900, 34900, 34900),
(697, 70100, 34950, 34950, 34950, 34950, 34950, 34950),
(698, 70200, 35000, 35000, 35000, 35000, 35000, 35000),
(699, 70300, 35050, 35050, 35050, 35050, 35050, 35050),
(700, 70400, 35100, 35100, 35100, 35100, 35100, 35100),
(701, 70500, 35150, 35150, 35150, 35150, 35150, 35150),
(702, 70600, 35200, 35200, 35200, 35200, 35200, 35200),
(703, 70700, 35250, 35250, 35250, 35250, 35250, 35250),
(704, 70800, 35300, 35300, 35300, 35300, 35300, 35300),
(705, 70900, 35350, 35350, 35350, 35350, 35350, 35350),
(706, 71000, 35400, 35400, 35400, 35400, 35400, 35400),
(707, 71100, 35450, 35450, 35450, 35450, 35450, 35450),
(708, 71200, 35500, 35500, 35500, 35500, 35500, 35500),
(709, 71300, 35550, 35550, 35550, 35550, 35550, 35550),
(710, 71400, 35600, 35600, 35600, 35600, 35600, 35600),
(711, 71500, 35650, 35650, 35650, 35650, 35650, 35650),
(712, 71600, 35700, 35700, 35700, 35700, 35700, 35700),
(713, 71700, 35750, 35750, 35750, 35750, 35750, 35750),
(714, 71800, 35800, 35800, 35800, 35800, 35800, 35800),
(715, 71900, 35850, 35850, 35850, 35850, 35850, 35850),
(716, 72000, 35900, 35900, 35900, 35900, 35900, 35900),
(717, 72100, 35950, 35950, 35950, 35950, 35950, 35950),
(718, 72200, 36000, 36000, 36000, 36000, 36000, 36000),
(719, 72300, 36050, 36050, 36050, 36050, 36050, 36050),
(720, 72400, 36100, 36100, 36100, 36100, 36100, 36100),
(721, 72500, 36150, 36150, 36150, 36150, 36150, 36150),
(722, 72600, 36200, 36200, 36200, 36200, 36200, 36200),
(723, 72700, 36250, 36250, 36250, 36250, 36250, 36250),
(724, 72800, 36300, 36300, 36300, 36300, 36300, 36300),
(725, 72900, 36350, 36350, 36350, 36350, 36350, 36350),
(726, 73000, 36400, 36400, 36400, 36400, 36400, 36400),
(727, 73100, 36450, 36450, 36450, 36450, 36450, 36450),
(728, 73200, 36500, 36500, 36500, 36500, 36500, 36500),
(729, 73300, 36550, 36550, 36550, 36550, 36550, 36550),
(730, 73400, 36600, 36600, 36600, 36600, 36600, 36600),
(731, 73500, 36650, 36650, 36650, 36650, 36650, 36650),
(732, 73600, 36700, 36700, 36700, 36700, 36700, 36700),
(733, 73700, 36750, 36750, 36750, 36750, 36750, 36750),
(734, 73800, 36800, 36800, 36800, 36800, 36800, 36800),
(735, 73900, 36850, 36850, 36850, 36850, 36850, 36850),
(736, 74000, 36900, 36900, 36900, 36900, 36900, 36900),
(737, 74100, 36950, 36950, 36950, 36950, 36950, 36950),
(738, 74200, 37000, 37000, 37000, 37000, 37000, 37000),
(739, 74300, 37050, 37050, 37050, 37050, 37050, 37050),
(740, 74400, 37100, 37100, 37100, 37100, 37100, 37100),
(741, 74500, 37150, 37150, 37150, 37150, 37150, 37150),
(742, 74600, 37200, 37200, 37200, 37200, 37200, 37200),
(743, 74700, 37250, 37250, 37250, 37250, 37250, 37250),
(744, 74800, 37300, 37300, 37300, 37300, 37300, 37300),
(745, 74900, 37350, 37350, 37350, 37350, 37350, 37350),
(746, 75000, 37400, 37400, 37400, 37400, 37400, 37400),
(747, 75100, 37450, 37450, 37450, 37450, 37450, 37450),
(748, 75200, 37500, 37500, 37500, 37500, 37500, 37500),
(749, 75300, 37550, 37550, 37550, 37550, 37550, 37550),
(750, 75400, 37600, 37600, 37600, 37600, 37600, 37600),
(751, 75500, 37650, 37650, 37650, 37650, 37650, 37650),
(752, 75600, 37700, 37700, 37700, 37700, 37700, 37700),
(753, 75700, 37750, 37750, 37750, 37750, 37750, 37750),
(754, 75800, 37800, 37800, 37800, 37800, 37800, 37800),
(755, 75900, 37850, 37850, 37850, 37850, 37850, 37850),
(756, 76000, 37900, 37900, 37900, 37900, 37900, 37900),
(757, 76100, 37950, 37950, 37950, 37950, 37950, 37950),
(758, 76200, 38000, 38000, 38000, 38000, 38000, 38000),
(759, 76300, 38050, 38050, 38050, 38050, 38050, 38050),
(760, 76400, 38100, 38100, 38100, 38100, 38100, 38100),
(761, 76500, 38150, 38150, 38150, 38150, 38150, 38150),
(762, 76600, 38200, 38200, 38200, 38200, 38200, 38200),
(763, 76700, 38250, 38250, 38250, 38250, 38250, 38250),
(764, 76800, 38300, 38300, 38300, 38300, 38300, 38300),
(765, 76900, 38350, 38350, 38350, 38350, 38350, 38350),
(766, 77000, 38400, 38400, 38400, 38400, 38400, 38400),
(767, 77100, 38450, 38450, 38450, 38450, 38450, 38450),
(768, 77200, 38500, 38500, 38500, 38500, 38500, 38500),
(769, 77300, 38550, 38550, 38550, 38550, 38550, 38550),
(770, 77400, 38600, 38600, 38600, 38600, 38600, 38600),
(771, 77500, 38650, 38650, 38650, 38650, 38650, 38650),
(772, 77600, 38700, 38700, 38700, 38700, 38700, 38700),
(773, 77700, 38750, 38750, 38750, 38750, 38750, 38750),
(774, 77800, 38800, 38800, 38800, 38800, 38800, 38800),
(775, 77900, 38850, 38850, 38850, 38850, 38850, 38850),
(776, 78000, 38900, 38900, 38900, 38900, 38900, 38900),
(777, 78100, 38950, 38950, 38950, 38950, 38950, 38950),
(778, 78200, 39000, 39000, 39000, 39000, 39000, 39000),
(779, 78300, 39050, 39050, 39050, 39050, 39050, 39050),
(780, 78400, 39100, 39100, 39100, 39100, 39100, 39100),
(781, 78500, 39150, 39150, 39150, 39150, 39150, 39150),
(782, 78600, 39200, 39200, 39200, 39200, 39200, 39200),
(783, 78700, 39250, 39250, 39250, 39250, 39250, 39250),
(784, 78800, 39300, 39300, 39300, 39300, 39300, 39300),
(785, 78900, 39350, 39350, 39350, 39350, 39350, 39350),
(786, 79000, 39400, 39400, 39400, 39400, 39400, 39400),
(787, 79100, 39450, 39450, 39450, 39450, 39450, 39450),
(788, 79200, 39500, 39500, 39500, 39500, 39500, 39500),
(789, 79300, 39550, 39550, 39550, 39550, 39550, 39550),
(790, 79400, 39600, 39600, 39600, 39600, 39600, 39600),
(791, 79500, 39650, 39650, 39650, 39650, 39650, 39650),
(792, 79600, 39700, 39700, 39700, 39700, 39700, 39700),
(793, 79700, 39750, 39750, 39750, 39750, 39750, 39750),
(794, 79800, 39800, 39800, 39800, 39800, 39800, 39800),
(795, 79900, 39850, 39850, 39850, 39850, 39850, 39850),
(796, 80000, 39900, 39900, 39900, 39900, 39900, 39900),
(797, 80100, 39950, 39950, 39950, 39950, 39950, 39950),
(798, 80200, 40000, 40000, 40000, 40000, 40000, 40000),
(799, 80300, 40050, 40050, 40050, 40050, 40050, 40050),
(800, 80400, 40100, 40100, 40100, 40100, 40100, 40100),
(801, 80500, 40150, 40150, 40150, 40150, 40150, 40150),
(802, 80600, 40200, 40200, 40200, 40200, 40200, 40200),
(803, 80700, 40250, 40250, 40250, 40250, 40250, 40250),
(804, 80800, 40300, 40300, 40300, 40300, 40300, 40300),
(805, 80900, 40350, 40350, 40350, 40350, 40350, 40350),
(806, 81000, 40400, 40400, 40400, 40400, 40400, 40400),
(807, 81100, 40450, 40450, 40450, 40450, 40450, 40450),
(808, 81200, 40500, 40500, 40500, 40500, 40500, 40500),
(809, 81300, 40550, 40550, 40550, 40550, 40550, 40550),
(810, 81400, 40600, 40600, 40600, 40600, 40600, 40600),
(811, 81500, 40650, 40650, 40650, 40650, 40650, 40650),
(812, 81600, 40700, 40700, 40700, 40700, 40700, 40700),
(813, 81700, 40750, 40750, 40750, 40750, 40750, 40750),
(814, 81800, 40800, 40800, 40800, 40800, 40800, 40800),
(815, 81900, 40850, 40850, 40850, 40850, 40850, 40850),
(816, 82000, 40900, 40900, 40900, 40900, 40900, 40900),
(817, 82100, 40950, 40950, 40950, 40950, 40950, 40950),
(818, 82200, 41000, 41000, 41000, 41000, 41000, 41000),
(819, 82300, 41050, 41050, 41050, 41050, 41050, 41050),
(820, 82400, 41100, 41100, 41100, 41100, 41100, 41100),
(821, 82500, 41150, 41150, 41150, 41150, 41150, 41150),
(822, 82600, 41200, 41200, 41200, 41200, 41200, 41200),
(823, 82700, 41250, 41250, 41250, 41250, 41250, 41250),
(824, 82800, 41300, 41300, 41300, 41300, 41300, 41300),
(825, 82900, 41350, 41350, 41350, 41350, 41350, 41350),
(826, 83000, 41400, 41400, 41400, 41400, 41400, 41400),
(827, 83100, 41450, 41450, 41450, 41450, 41450, 41450),
(828, 83200, 41500, 41500, 41500, 41500, 41500, 41500),
(829, 83300, 41550, 41550, 41550, 41550, 41550, 41550),
(830, 83400, 41600, 41600, 41600, 41600, 41600, 41600),
(831, 83500, 41650, 41650, 41650, 41650, 41650, 41650),
(832, 83600, 41700, 41700, 41700, 41700, 41700, 41700),
(833, 83700, 41750, 41750, 41750, 41750, 41750, 41750),
(834, 83800, 41800, 41800, 41800, 41800, 41800, 41800),
(835, 83900, 41850, 41850, 41850, 41850, 41850, 41850),
(836, 84000, 41900, 41900, 41900, 41900, 41900, 41900),
(837, 84100, 41950, 41950, 41950, 41950, 41950, 41950),
(838, 84200, 42000, 42000, 42000, 42000, 42000, 42000),
(839, 84300, 42050, 42050, 42050, 42050, 42050, 42050),
(840, 84400, 42100, 42100, 42100, 42100, 42100, 42100),
(841, 84500, 42150, 42150, 42150, 42150, 42150, 42150),
(842, 84600, 42200, 42200, 42200, 42200, 42200, 42200),
(843, 84700, 42250, 42250, 42250, 42250, 42250, 42250),
(844, 84800, 42300, 42300, 42300, 42300, 42300, 42300),
(845, 84900, 42350, 42350, 42350, 42350, 42350, 42350),
(846, 85000, 42400, 42400, 42400, 42400, 42400, 42400),
(847, 85100, 42450, 42450, 42450, 42450, 42450, 42450),
(848, 85200, 42500, 42500, 42500, 42500, 42500, 42500),
(849, 85300, 42550, 42550, 42550, 42550, 42550, 42550),
(850, 85400, 42600, 42600, 42600, 42600, 42600, 42600),
(851, 85500, 42650, 42650, 42650, 42650, 42650, 42650),
(852, 85600, 42700, 42700, 42700, 42700, 42700, 42700),
(853, 85700, 42750, 42750, 42750, 42750, 42750, 42750),
(854, 85800, 42800, 42800, 42800, 42800, 42800, 42800),
(855, 85900, 42850, 42850, 42850, 42850, 42850, 42850),
(856, 86000, 42900, 42900, 42900, 42900, 42900, 42900),
(857, 86100, 42950, 42950, 42950, 42950, 42950, 42950),
(858, 86200, 43000, 43000, 43000, 43000, 43000, 43000),
(859, 86300, 43050, 43050, 43050, 43050, 43050, 43050),
(860, 86400, 43100, 43100, 43100, 43100, 43100, 43100),
(861, 86500, 43150, 43150, 43150, 43150, 43150, 43150),
(862, 86600, 43200, 43200, 43200, 43200, 43200, 43200),
(863, 86700, 43250, 43250, 43250, 43250, 43250, 43250),
(864, 86800, 43300, 43300, 43300, 43300, 43300, 43300),
(865, 86900, 43350, 43350, 43350, 43350, 43350, 43350),
(866, 87000, 43400, 43400, 43400, 43400, 43400, 43400),
(867, 87100, 43450, 43450, 43450, 43450, 43450, 43450),
(868, 87200, 43500, 43500, 43500, 43500, 43500, 43500),
(869, 87300, 43550, 43550, 43550, 43550, 43550, 43550),
(870, 87400, 43600, 43600, 43600, 43600, 43600, 43600),
(871, 87500, 43650, 43650, 43650, 43650, 43650, 43650),
(872, 87600, 43700, 43700, 43700, 43700, 43700, 43700),
(873, 87700, 43750, 43750, 43750, 43750, 43750, 43750),
(874, 87800, 43800, 43800, 43800, 43800, 43800, 43800),
(875, 87900, 43850, 43850, 43850, 43850, 43850, 43850),
(876, 88000, 43900, 43900, 43900, 43900, 43900, 43900),
(877, 88100, 43950, 43950, 43950, 43950, 43950, 43950),
(878, 88200, 44000, 44000, 44000, 44000, 44000, 44000),
(879, 88300, 44050, 44050, 44050, 44050, 44050, 44050),
(880, 88400, 44100, 44100, 44100, 44100, 44100, 44100),
(881, 88500, 44150, 44150, 44150, 44150, 44150, 44150),
(882, 88600, 44200, 44200, 44200, 44200, 44200, 44200),
(883, 88700, 44250, 44250, 44250, 44250, 44250, 44250),
(884, 88800, 44300, 44300, 44300, 44300, 44300, 44300),
(885, 88900, 44350, 44350, 44350, 44350, 44350, 44350),
(886, 89000, 44400, 44400, 44400, 44400, 44400, 44400),
(887, 89100, 44450, 44450, 44450, 44450, 44450, 44450),
(888, 89200, 44500, 44500, 44500, 44500, 44500, 44500),
(889, 89300, 44550, 44550, 44550, 44550, 44550, 44550),
(890, 89400, 44600, 44600, 44600, 44600, 44600, 44600),
(891, 89500, 44650, 44650, 44650, 44650, 44650, 44650),
(892, 89600, 44700, 44700, 44700, 44700, 44700, 44700),
(893, 89700, 44750, 44750, 44750, 44750, 44750, 44750),
(894, 89800, 44800, 44800, 44800, 44800, 44800, 44800),
(895, 89900, 44850, 44850, 44850, 44850, 44850, 44850),
(896, 90000, 44900, 44900, 44900, 44900, 44900, 44900),
(897, 90100, 44950, 44950, 44950, 44950, 44950, 44950),
(898, 90200, 45000, 45000, 45000, 45000, 45000, 45000),
(899, 90300, 45050, 45050, 45050, 45050, 45050, 45050),
(900, 90400, 45100, 45100, 45100, 45100, 45100, 45100),
(901, 90500, 45150, 45150, 45150, 45150, 45150, 45150),
(902, 90600, 45200, 45200, 45200, 45200, 45200, 45200),
(903, 90700, 45250, 45250, 45250, 45250, 45250, 45250),
(904, 90800, 45300, 45300, 45300, 45300, 45300, 45300),
(905, 90900, 45350, 45350, 45350, 45350, 45350, 45350),
(906, 91000, 45400, 45400, 45400, 45400, 45400, 45400),
(907, 91100, 45450, 45450, 45450, 45450, 45450, 45450),
(908, 91200, 45500, 45500, 45500, 45500, 45500, 45500),
(909, 91300, 45550, 45550, 45550, 45550, 45550, 45550),
(910, 91400, 45600, 45600, 45600, 45600, 45600, 45600),
(911, 91500, 45650, 45650, 45650, 45650, 45650, 45650),
(912, 91600, 45700, 45700, 45700, 45700, 45700, 45700),
(913, 91700, 45750, 45750, 45750, 45750, 45750, 45750),
(914, 91800, 45800, 45800, 45800, 45800, 45800, 45800),
(915, 91900, 45850, 45850, 45850, 45850, 45850, 45850),
(916, 92000, 45900, 45900, 45900, 45900, 45900, 45900),
(917, 92100, 45950, 45950, 45950, 45950, 45950, 45950),
(918, 92200, 46000, 46000, 46000, 46000, 46000, 46000),
(919, 92300, 46050, 46050, 46050, 46050, 46050, 46050),
(920, 92400, 46100, 46100, 46100, 46100, 46100, 46100),
(921, 92500, 46150, 46150, 46150, 46150, 46150, 46150),
(922, 92600, 46200, 46200, 46200, 46200, 46200, 46200),
(923, 92700, 46250, 46250, 46250, 46250, 46250, 46250),
(924, 92800, 46300, 46300, 46300, 46300, 46300, 46300),
(925, 92900, 46350, 46350, 46350, 46350, 46350, 46350),
(926, 93000, 46400, 46400, 46400, 46400, 46400, 46400),
(927, 93100, 46450, 46450, 46450, 46450, 46450, 46450),
(928, 93200, 46500, 46500, 46500, 46500, 46500, 46500),
(929, 93300, 46550, 46550, 46550, 46550, 46550, 46550),
(930, 93400, 46600, 46600, 46600, 46600, 46600, 46600),
(931, 93500, 46650, 46650, 46650, 46650, 46650, 46650),
(932, 93600, 46700, 46700, 46700, 46700, 46700, 46700),
(933, 93700, 46750, 46750, 46750, 46750, 46750, 46750),
(934, 93800, 46800, 46800, 46800, 46800, 46800, 46800),
(935, 93900, 46850, 46850, 46850, 46850, 46850, 46850),
(936, 94000, 46900, 46900, 46900, 46900, 46900, 46900),
(937, 94100, 46950, 46950, 46950, 46950, 46950, 46950),
(938, 94200, 47000, 47000, 47000, 47000, 47000, 47000),
(939, 94300, 47050, 47050, 47050, 47050, 47050, 47050),
(940, 94400, 47100, 47100, 47100, 47100, 47100, 47100),
(941, 94500, 47150, 47150, 47150, 47150, 47150, 47150),
(942, 94600, 47200, 47200, 47200, 47200, 47200, 47200),
(943, 94700, 47250, 47250, 47250, 47250, 47250, 47250),
(944, 94800, 47300, 47300, 47300, 47300, 47300, 47300),
(945, 94900, 47350, 47350, 47350, 47350, 47350, 47350),
(946, 95000, 47400, 47400, 47400, 47400, 47400, 47400),
(947, 95100, 47450, 47450, 47450, 47450, 47450, 47450),
(948, 95200, 47500, 47500, 47500, 47500, 47500, 47500),
(949, 95300, 47550, 47550, 47550, 47550, 47550, 47550),
(950, 95400, 47600, 47600, 47600, 47600, 47600, 47600),
(951, 95500, 47650, 47650, 47650, 47650, 47650, 47650);
INSERT INTO `status_growth_table` (`level`, `hp_max`, `strength`, `vitality`, `intelligence`, `speed`, `luck`, `charisma`) VALUES
(952, 95600, 47700, 47700, 47700, 47700, 47700, 47700),
(953, 95700, 47750, 47750, 47750, 47750, 47750, 47750),
(954, 95800, 47800, 47800, 47800, 47800, 47800, 47800),
(955, 95900, 47850, 47850, 47850, 47850, 47850, 47850),
(956, 96000, 47900, 47900, 47900, 47900, 47900, 47900),
(957, 96100, 47950, 47950, 47950, 47950, 47950, 47950),
(958, 96200, 48000, 48000, 48000, 48000, 48000, 48000),
(959, 96300, 48050, 48050, 48050, 48050, 48050, 48050),
(960, 96400, 48100, 48100, 48100, 48100, 48100, 48100),
(961, 96500, 48150, 48150, 48150, 48150, 48150, 48150),
(962, 96600, 48200, 48200, 48200, 48200, 48200, 48200),
(963, 96700, 48250, 48250, 48250, 48250, 48250, 48250),
(964, 96800, 48300, 48300, 48300, 48300, 48300, 48300),
(965, 96900, 48350, 48350, 48350, 48350, 48350, 48350),
(966, 97000, 48400, 48400, 48400, 48400, 48400, 48400),
(967, 97100, 48450, 48450, 48450, 48450, 48450, 48450),
(968, 97200, 48500, 48500, 48500, 48500, 48500, 48500),
(969, 97300, 48550, 48550, 48550, 48550, 48550, 48550),
(970, 97400, 48600, 48600, 48600, 48600, 48600, 48600),
(971, 97500, 48650, 48650, 48650, 48650, 48650, 48650),
(972, 97600, 48700, 48700, 48700, 48700, 48700, 48700),
(973, 97700, 48750, 48750, 48750, 48750, 48750, 48750),
(974, 97800, 48800, 48800, 48800, 48800, 48800, 48800),
(975, 97900, 48850, 48850, 48850, 48850, 48850, 48850),
(976, 98000, 48900, 48900, 48900, 48900, 48900, 48900),
(977, 98100, 48950, 48950, 48950, 48950, 48950, 48950),
(978, 98200, 49000, 49000, 49000, 49000, 49000, 49000),
(979, 98300, 49050, 49050, 49050, 49050, 49050, 49050),
(980, 98400, 49100, 49100, 49100, 49100, 49100, 49100),
(981, 98500, 49150, 49150, 49150, 49150, 49150, 49150),
(982, 98600, 49200, 49200, 49200, 49200, 49200, 49200),
(983, 98700, 49250, 49250, 49250, 49250, 49250, 49250),
(984, 98800, 49300, 49300, 49300, 49300, 49300, 49300),
(985, 98900, 49350, 49350, 49350, 49350, 49350, 49350),
(986, 99000, 49400, 49400, 49400, 49400, 49400, 49400),
(987, 99100, 49450, 49450, 49450, 49450, 49450, 49450),
(988, 99200, 49500, 49500, 49500, 49500, 49500, 49500),
(989, 99300, 49550, 49550, 49550, 49550, 49550, 49550),
(990, 99400, 49600, 49600, 49600, 49600, 49600, 49600),
(991, 99500, 49650, 49650, 49650, 49650, 49650, 49650),
(992, 99600, 49700, 49700, 49700, 49700, 49700, 49700),
(993, 99700, 49750, 49750, 49750, 49750, 49750, 49750),
(994, 99800, 49800, 49800, 49800, 49800, 49800, 49800),
(995, 99900, 49850, 49850, 49850, 49850, 49850, 49850),
(996, 100000, 49900, 49900, 49900, 49900, 49900, 49900),
(997, 100100, 49950, 49950, 49950, 49950, 49950, 49950),
(998, 100200, 50000, 50000, 50000, 50000, 50000, 50000),
(999, 100300, 50050, 50050, 50050, 50050, 50050, 50050),
(1000, 100400, 50100, 50100, 50100, 50100, 50100, 50100);

--
-- ダンプしたテーブルのインデックス
--

--
-- テーブルのインデックス `avatar_growth_table`
--
ALTER TABLE `avatar_growth_table`
  ADD PRIMARY KEY (`level`);

--
-- テーブルのインデックス `commands`
--
ALTER TABLE `commands`
  ADD PRIMARY KEY (`command_id`);

--
-- テーブルのインデックス `dungeons`
--
ALTER TABLE `dungeons`
  ADD PRIMARY KEY (`id`);

--
-- テーブルのインデックス `dungeon_floors`
--
ALTER TABLE `dungeon_floors`
  ADD PRIMARY KEY (`floor_id`),
  ADD KEY `dungeon_id` (`dungeon_id`);

--
-- テーブルのインデックス `experience_table`
--
ALTER TABLE `experience_table`
  ADD PRIMARY KEY (`level`);

--
-- テーブルのインデックス `floor_monsters`
--
ALTER TABLE `floor_monsters`
  ADD PRIMARY KEY (`dungeon_id`,`monster_id`),
  ADD KEY `monster_id` (`monster_id`);

--
-- テーブルのインデックス `items`
--
ALTER TABLE `items`
  ADD PRIMARY KEY (`id`);

--
-- テーブルのインデックス `monsters`
--
ALTER TABLE `monsters`
  ADD PRIMARY KEY (`id`);

--
-- テーブルのインデックス `monster_drops`
--
ALTER TABLE `monster_drops`
  ADD PRIMARY KEY (`id`),
  ADD KEY `monster_id` (`monster_id`),
  ADD KEY `item_id` (`item_id`);

--
-- テーブルのインデックス `news`
--
ALTER TABLE `news`
  ADD PRIMARY KEY (`id`);

--
-- テーブルのインデックス `players`
--
ALTER TABLE `players`
  ADD PRIMARY KEY (`player_id`),
  ADD UNIQUE KEY `name` (`name`);

--
-- テーブルのインデックス `player_inventory`
--
ALTER TABLE `player_inventory`
  ADD PRIMARY KEY (`inventory_id`),
  ADD KEY `player_id` (`player_id`),
  ADD KEY `item_id` (`item_id`);

--
-- テーブルのインデックス `player_progress`
--
ALTER TABLE `player_progress`
  ADD PRIMARY KEY (`player_id`,`dungeon_id`),
  ADD KEY `dungeon_id` (`dungeon_id`);

--
-- テーブルのインデックス `status_growth_table`
--
ALTER TABLE `status_growth_table`
  ADD PRIMARY KEY (`level`);

--
-- ダンプしたテーブルの AUTO_INCREMENT
--

--
-- テーブルの AUTO_INCREMENT `dungeons`
--
ALTER TABLE `dungeons`
  MODIFY `id` int NOT NULL AUTO_INCREMENT, AUTO_INCREMENT=21;

--
-- テーブルの AUTO_INCREMENT `dungeon_floors`
--
ALTER TABLE `dungeon_floors`
  MODIFY `floor_id` int NOT NULL AUTO_INCREMENT, AUTO_INCREMENT=201;

--
-- テーブルの AUTO_INCREMENT `items`
--
ALTER TABLE `items`
  MODIFY `id` int NOT NULL AUTO_INCREMENT, AUTO_INCREMENT=1519000004;

--
-- テーブルの AUTO_INCREMENT `monsters`
--
ALTER TABLE `monsters`
  MODIFY `id` int NOT NULL AUTO_INCREMENT, AUTO_INCREMENT=301;

--
-- テーブルの AUTO_INCREMENT `monster_drops`
--
ALTER TABLE `monster_drops`
  MODIFY `id` int NOT NULL AUTO_INCREMENT, AUTO_INCREMENT=1021;

--
-- テーブルの AUTO_INCREMENT `news`
--
ALTER TABLE `news`
  MODIFY `id` int NOT NULL AUTO_INCREMENT, AUTO_INCREMENT=2;

--
-- テーブルの AUTO_INCREMENT `players`
--
ALTER TABLE `players`
  MODIFY `player_id` int NOT NULL AUTO_INCREMENT, AUTO_INCREMENT=12;

--
-- テーブルの AUTO_INCREMENT `player_inventory`
--
ALTER TABLE `player_inventory`
  MODIFY `inventory_id` int NOT NULL AUTO_INCREMENT COMMENT '所持品固有ID', AUTO_INCREMENT=72;

--
-- ダンプしたテーブルの制約
--

--
-- テーブルの制約 `dungeon_floors`
--
ALTER TABLE `dungeon_floors`
  ADD CONSTRAINT `dungeon_floors_ibfk_1` FOREIGN KEY (`dungeon_id`) REFERENCES `dungeons` (`id`);

--
-- テーブルの制約 `floor_monsters`
--
ALTER TABLE `floor_monsters`
  ADD CONSTRAINT `floor_monsters_ibfk_1` FOREIGN KEY (`dungeon_id`) REFERENCES `dungeon_floors` (`floor_id`),
  ADD CONSTRAINT `floor_monsters_ibfk_2` FOREIGN KEY (`monster_id`) REFERENCES `monsters` (`id`);

--
-- テーブルの制約 `monster_drops`
--
ALTER TABLE `monster_drops`
  ADD CONSTRAINT `monster_drops_ibfk_1` FOREIGN KEY (`monster_id`) REFERENCES `monsters` (`id`),
  ADD CONSTRAINT `monster_drops_ibfk_2` FOREIGN KEY (`item_id`) REFERENCES `items` (`id`);

--
-- テーブルの制約 `player_inventory`
--
ALTER TABLE `player_inventory`
  ADD CONSTRAINT `player_inventory_ibfk_1` FOREIGN KEY (`player_id`) REFERENCES `players` (`player_id`),
  ADD CONSTRAINT `player_inventory_ibfk_2` FOREIGN KEY (`item_id`) REFERENCES `items` (`id`);

--
-- テーブルの制約 `player_progress`
--
ALTER TABLE `player_progress`
  ADD CONSTRAINT `player_progress_ibfk_1` FOREIGN KEY (`player_id`) REFERENCES `players` (`player_id`),
  ADD CONSTRAINT `player_progress_ibfk_2` FOREIGN KEY (`dungeon_id`) REFERENCES `dungeons` (`id`);
COMMIT;

/*!40101 SET CHARACTER_SET_CLIENT=@OLD_CHARACTER_SET_CLIENT */;
/*!40101 SET CHARACTER_SET_RESULTS=@OLD_CHARACTER_SET_RESULTS */;
/*!40101 SET COLLATION_CONNECTION=@OLD_COLLATION_CONNECTION */;
